ts,open,high,low,close,volume
2011-08-18 00:00:00,10.90,10.90,10.90,10.90,0.48990826
2011-08-19 00:00:00,11.85,11.85,11.15,11.69,1.92657814
2011-08-20 00:00:00,11.70,11.70,11.70,11.70,0.08547009
2011-08-21 00:00:00,11.70,11.70,11.70,11.70,0.08547009
2011-08-22 00:00:00,11.70,11.70,11.70,11.70,0.02863249
2011-08-23 00:00:00,11.70,11.70,11.70,11.70,0.00000000
2011-08-24 00:00:00,11.50,11.50,10.50,10.50,2.35652174
2011-08-25 00:00:00,10.00,10.00,10.00,10.00,1.10000000
2011-08-26 00:00:00,10.00,10.00,10.00,10.00,0.00000000
2011-08-27 00:00:00,10.00,10.00,10.00,10.00,0.00000000
2011-08-28 00:00:00,10.00,10.00,10.00,10.00,0.00000000
2011-08-29 00:00:00,10.00,10.00,10.00,10.00,0.00000000
2011-08-30 00:00:00,8.00,8.00,8.00,8.00,1.00000000
2011-08-31 00:00:00,8.00,8.00,8.00,8.00,0.00000000
2011-09-01 00:00:00,8.00,8.31,5.25,8.22,164.48000000
2011-09-02 00:00:00,8.12,8.88,8.00,8.88,79.76000000
2011-09-03 00:00:00,8.88,8.88,8.88,8.88,0.00000000
2011-09-04 00:00:00,8.89,8.89,8.89,8.89,0.20022497
2011-09-05 00:00:00,8.89,8.89,8.89,8.89,0.00000000
2011-09-06 00:00:00,8.00,8.00,8.00,8.00,21.00000000
2011-09-07 00:00:00,8.50,8.50,8.50,8.50,3.00000000
2011-09-08 00:00:00,7.98,7.98,7.40,7.40,6.86000000
2011-09-09 00:00:00,7.40,7.40,7.40,7.40,0.00000000
2011-09-10 00:00:00,7.40,7.40,7.40,7.40,0.00000000
2011-09-11 00:00:00,7.40,7.40,7.40,7.40,0.00000000
2011-09-12 00:00:00,7.40,7.40,7.40,7.40,0.00000000
2011-09-13 00:00:00,5.80,6.00,5.65,5.97,58.37138238
2011-09-14 00:00:00,5.58,5.72,5.52,5.53,61.14598362
2011-09-15 00:00:00,5.12,5.24,5.00,5.13,80.14079520
2011-09-16 00:00:00,4.82,4.87,4.80,4.85,39.91400680
2011-09-17 00:00:00,4.87,4.87,4.87,4.87,0.30000000
2011-09-18 00:00:00,4.87,4.92,4.81,4.92,119.81280000
2011-09-19 00:00:00,4.90,4.90,4.90,4.90,20.00000000
2011-09-20 00:00:00,4.92,5.66,4.92,5.66,89.28071068
2011-09-21 00:00:00,5.70,5.79,5.66,5.66,17.62932238
2011-09-22 00:00:00,5.68,5.72,5.68,5.72,43.77842238
2011-09-23 00:00:00,5.70,5.72,5.70,5.72,20.68003681
2011-09-24 00:00:00,5.70,5.76,5.68,5.68,90.58706633
2011-09-25 00:00:00,6.05,6.05,6.05,6.05,12.22000000
2011-09-26 00:00:00,6.06,6.06,4.80,4.80,39.57846334
2011-09-27 00:00:00,4.85,4.92,4.85,4.92,24.35450000
2011-09-28 00:00:00,4.90,4.91,4.82,4.82,83.05332580
2011-09-29 00:00:00,4.81,4.82,4.81,4.82,46.96450000
2011-09-30 00:00:00,4.82,4.82,4.82,4.82,0.00000000
2011-10-01 00:00:00,4.82,4.82,4.82,4.82,0.00000000
2011-10-02 00:00:00,4.82,4.82,4.82,4.82,0.00000000
2011-10-03 00:00:00,4.85,4.87,4.83,4.87,30.57595000
2011-10-04 00:00:00,4.86,5.30,4.80,4.98,142.52162238
2011-10-05 00:00:00,4.92,6.25,4.80,4.92,113.72000000
2011-10-06 00:00:00,4.88,4.99,4.80,4.80,170.84354937
2011-10-07 00:00:00,4.80,4.81,4.59,4.61,94.64000000
2011-10-08 00:00:00,4.57,4.57,3.99,3.99,56.00000000
2011-10-09 00:00:00,3.89,3.89,3.89,3.89,11.00000000
2011-10-10 00:00:00,3.99,4.51,3.99,4.51,132.50000000
2011-10-11 00:00:00,3.98,4.10,3.98,4.10,78.08000000
2011-10-12 00:00:00,3.95,3.99,3.93,3.93,79.52352500
2011-10-13 00:00:00,3.93,3.97,3.93,3.97,109.62176600
2011-10-14 00:00:00,4.05,4.05,4.05,4.05,96.97751266
2011-10-15 00:00:00,4.05,4.05,4.05,4.05,0.00000000
2011-10-16 00:00:00,4.05,4.05,4.05,4.05,0.00000000
2011-10-17 00:00:00,3.92,3.92,3.92,3.92,10.24000000
2011-10-18 00:00:00,3.92,3.92,3.92,3.92,0.00000000
2011-10-19 00:00:00,3.92,3.92,3.92,3.92,0.00000000
2011-10-20 00:00:00,2.22,2.29,2.22,2.24,61.97233200
2011-10-21 00:00:00,2.22,2.27,2.22,2.27,41.46334066
2011-10-22 00:00:00,2.27,2.27,2.27,2.27,0.00000000
2011-10-23 00:00:00,2.27,2.27,2.27,2.27,0.00000000
2011-10-24 00:00:00,2.99,2.99,2.92,2.92,64.54000000
2011-10-25 00:00:00,2.66,2.72,2.66,2.72,130.29932366
2011-10-26 00:00:00,2.72,3.00,2.67,2.69,268.26897266
2011-10-27 00:00:00,2.69,2.69,2.69,2.69,0.00000000
2011-10-28 00:00:00,3.07,4.36,3.07,4.20,118.37787266
2011-10-29 00:00:00,3.69,4.40,3.69,3.95,88.43242500
2011-10-30 00:00:00,3.85,3.85,3.20,3.50,116.38139500
2011-10-31 00:00:00,3.25,3.55,3.20,3.30,68.99404308
2011-11-01 00:00:00,3.32,3.33,3.32,3.33,38.77712060
2011-11-02 00:00:00,3.33,3.33,3.33,3.33,0.00000000
2011-11-03 00:00:00,3.33,3.33,3.33,3.33,0.00000000
2011-11-04 00:00:00,3.27,3.55,3.21,3.55,117.08103867
2011-11-05 00:00:00,3.21,3.21,3.00,3.00,103.51200000
2011-11-06 00:00:00,2.95,2.95,2.95,2.95,203.38800000
2011-11-07 00:00:00,2.95,2.95,2.95,2.95,0.00000000
2011-11-08 00:00:00,3.08,3.08,3.08,3.08,47.47212389
2011-11-09 00:00:00,3.09,3.30,3.09,3.30,58.86052015
2011-11-10 00:00:00,3.25,3.30,2.95,3.30,121.66777314
2011-11-11 00:00:00,3.30,3.30,3.30,3.30,65.43400000
2011-11-12 00:00:00,3.35,3.35,3.35,3.35,2.79000000
2011-11-13 00:00:00,3.35,3.35,3.35,3.35,29.48955224
2011-11-14 00:00:00,2.95,2.95,2.47,2.47,183.40000000
2011-11-15 00:00:00,2.99,3.00,2.50,2.50,97.34161180
2011-11-16 00:00:00,2.51,3.00,2.51,3.00,5.61666667
2011-11-17 00:00:00,3.00,3.00,2.50,2.99,17.01862876
2011-11-18 00:00:00,2.50,2.79,2.50,2.50,88.44000000
2011-11-19 00:00:00,2.50,2.50,2.43,2.43,48.87212355
2011-11-20 00:00:00,2.37,2.37,2.37,2.37,11.00000000
2011-11-21 00:00:00,2.45,3.00,2.25,2.25,290.52677579
2011-11-22 00:00:00,2.53,2.59,2.46,2.59,328.49334593
2011-11-23 00:00:00,2.59,2.59,2.59,2.59,0.00000000
2011-11-24 00:00:00,2.54,3.00,2.54,3.00,9.14460880
2011-11-25 00:00:00,2.50,15.00,2.50,2.75,179.78726599
2011-11-26 00:00:00,2.77,2.77,2.77,2.77,10.09025271
2011-11-27 00:00:00,2.77,2.77,2.77,2.77,0.00000000
2011-11-28 00:00:00,2.67,2.78,2.66,2.66,180.36714898
2011-11-29 00:00:00,2.69,3.23,2.69,2.72,62.46464882
2011-11-30 00:00:00,3.19,3.19,3.19,3.19,14.53918495
2011-12-01 00:00:00,3.46,3.48,3.30,3.42,233.78003348
2011-12-02 00:00:00,3.45,3.45,3.04,3.04,131.75704018
2011-12-03 00:00:00,2.93,2.93,2.93,2.93,0.50000000
2011-12-04 00:00:00,2.93,2.93,2.93,2.93,0.00000000
2011-12-05 00:00:00,2.82,2.99,2.82,2.93,207.36326560
2011-12-06 00:00:00,2.90,3.25,2.89,2.98,216.10928902
2011-12-07 00:00:00,3.05,3.35,3.05,3.30,233.20920018
2011-12-08 00:00:00,3.27,3.50,2.95,3.30,115.71772709
2011-12-09 00:00:00,3.30,3.30,3.30,3.30,0.00000000
2011-12-10 00:00:00,3.20,3.20,3.00,3.20,12.28437500
2011-12-11 00:00:00,3.17,3.37,3.17,3.27,157.77889484
2011-12-12 00:00:00,3.37,3.60,3.37,3.48,75.61897495
2011-12-13 00:00:00,3.25,3.59,3.25,3.56,66.15055522
2011-12-14 00:00:00,3.42,3.49,3.42,3.47,90.76473070
2011-12-15 00:00:00,3.39,3.45,3.39,3.45,102.74202898
2011-12-16 00:00:00,3.25,3.50,3.25,3.44,84.61300100
2011-12-17 00:00:00,3.44,3.44,3.44,3.44,0.00000000
2011-12-18 00:00:00,3.25,3.50,3.25,3.50,17.24285714
2011-12-19 00:00:00,3.50,3.98,3.50,3.85,134.73429197
2011-12-20 00:00:00,4.75,4.75,4.53,4.55,94.74335338
2011-12-21 00:00:00,4.38,4.38,4.38,4.38,20.89954338
2011-12-22 00:00:00,4.19,4.19,4.17,4.17,8.53526439
2011-12-23 00:00:00,3.86,4.35,3.84,4.22,149.49256188
2011-12-24 00:00:00,4.33,4.33,4.33,4.33,27.22479474
2011-12-25 00:00:00,4.32,4.32,4.27,4.27,24.18242300
2011-12-26 00:00:00,4.27,4.33,4.27,4.33,56.73660508
2011-12-27 00:00:00,4.33,4.33,4.29,4.29,58.07386739
2011-12-28 00:00:00,4.29,4.30,4.25,4.30,35.55011655
2011-12-29 00:00:00,4.30,4.50,4.30,4.50,36.56096221
2011-12-30 00:00:00,4.26,4.50,4.21,4.21,56.74004969
2011-12-31 00:00:00,4.39,4.58,4.39,4.58,95.31787810
2012-01-01 00:00:00,4.58,5.00,4.58,5.00,21.60200000
2012-01-02 00:00:00,5.00,5.00,5.00,5.00,19.04800000
2012-01-03 00:00:00,5.32,5.32,5.14,5.29,88.03728092
2012-01-04 00:00:00,4.93,5.57,4.93,5.57,107.23326023
2012-01-05 00:00:00,5.72,6.65,5.72,6.65,94.80182926
2012-01-06 00:00:00,6.65,6.90,6.00,6.00,33.88274671
2012-01-07 00:00:00,6.80,6.80,6.80,6.80,0.29585799
2012-01-08 00:00:00,6.90,7.00,6.90,7.00,5.00000000
2012-01-09 00:00:00,6.99,6.99,6.23,6.30,66.86932290
2012-01-10 00:00:00,6.24,7.14,6.24,7.14,62.28998018
2012-01-11 00:00:00,7.14,7.33,6.25,7.00,105.35893402
2012-01-12 00:00:00,6.95,7.38,6.51,6.51,82.30163181
2012-01-13 00:00:00,6.80,7.36,6.60,6.60,48.97014484
2012-01-14 00:00:00,6.50,6.50,6.30,6.30,16.83600000
2012-01-15 00:00:00,7.15,7.15,7.15,7.15,16.69930070
2012-01-16 00:00:00,6.20,7.10,6.20,7.10,12.64929577
2012-01-17 00:00:00,6.50,6.90,6.00,6.00,80.51400824
2012-01-18 00:00:00,5.99,7.10,5.99,7.10,133.44676912
2012-01-19 00:00:00,5.52,7.00,5.52,6.22,246.71581895
2012-01-20 00:00:00,6.90,6.95,6.55,6.95,95.82599863
2012-01-21 00:00:00,6.30,6.77,6.28,6.77,81.41385241
2012-01-22 00:00:00,6.79,6.83,6.03,6.79,81.27103303
2012-01-23 00:00:00,6.50,6.52,6.00,6.52,94.92062909
2012-01-24 00:00:00,6.52,6.57,6.00,6.55,85.44624147
2012-01-25 00:00:00,6.26,6.86,6.00,6.31,81.12325640
2012-01-26 00:00:00,6.27,6.30,5.50,5.50,29.91907058
2012-01-27 00:00:00,3.80,6.03,3.80,5.88,92.07999287
2012-01-28 00:00:00,4.91,4.91,4.91,4.91,0.25000000
2012-01-29 00:00:00,5.89,5.90,5.30,5.50,9.45484643
2012-01-30 00:00:00,5.30,5.58,5.30,5.58,15.16000000
2012-01-31 00:00:00,5.70,6.22,3.80,5.30,110.50333334
2012-02-01 00:00:00,5.53,5.99,5.52,5.88,12.05880628
2012-02-02 00:00:00,5.99,6.28,5.89,6.28,251.00093001
2012-02-03 00:00:00,6.29,6.35,5.93,6.30,155.55245320
2012-02-04 00:00:00,6.35,6.50,5.94,5.94,67.63499409
2012-02-05 00:00:00,5.93,6.15,5.60,5.60,47.85042396
2012-02-06 00:00:00,5.60,5.90,5.20,5.60,29.17833833
2012-02-07 00:00:00,5.50,5.88,5.50,5.69,165.40541896
2012-02-08 00:00:00,5.79,5.87,5.66,5.87,83.57202011
2012-02-09 00:00:00,5.52,5.89,5.51,5.89,83.60318875
2012-02-10 00:00:00,5.88,5.88,5.80,5.88,176.93050375
2012-02-11 00:00:00,5.71,5.71,5.50,5.50,1.87948780
2012-02-12 00:00:00,5.78,5.78,5.55,5.67,64.84343240
2012-02-13 00:00:00,5.53,5.79,5.50,5.79,99.78443902
2012-02-14 00:00:00,5.20,5.80,4.56,4.89,128.34493428
2012-02-15 00:00:00,4.90,5.08,4.69,4.69,67.78916535
2012-02-16 00:00:00,4.50,4.98,4.15,4.51,115.62392130
2012-02-17 00:00:00,4.67,4.80,4.50,4.67,244.67028923
2012-02-18 00:00:00,4.67,4.73,4.14,4.23,254.39025201
2012-02-19 00:00:00,4.38,4.38,4.30,4.38,92.68354434
2012-02-20 00:00:00,4.72,4.72,4.40,4.44,315.93925361
2012-02-21 00:00:00,4.52,4.58,4.30,4.58,358.44920149
2012-02-22 00:00:00,4.47,4.59,4.46,4.51,75.30876636
2012-02-23 00:00:00,4.59,5.22,4.55,5.22,714.84400933
2012-02-24 00:00:00,5.12,5.22,4.95,4.95,37.59711782
2012-02-25 00:00:00,5.11,5.11,5.00,5.00,119.80740151
2012-02-26 00:00:00,4.79,5.07,4.78,4.98,40.90000000
2012-02-27 00:00:00,4.97,5.10,4.95,5.04,309.05231411
2012-02-28 00:00:00,5.09,5.10,4.71,4.88,440.24138707
2012-02-29 00:00:00,4.97,5.00,4.85,4.99,242.23784635
2012-03-01 00:00:00,4.99,5.05,4.90,5.00,291.16358119
2012-03-02 00:00:00,4.99,4.99,4.64,4.79,245.97471171
2012-03-03 00:00:00,4.81,4.99,4.60,4.65,125.91831514
2012-03-04 00:00:00,4.78,4.81,4.77,4.81,113.60841530
2012-03-05 00:00:00,4.80,5.06,4.77,5.06,518.05455153
2012-03-06 00:00:00,5.00,5.05,4.95,4.98,296.62794242
2012-03-07 00:00:00,5.05,5.09,4.93,4.93,373.49234495
2012-03-08 00:00:00,4.94,5.08,4.87,5.01,326.56575490
2012-03-09 00:00:00,5.01,5.07,4.93,4.93,277.58947934
2012-03-10 00:00:00,4.91,4.99,4.85,4.94,114.04892826
2012-03-11 00:00:00,4.94,5.00,4.84,5.00,24.68252609
2012-03-12 00:00:00,4.85,4.99,4.85,4.99,108.76167997
2012-03-13 00:00:00,4.99,5.32,4.96,5.30,734.65394306
2012-03-14 00:00:00,5.32,5.44,5.27,5.27,1129.74327668
2012-03-15 00:00:00,5.27,5.43,5.27,5.39,633.16784947
2012-03-16 00:00:00,5.30,5.41,5.26,5.26,157.69794429
2012-03-17 00:00:00,5.38,5.42,5.38,5.42,143.87332861
2012-03-18 00:00:00,5.41,5.42,5.24,5.25,412.66352117
2012-03-19 00:00:00,5.24,5.37,4.83,4.83,415.19375675
2012-03-20 00:00:00,4.82,4.97,4.79,4.79,279.75591707
2012-03-21 00:00:00,4.90,4.96,4.90,4.96,9.32862903
2012-03-22 00:00:00,4.86,4.98,4.72,4.91,396.41099470
2012-03-23 00:00:00,4.73,4.89,4.60,4.78,393.13018484
2012-03-24 00:00:00,4.72,4.83,4.62,4.83,191.53850932
2012-03-25 00:00:00,4.61,4.84,4.54,4.54,15.47357192
2012-03-26 00:00:00,4.60,4.75,4.54,4.73,64.76455997
2012-03-27 00:00:00,4.54,4.97,4.54,4.84,369.59079623
2012-03-28 00:00:00,4.75,4.95,4.72,4.93,418.64896346
2012-03-29 00:00:00,4.93,4.93,4.77,4.84,110.39370311
2012-03-30 00:00:00,4.81,4.91,4.76,4.88,161.39879423
2012-03-31 00:00:00,4.90,4.92,4.89,4.90,158.37378321
2012-04-01 00:00:00,4.89,4.89,4.77,4.89,308.50586520
2012-04-02 00:00:00,4.80,5.04,4.78,5.04,888.57861157
2012-04-03 00:00:00,5.04,5.04,4.86,4.99,244.30290125
2012-04-04 00:00:00,4.92,5.01,4.86,5.01,305.43564088
2012-04-05 00:00:00,4.99,5.04,4.89,5.00,400.86488523
2012-04-06 00:00:00,4.90,4.99,4.81,4.99,725.95771755
2012-04-07 00:00:00,4.94,4.94,4.70,4.70,228.65562961
2012-04-08 00:00:00,4.80,4.80,4.69,4.76,177.21795867
2012-04-09 00:00:00,4.70,4.85,4.70,4.75,158.55832457
2012-04-10 00:00:00,4.75,4.87,4.75,4.80,314.81763742
2012-04-11 00:00:00,4.86,4.92,4.78,4.92,425.60463177
2012-04-12 00:00:00,4.87,4.93,4.73,4.93,756.79455183
2012-04-13 00:00:00,4.88,4.95,4.81,4.93,1102.26589490
2012-04-14 00:00:00,4.94,5.01,4.94,4.96,544.64998903
2012-04-15 00:00:00,4.96,4.99,4.92,4.99,114.97408628
2012-04-16 00:00:00,4.93,4.98,4.93,4.98,487.00754874
2012-04-17 00:00:00,4.99,4.99,4.95,4.98,282.51538718
2012-04-18 00:00:00,4.98,5.18,4.98,5.16,839.93175010
2012-04-19 00:00:00,5.17,5.18,5.06,5.13,562.65170962
2012-04-20 00:00:00,5.15,5.38,5.09,5.38,372.83588987
2012-04-21 00:00:00,5.40,5.43,5.19,5.24,301.94356518
2012-04-22 00:00:00,5.24,5.25,5.17,5.17,139.56864263
2012-04-23 00:00:00,5.20,5.25,5.00,5.00,947.46097438
2012-04-24 00:00:00,4.99,5.15,4.98,5.08,1975.83110589
2012-04-25 00:00:00,5.12,5.14,4.86,5.14,1634.21397671
2012-04-26 00:00:00,5.10,5.12,4.86,4.98,762.13021800
2012-04-27 00:00:00,5.03,5.08,4.99,5.04,718.01401093
2012-04-28 00:00:00,5.07,5.07,4.85,4.91,205.02552687
2012-04-29 00:00:00,4.92,4.96,4.81,4.91,62.87862749
2012-04-30 00:00:00,4.92,5.02,4.87,5.00,490.58077756
2012-05-01 00:00:00,4.94,5.04,4.86,4.97,831.74622588
2012-05-02 00:00:00,5.01,5.15,5.01,5.06,495.31714340
2012-05-03 00:00:00,5.06,5.13,5.05,5.10,645.08940157
2012-05-04 00:00:00,5.10,5.15,5.07,5.07,776.04276349
2012-05-05 00:00:00,5.09,5.11,5.04,5.04,415.56904636
2012-05-06 00:00:00,5.06,5.10,5.02,5.08,1234.04605556
2012-05-07 00:00:00,5.05,5.08,4.97,5.05,874.47864459
2012-05-08 00:00:00,5.06,5.08,4.99,5.02,640.55868732
2012-05-09 00:00:00,5.02,5.08,5.01,5.02,350.28159466
2012-05-10 00:00:00,5.02,5.04,4.87,4.87,907.11429341
2012-05-11 00:00:00,4.97,4.97,4.87,4.95,413.82665677
2012-05-12 00:00:00,4.95,4.97,4.91,4.91,219.33389116
2012-05-13 00:00:00,4.95,4.95,4.94,4.94,395.46296566
2012-05-14 00:00:00,4.93,4.99,4.88,4.93,718.72911768
2012-05-15 00:00:00,4.95,5.01,4.90,4.95,600.99596383
2012-05-16 00:00:00,5.00,5.04,4.98,5.04,178.03322150
2012-05-17 00:00:00,5.02,5.03,5.01,5.02,611.21283218
2012-05-18 00:00:00,5.03,5.07,5.03,5.07,912.52426975
2012-05-19 00:00:00,5.08,5.08,5.05,5.07,168.00597520
2012-05-20 00:00:00,5.03,5.08,5.03,5.03,26.40212653
2012-05-21 00:00:00,5.04,5.09,5.01,5.08,354.05739561
2012-05-22 00:00:00,5.05,5.07,5.00,5.03,678.06758546
2012-05-23 00:00:00,5.02,5.10,5.02,5.10,558.15131265
2012-05-24 00:00:00,5.08,5.12,5.04,5.12,904.74009563
2012-05-25 00:00:00,5.09,5.10,5.08,5.08,274.91026252
2012-05-26 00:00:00,5.08,5.09,5.06,5.07,388.70621698
2012-05-27 00:00:00,5.08,5.08,5.00,5.07,913.52967246
2012-05-28 00:00:00,5.08,5.08,5.07,5.07,180.68383317
2012-05-29 00:00:00,5.07,5.12,4.95,5.11,1341.51430437
2012-05-30 00:00:00,5.07,5.14,5.07,5.14,748.40168130
2012-05-31 00:00:00,5.14,5.17,5.10,5.17,1102.63991433
2012-06-01 00:00:00,5.17,5.24,5.16,5.22,473.66441064
2012-06-02 00:00:00,5.20,5.21,5.17,5.19,192.43478463
2012-06-03 00:00:00,5.19,5.20,5.19,5.19,14.33475413
2012-06-04 00:00:00,5.18,5.24,5.14,5.22,1359.11830930
2012-06-05 00:00:00,5.22,5.49,5.22,5.37,929.19495142
2012-06-06 00:00:00,5.39,5.49,5.37,5.41,770.84630967
2012-06-07 00:00:00,5.41,5.53,5.40,5.53,1412.87520676
2012-06-08 00:00:00,5.48,5.63,5.46,5.61,1397.44902146
2012-06-09 00:00:00,5.60,5.62,5.47,5.48,353.65603433
2012-06-10 00:00:00,5.54,5.54,5.42,5.42,270.95117635
2012-06-11 00:00:00,5.48,5.57,5.40,5.52,667.67216608
2012-06-12 00:00:00,5.57,5.90,5.53,5.71,9330.40796353
2012-06-13 00:00:00,5.77,6.00,5.71,5.86,1690.19740728
2012-06-14 00:00:00,5.86,5.91,5.79,5.90,3236.50872610
2012-06-15 00:00:00,5.88,6.42,5.56,6.42,2041.44728739
2012-06-16 00:00:00,6.41,6.52,6.12,6.41,1010.13937541
2012-06-17 00:00:00,6.41,6.47,6.13,6.19,424.19045736
2012-06-18 00:00:00,6.13,6.34,5.98,6.06,2483.09865301
2012-06-19 00:00:00,6.13,6.49,6.13,6.46,1389.04883704
2012-06-20 00:00:00,6.40,6.65,6.26,6.64,2075.98456732
2012-06-21 00:00:00,6.66,6.69,6.64,6.64,480.84201914
2012-06-22 00:00:00,6.64,6.67,6.48,6.59,963.16079856
2012-06-23 00:00:00,6.60,6.61,6.33,6.45,1137.14132849
2012-06-24 00:00:00,6.35,6.45,6.35,6.40,599.17294991
2012-06-25 00:00:00,6.35,6.35,6.11,6.26,1956.72821549
2012-06-26 00:00:00,6.26,6.46,6.17,6.41,2273.09860085
2012-06-27 00:00:00,6.41,6.68,6.34,6.49,11231.77828715
2012-06-28 00:00:00,6.49,6.54,5.99,6.50,4266.15056833
2012-06-29 00:00:00,6.50,6.63,6.49,6.52,8127.55500191
2012-06-30 00:00:00,6.58,6.61,6.50,6.61,828.05206012
2012-07-01 00:00:00,6.60,6.62,6.52,6.52,332.44372303
2012-07-02 00:00:00,6.55,6.64,6.52,6.61,1792.23613156
2012-07-03 00:00:00,6.61,6.66,6.40,6.44,1936.39057110
2012-07-04 00:00:00,6.44,6.55,6.36,6.44,2014.68873242
2012-07-05 00:00:00,6.52,6.66,6.52,6.60,1406.97193178
2012-07-06 00:00:00,6.59,6.60,6.39,6.59,1662.61510481
2012-07-07 00:00:00,6.60,6.79,6.56,6.79,1408.47982280
2012-07-08 00:00:00,6.80,6.80,6.45,6.73,830.37090436
2012-07-09 00:00:00,6.77,6.99,6.55,6.94,1751.75552753
2012-07-10 00:00:00,6.95,7.13,6.95,7.08,1495.14428870
2012-07-11 00:00:00,7.08,7.15,7.04,7.14,751.66207543
2012-07-12 00:00:00,7.15,7.59,7.10,7.59,2325.83757492
2012-07-13 00:00:00,7.60,7.69,7.46,7.59,1204.54573744
2012-07-14 00:00:00,7.58,7.58,7.44,7.55,717.31461971
2012-07-15 00:00:00,7.55,7.57,7.40,7.57,322.39208253
2012-07-16 00:00:00,7.57,8.30,7.14,8.30,3680.08259313
2012-07-17 00:00:00,8.30,8.80,7.70,8.55,3658.89689036
2012-07-18 00:00:00,8.50,9.15,8.36,9.00,2613.84283038
2012-07-19 00:00:00,9.06,9.20,8.76,8.76,2512.84139938
2012-07-20 00:00:00,8.76,8.76,7.93,8.44,1378.66512931
2012-07-21 00:00:00,8.52,8.91,8.20,8.74,2380.64465914
2012-07-22 00:00:00,8.74,8.80,8.30,8.42,1483.54734476
2012-07-23 00:00:00,8.42,8.88,8.10,8.59,2585.86162064
2012-07-24 00:00:00,8.59,8.80,8.25,8.61,1298.89850451
2012-07-25 00:00:00,8.59,8.64,8.24,8.64,1795.45977381
2012-07-26 00:00:00,8.64,8.83,8.45,8.75,837.67858918
2012-07-27 00:00:00,8.76,8.91,8.76,8.83,687.49671529
2012-07-28 00:00:00,8.83,9.00,8.78,8.88,1498.92603223
2012-07-29 00:00:00,8.79,8.79,8.70,8.71,590.37066164
2012-07-30 00:00:00,8.70,9.00,8.54,9.00,2423.61350598
2012-07-31 00:00:00,9.00,9.28,8.92,9.28,1324.42575089
2012-08-01 00:00:00,9.28,9.50,8.90,9.45,2419.60607326
2012-08-02 00:00:00,9.45,10.52,9.40,10.44,2209.70926083
2012-08-03 00:00:00,10.40,12.00,10.10,10.79,2419.41343130
2012-08-04 00:00:00,10.96,11.20,10.50,10.51,635.36838136
2012-08-05 00:00:00,10.93,10.93,10.29,10.71,1906.76190710
2012-08-06 00:00:00,10.71,10.99,10.43,10.84,2070.07812125
2012-08-07 00:00:00,10.86,10.87,10.72,10.75,1039.03555000
2012-08-08 00:00:00,10.75,11.04,10.70,10.99,2746.09461909
2012-08-09 00:00:00,11.00,12.49,10.79,11.00,2432.99473283
2012-08-10 00:00:00,11.00,11.50,10.90,11.32,2554.43905578
2012-08-11 00:00:00,11.32,11.40,11.25,11.38,358.81692698
2012-08-12 00:00:00,11.40,11.69,11.34,11.49,838.43263007
2012-08-13 00:00:00,11.42,11.98,11.40,11.89,3499.58597117
2012-08-14 00:00:00,11.90,12.30,11.81,12.25,1925.97314893
2012-08-15 00:00:00,12.13,13.20,12.13,13.01,1592.26779358
2012-08-16 00:00:00,13.14,13.50,12.75,13.42,1529.32907411
2012-08-17 00:00:00,13.49,16.41,11.50,12.50,4868.27886465
2012-08-18 00:00:00,12.64,12.99,11.11,11.54,2511.36721759
2012-08-19 00:00:00,11.86,11.86,7.10,8.06,5427.25152631
2012-08-20 00:00:00,8.09,10.33,7.86,10.05,3382.49965273
2012-08-21 00:00:00,9.79,10.51,9.53,10.18,3384.91944343
2012-08-22 00:00:00,9.99,10.71,9.75,9.96,8193.33129544
2012-08-23 00:00:00,9.96,10.19,9.78,10.02,2710.25541200
2012-08-24 00:00:00,10.03,10.51,9.83,10.37,4170.89273973
2012-08-25 00:00:00,10.45,10.58,10.14,10.57,581.27122837
2012-08-26 00:00:00,10.57,10.62,10.20,10.31,1412.06354452
2012-08-27 00:00:00,10.31,11.93,10.31,10.78,4283.77447562
2012-08-28 00:00:00,10.90,11.21,10.63,11.00,2970.10121301
2012-08-29 00:00:00,11.00,11.05,10.49,10.78,4768.86011118
2012-08-30 00:00:00,10.81,10.91,10.51,10.65,1513.88396985
2012-08-31 00:00:00,10.65,10.80,9.69,10.16,2915.12925668
2012-09-01 00:00:00,10.20,10.20,9.85,9.91,665.20204584
2012-09-02 00:00:00,10.07,10.18,9.49,10.18,1340.45182161
2012-09-03 00:00:00,10.17,10.55,9.95,10.55,1166.65101376
2012-09-04 00:00:00,10.36,10.50,10.14,10.36,2649.65990947
2012-09-05 00:00:00,10.38,10.99,10.12,10.99,1870.38903071
2012-09-06 00:00:00,10.90,11.15,10.68,11.02,3296.23211519
2012-09-07 00:00:00,11.03,11.10,10.83,11.03,1351.77011210
2012-09-08 00:00:00,10.98,11.11,10.30,10.97,1355.12940957
2012-09-09 00:00:00,10.97,11.04,10.84,10.98,1216.12471856
2012-09-10 00:00:00,10.85,11.08,10.74,10.95,2492.06090795
2012-09-11 00:00:00,10.95,11.04,10.38,11.04,4794.96358934
2012-09-12 00:00:00,11.04,11.14,10.75,11.14,2414.68753316
2012-09-13 00:00:00,11.17,11.42,10.98,11.30,2138.98077281
2012-09-14 00:00:00,11.26,11.70,11.05,11.50,2127.29435418
2012-09-15 00:00:00,11.60,11.65,11.35,11.63,594.79395476
2012-09-16 00:00:00,11.63,11.80,11.53,11.75,1287.40625221
2012-09-17 00:00:00,11.75,11.88,11.58,11.85,689.94090289
2012-09-18 00:00:00,11.85,12.28,11.67,11.91,3735.01772907
2012-09-19 00:00:00,11.90,12.50,11.90,12.32,1251.58348152
2012-09-20 00:00:00,12.44,12.66,12.28,12.28,767.93391028
2012-09-21 00:00:00,12.29,12.35,12.01,12.19,1990.39017190
2012-09-22 00:00:00,12.14,12.25,11.97,11.97,818.04702569
2012-09-23 00:00:00,12.11,12.11,11.79,11.99,1084.46274346
2012-09-24 00:00:00,11.99,11.99,11.69,11.90,1523.19954010
2012-09-25 00:00:00,11.90,12.18,11.56,11.75,3057.44986023
2012-09-26 00:00:00,11.80,12.20,11.53,12.20,3038.10509727
2012-09-27 00:00:00,12.20,12.38,11.84,12.22,3306.14546315
2012-09-28 00:00:00,12.21,12.28,11.53,12.28,2842.62287799
2012-09-29 00:00:00,12.28,12.28,12.12,12.28,584.15406141
2012-09-30 00:00:00,12.20,12.28,12.17,12.22,173.21424584
2012-10-01 00:00:00,12.21,12.27,11.60,12.14,3151.92775768
2012-10-02 00:00:00,12.20,12.70,12.14,12.64,4634.41770999
2012-10-03 00:00:00,12.63,12.99,12.45,12.90,4948.45567245
2012-10-04 00:00:00,12.90,12.90,12.51,12.57,3211.88600053
2012-10-05 00:00:00,12.61,12.70,11.50,12.50,5459.56068828
2012-10-06 00:00:00,12.51,12.60,12.06,12.39,1640.41684963
2012-10-07 00:00:00,12.39,12.45,11.52,11.71,3262.84750727
2012-10-08 00:00:00,11.70,11.99,10.42,11.62,2885.95781205
2012-10-09 00:00:00,11.62,12.26,11.52,11.99,1933.93908899
2012-10-10 00:00:00,11.85,12.25,11.79,12.24,2369.71836117
2012-10-11 00:00:00,12.10,12.13,11.58,12.09,2349.86047287
2012-10-12 00:00:00,11.95,12.10,11.81,11.90,735.71660723
2012-10-13 00:00:00,11.90,12.00,11.81,11.85,486.61590663
2012-10-14 00:00:00,11.85,11.90,11.79,11.79,336.21764746
2012-10-15 00:00:00,11.78,11.84,11.03,11.66,3425.95800654
2012-10-16 00:00:00,11.80,11.94,11.17,11.92,1004.49967705
2012-10-17 00:00:00,11.79,11.97,11.15,11.88,3020.89053734
2012-10-18 00:00:00,11.90,11.90,11.55,11.80,1277.75425699
2012-10-19 00:00:00,11.75,11.84,11.50,11.67,10149.00152833
2012-10-20 00:00:00,11.65,11.70,11.53,11.60,704.85501096
2012-10-21 00:00:00,11.60,11.68,11.29,11.32,2048.26032740
2012-10-22 00:00:00,11.54,11.57,11.27,11.49,1913.11800635
2012-10-23 00:00:00,11.50,11.70,11.25,11.58,2717.11005347
2012-10-24 00:00:00,11.38,11.62,11.01,11.40,3180.17696523
2012-10-25 00:00:00,11.39,11.39,10.40,10.55,3077.54063611
2012-10-26 00:00:00,10.46,10.84,9.68,10.00,2384.64651222
2012-10-27 00:00:00,10.00,10.75,9.50,10.43,1989.47751313
2012-10-28 00:00:00,10.35,10.75,10.30,10.54,972.31928641
2012-10-29 00:00:00,10.67,10.80,10.32,10.80,2655.79081055
2012-10-30 00:00:00,10.80,10.81,10.43,10.80,2780.31469798
2012-10-31 00:00:00,10.79,11.00,10.66,11.00,3057.67949806
2012-11-01 00:00:00,11.00,11.05,10.63,10.85,1726.98832092
2012-11-02 00:00:00,10.85,10.96,10.45,10.67,2477.44954182
2012-11-03 00:00:00,10.54,10.69,10.41,10.66,1572.81466123
2012-11-04 00:00:00,10.67,10.68,10.40,10.64,2010.40623271
2012-11-05 00:00:00,10.63,10.80,10.50,10.78,5531.26120642
2012-11-06 00:00:00,10.78,10.80,10.51,10.74,3348.91281134
2012-11-07 00:00:00,10.68,10.84,10.45,10.80,4027.99948330
2012-11-08 00:00:00,10.65,10.83,10.25,10.81,2930.39949930
2012-11-09 00:00:00,10.69,10.84,10.61,10.80,2342.58038373
2012-11-10 00:00:00,10.80,10.87,10.63,10.81,1074.44382044
2012-11-11 00:00:00,10.82,10.85,10.64,10.82,650.67843328
2012-11-12 00:00:00,10.78,10.92,10.72,10.87,1146.31773320
2012-11-13 00:00:00,10.92,10.99,10.76,10.87,2565.61377888
2012-11-14 00:00:00,10.87,10.98,10.74,10.97,1294.56300651
2012-11-15 00:00:00,10.98,11.05,10.81,11.05,2452.65680751
2012-11-16 00:00:00,11.05,11.60,10.96,11.46,7094.45117038
2012-11-17 00:00:00,11.48,11.65,11.45,11.57,795.35041288
2012-11-18 00:00:00,11.56,11.65,11.32,11.51,1033.46070105
2012-11-19 00:00:00,11.51,11.65,11.03,11.65,4206.61783947
2012-11-20 00:00:00,11.60,11.69,11.44,11.65,2524.49574606
2012-11-21 00:00:00,11.64,11.67,11.34,11.67,3449.38003110
2012-11-22 00:00:00,11.67,12.12,11.55,11.88,10030.59751843
2012-11-23 00:00:00,11.86,12.16,11.66,12.16,2085.93949655
2012-11-24 00:00:00,12.16,12.29,12.06,12.25,1378.94883856
2012-11-25 00:00:00,12.29,12.35,12.20,12.31,1110.26121167
2012-11-26 00:00:00,12.32,12.40,12.11,12.20,4569.27484855
2012-11-27 00:00:00,12.20,12.23,11.75,12.07,3692.25210948
2012-11-28 00:00:00,12.01,12.74,11.93,12.22,4332.17242762
2012-11-29 00:00:00,12.22,12.41,12.10,12.37,3553.57577684
2012-11-30 00:00:00,12.35,12.45,12.20,12.43,3472.32663909
2012-12-01 00:00:00,12.39,12.46,12.31,12.34,2513.84899834
2012-12-02 00:00:00,12.44,12.46,12.24,12.42,1741.38980028
2012-12-03 00:00:00,12.46,12.60,12.32,12.60,5124.74579588
2012-12-04 00:00:00,12.50,13.01,12.42,12.59,5524.27022114
2012-12-05 00:00:00,12.86,13.43,12.63,13.20,3202.16066697
2012-12-06 00:00:00,13.20,13.59,13.02,13.45,4479.87872060
2012-12-07 00:00:00,13.34,13.48,13.11,13.37,3494.46597785
2012-12-08 00:00:00,13.30,13.37,13.30,13.36,509.44467265
2012-12-09 00:00:00,13.35,13.36,13.10,13.29,1187.24480088
2012-12-10 00:00:00,13.30,13.40,13.03,13.30,6444.03315201
2012-12-11 00:00:00,13.13,13.41,13.13,13.35,2641.35197436
2012-12-12 00:00:00,13.39,13.49,13.23,13.49,3925.65665283
2012-12-13 00:00:00,13.49,13.52,13.05,13.52,5259.54363934
2012-12-14 00:00:00,13.51,13.94,13.38,13.51,5949.65698329
2012-12-15 00:00:00,13.51,13.57,13.28,13.38,1531.92100659
2012-12-16 00:00:00,13.38,13.44,13.27,13.27,1217.80887677
2012-12-17 00:00:00,13.28,13.29,12.85,13.20,5313.36578294
2012-12-18 00:00:00,13.30,13.62,12.75,13.13,5416.93282338
2012-12-19 00:00:00,13.13,13.40,13.00,13.40,4893.71657021
2012-12-20 00:00:00,13.27,13.44,13.14,13.35,1866.13166051
2012-12-21 00:00:00,13.38,13.41,13.20,13.20,2559.57635586
2012-12-22 00:00:00,13.28,13.37,13.11,13.20,870.39564745
2012-12-23 00:00:00,13.20,13.29,13.04,13.14,518.01209598
2012-12-24 00:00:00,13.11,13.24,13.01,13.23,1511.90177224
2012-12-25 00:00:00,13.23,13.25,13.09,13.24,1136.04126972
2012-12-26 00:00:00,13.09,13.19,13.01,13.18,2247.79836180
2012-12-27 00:00:00,13.18,13.25,12.91,13.20,3347.61148062
2012-12-28 00:00:00,13.19,13.29,13.01,13.18,4176.88180210
2012-12-29 00:00:00,13.18,13.28,13.11,13.22,274.78659657
2012-12-30 00:00:00,13.13,13.29,13.10,13.20,1020.89023268
2012-12-31 00:00:00,13.20,13.29,13.05,13.24,1641.78561179
2013-01-01 00:00:00,13.24,13.24,12.77,13.22,2116.92940862
2013-01-02 00:00:00,13.12,13.19,12.98,13.09,1840.84872373
2013-01-03 00:00:00,13.09,13.26,12.96,13.19,3320.97205370
2013-01-04 00:00:00,13.12,13.24,12.84,13.19,2700.25350741
2013-01-05 00:00:00,13.19,13.19,13.03,13.15,1463.53584867
2013-01-06 00:00:00,13.11,13.15,13.06,13.15,453.56308950
2013-01-07 00:00:00,13.10,13.20,13.04,13.20,3935.24845698
2013-01-08 00:00:00,13.20,13.50,13.05,13.50,6086.27515492
2013-01-09 00:00:00,13.51,13.65,13.18,13.58,4640.26739318
2013-01-10 00:00:00,13.67,14.19,13.50,14.00,3719.44737915
2013-01-11 00:00:00,14.00,14.10,13.85,14.00,2405.62603846
2013-01-12 00:00:00,14.02,14.07,13.84,13.89,2245.56319970
2013-01-13 00:00:00,13.94,14.03,13.54,13.64,1578.50971345
2013-01-14 00:00:00,13.65,14.10,13.50,14.10,4314.60459809
2013-01-15 00:00:00,14.10,14.32,13.88,14.20,4961.37905221
2013-01-16 00:00:00,14.15,14.65,14.01,14.53,5436.22875828
2013-01-17 00:00:00,14.53,15.47,14.45,15.36,5227.75642184
2013-01-18 00:00:00,15.34,15.70,15.17,15.57,6749.52567820
2013-01-19 00:00:00,15.52,15.65,15.32,15.38,1993.54022684
2013-01-20 00:00:00,15.48,15.69,15.38,15.50,1427.76747178
2013-01-21 00:00:00,15.62,16.98,15.45,16.52,5634.62820353
2013-01-22 00:00:00,16.53,17.60,16.45,17.35,3827.75700027
2013-01-23 00:00:00,17.50,17.60,16.86,17.50,4853.15538002
2013-01-24 00:00:00,17.50,19.20,16.00,17.29,14880.17041128
2013-01-25 00:00:00,17.15,17.72,16.12,17.49,5131.56268928
2013-01-26 00:00:00,17.30,17.49,16.67,17.49,2485.89670409
2013-01-27 00:00:00,17.49,17.60,17.08,17.60,2589.57418764
2013-01-28 00:00:00,17.60,18.74,17.48,18.67,5344.51893733
2013-01-29 00:00:00,18.60,19.85,18.53,19.35,4541.64000435
2013-01-30 00:00:00,19.46,19.47,18.85,19.45,2557.50773646
2013-01-31 00:00:00,19.45,21.00,19.27,20.46,5738.86115204
2013-02-01 00:00:00,20.30,20.90,20.04,20.35,3503.83130961
2013-02-02 00:00:00,20.35,20.53,19.50,19.82,4786.97797400
2013-02-03 00:00:00,19.76,20.59,19.57,20.29,2479.42164405
2013-02-04 00:00:00,20.55,20.70,19.90,20.30,4506.95113427
2013-02-05 00:00:00,20.30,20.69,20.08,20.50,3193.30770398
2013-02-06 00:00:00,20.56,20.99,20.33,20.91,3424.26001089
2013-02-07 00:00:00,20.91,21.96,20.90,21.71,6307.57656257
2013-02-08 00:00:00,21.95,22.63,21.81,22.40,2801.66595389
2013-02-09 00:00:00,22.40,23.50,22.24,23.14,2134.07897410
2013-02-10 00:00:00,23.46,23.80,22.85,23.70,2194.81136293
2013-02-11 00:00:00,23.74,23.94,23.16,23.94,2978.34729807
2013-02-12 00:00:00,23.94,25.85,23.87,25.47,8534.23395403
2013-02-13 00:00:00,25.33,25.97,25.00,25.00,3983.63915336
2013-02-14 00:00:00,25.00,27.50,22.42,27.40,12042.50498387
2013-02-15 00:00:00,27.40,27.56,26.72,27.00,3145.14317345
2013-02-16 00:00:00,27.43,27.58,26.71,27.50,2782.38948658
2013-02-17 00:00:00,27.36,27.50,25.25,26.98,7942.00011199
2013-02-18 00:00:00,26.81,27.00,26.29,26.92,3103.54193597
2013-02-19 00:00:00,26.92,29.50,26.70,29.39,9541.05177226
2013-02-20 00:00:00,29.39,30.07,29.21,30.00,3832.39322315
2013-02-21 00:00:00,30.00,30.14,29.60,30.00,3576.11202430
2013-02-22 00:00:00,29.96,31.49,29.90,30.40,6182.20227366
2013-02-23 00:00:00,30.37,30.44,27.67,29.54,3865.84825949
2013-02-24 00:00:00,29.55,30.37,29.08,29.78,1590.77752019
2013-02-25 00:00:00,29.79,30.49,29.78,30.43,1564.84867774
2013-02-26 00:00:00,30.43,32.00,29.85,31.10,5071.90174369
2013-02-27 00:00:00,31.01,31.77,30.45,31.31,3168.54441515
2013-02-28 00:00:00,31.31,34.42,31.31,33.53,6726.87432506
2013-03-01 00:00:00,33.53,34.75,33.25,34.55,3666.42582921
2013-03-02 00:00:00,34.55,34.77,33.60,34.16,2128.57214025
2013-03-03 00:00:00,34.29,34.34,33.91,34.33,1136.62608259
2013-03-04 00:00:00,34.33,37.00,34.24,36.52,6165.24472089
2013-03-05 00:00:00,36.56,41.00,36.53,40.75,6476.19220972
2013-03-06 00:00:00,40.66,49.17,40.66,42.32,10298.43893055
2013-03-07 00:00:00,42.31,46.00,33.00,41.68,16259.06198022
2013-03-08 00:00:00,41.68,44.37,40.56,43.76,4388.75944645
2013-03-09 00:00:00,43.77,46.00,42.00,46.00,3829.21995980
2013-03-10 00:00:00,45.76,47.00,45.00,45.29,1252.09771351
2013-03-11 00:00:00,45.97,48.38,45.60,48.25,3400.78594610
2013-03-12 00:00:00,48.15,48.25,36.00,44.84,11195.69562451
2013-03-13 00:00:00,44.29,47.09,44.20,46.99,3290.23440492
2013-03-14 00:00:00,46.99,47.97,46.80,46.95,3527.68709124
2013-03-15 00:00:00,46.95,47.29,46.90,46.90,1063.76443798
2013-03-16 00:00:00,46.93,47.00,46.58,46.74,909.75563433
2013-03-17 00:00:00,46.70,47.24,46.70,47.24,1102.96029809
2013-03-18 00:00:00,47.24,51.10,46.98,50.35,5924.10302677
2013-03-19 00:00:00,49.87,60.00,48.00,59.41,9303.93790035
2013-03-20 00:00:00,59.46,67.99,58.86,64.20,8546.00680193
2013-03-21 00:00:00,65.13,76.91,64.61,72.23,9864.56711014
2013-03-22 00:00:00,70.87,74.47,65.00,69.90,5462.69655236
2013-03-23 00:00:00,68.81,72.00,50.09,63.90,13092.94728399
2013-03-24 00:00:00,64.37,71.00,63.36,70.22,3627.69480395
2013-03-25 00:00:00,70.22,80.00,69.25,75.11,8198.25231403
2013-03-26 00:00:00,74.30,86.00,74.30,79.81,6748.38111850
2013-03-27 00:00:00,79.81,89.99,78.75,89.30,6073.07958286
2013-03-28 00:00:00,89.40,97.00,80.00,88.52,9823.47335779
2013-03-29 00:00:00,88.96,94.00,84.00,90.00,6658.41693742
2013-03-30 00:00:00,90.49,95.00,89.31,92.11,1799.52075455
2013-03-31 00:00:00,92.12,96.15,92.12,96.15,2003.81769842
2013-04-01 00:00:00,95.50,106.50,93.70,104.70,6540.70526770
2013-04-02 00:00:00,103.73,116.00,100.10,116.00,6441.03900269
2013-04-03 00:00:00,116.00,158.41,110.00,133.78,15003.94850365
2013-04-04 00:00:00,133.87,150.00,119.00,135.00,7265.27300112
2013-04-05 00:00:00,134.67,144.00,127.09,141.80,7560.20101911
2013-04-06 00:00:00,141.80,150.03,138.50,141.00,3504.27395363
2013-04-07 00:00:00,141.00,165.10,140.65,164.97,6737.21244685
2013-04-08 00:00:00,164.97,198.00,162.00,185.60,13411.06323591
2013-04-09 00:00:00,185.60,235.29,164.34,229.00,11211.78878477
2013-04-10 00:00:00,228.94,259.34,70.00,162.00,20889.47079028
2013-04-11 00:00:00,162.00,179.00,50.00,83.40,37205.88492273
2013-04-12 00:00:00,81.02,112.00,45.00,109.90,29095.90818647
2013-04-13 00:00:00,109.90,119.00,85.00,91.64,16830.84314245
2013-04-14 00:00:00,90.44,99.99,81.94,91.11,5777.57333124
2013-04-15 00:00:00,91.79,99.80,60.00,74.00,19578.12871598
2013-04-16 00:00:00,73.99,82.00,49.80,68.09,35706.58629386
2013-04-17 00:00:00,67.85,101.12,60.00,89.98,30854.42411947
2013-04-18 00:00:00,89.98,111.23,78.92,109.30,16527.45971668
2013-04-19 00:00:00,109.30,140.20,100.00,117.71,25498.95204842
2013-04-20 00:00:00,118.11,129.79,114.27,126.55,7474.81424834
2013-04-21 00:00:00,126.55,129.00,101.00,118.81,17188.09077106
2013-04-22 00:00:00,118.91,125.01,116.00,123.74,6675.54945823
2013-04-23 00:00:00,123.73,138.87,121.12,137.29,13391.87055752
2013-04-24 00:00:00,137.30,161.00,134.98,149.00,21232.85034477
2013-04-25 00:00:00,150.00,170.28,123.20,141.90,16566.09169458
2013-04-26 00:00:00,141.90,142.53,126.68,137.30,10688.92108773
2013-04-27 00:00:00,137.30,148.61,125.76,128.80,6686.07508764
2013-04-28 00:00:00,128.80,148.18,121.57,135.28,5136.52550060
2013-04-29 00:00:00,135.31,151.65,123.96,143.31,10485.46213504
2013-04-30 00:00:00,143.32,144.99,133.89,139.88,8465.29718136
2013-05-01 00:00:00,139.87,140.30,104.90,116.75,21104.90212995
2013-05-02 00:00:00,116.75,127.24,93.01,106.81,21725.13359800
2013-05-03 00:00:00,107.02,108.00,81.50,98.08,26863.56444609
2013-05-04 00:00:00,98.08,115.64,94.00,112.62,15910.12807666
2013-05-05 00:00:00,112.89,118.76,106.50,116.57,9033.94177783
2013-05-06 00:00:00,116.90,123.97,105.00,112.71,17251.55561438
2013-05-07 00:00:00,112.67,112.95,98.77,110.00,14941.55263514
2013-05-08 00:00:00,110.92,116.29,109.41,113.16,8261.64064249
2013-05-09 00:00:00,113.16,113.95,109.00,111.96,6725.70842693
2013-05-10 00:00:00,111.96,119.98,109.20,117.90,10480.13511879
2013-05-11 00:00:00,117.90,118.50,112.95,115.04,4692.10496687
2013-05-12 00:00:00,115.58,117.86,113.00,114.50,3366.70303467
2013-05-13 00:00:00,115.05,117.48,113.55,115.99,3412.04123442
2013-05-14 00:00:00,115.98,117.90,103.50,107.00,12120.00783896
2013-05-15 00:00:00,107.00,113.00,101.72,108.95,10914.51829481
2013-05-16 00:00:00,108.96,113.35,108.35,113.35,7515.76166257
2013-05-17 00:00:00,113.36,118.16,112.82,116.73,9721.36089521
2013-05-18 00:00:00,117.51,118.55,115.99,118.49,3906.23090184
2013-05-19 00:00:00,118.49,118.98,114.10,116.38,4800.36143192
2013-05-20 00:00:00,117.27,118.94,114.03,116.55,4541.30988594
2013-05-21 00:00:00,117.81,118.56,116.90,117.50,3656.25472320
2013-05-22 00:00:00,117.25,119.48,117.00,119.11,7275.60471178
2013-05-23 00:00:00,118.45,123.90,118.36,123.84,10212.79546118
2013-05-24 00:00:00,123.84,129.94,122.52,128.70,13193.58203434
2013-05-25 00:00:00,128.65,129.73,126.03,128.97,5146.70519875
2013-05-26 00:00:00,128.98,130.29,127.97,129.50,3916.06467515
2013-05-27 00:00:00,130.27,130.60,120.33,126.25,7413.81180566
2013-05-28 00:00:00,126.20,127.11,123.00,125.92,6072.75780468
2013-05-29 00:00:00,125.99,130.40,125.53,130.35,9946.83923725
2013-05-30 00:00:00,130.01,131.00,124.90,126.81,9432.35613171
2013-05-31 00:00:00,126.78,129.87,125.06,127.91,5633.94849614
2013-06-01 00:00:00,127.76,128.86,127.09,128.77,3406.48517336
2013-06-02 00:00:00,128.77,128.80,117.02,123.00,15138.12901202
2013-06-03 00:00:00,123.35,125.01,117.00,123.22,8850.29223011
2013-06-04 00:00:00,123.22,123.66,116.32,120.57,7975.85871798
2013-06-05 00:00:00,120.58,122.74,119.65,121.20,4733.02694896
2013-06-06 00:00:00,120.98,121.33,118.43,118.78,4936.97817062
2013-06-07 00:00:00,118.78,119.16,107.00,110.18,18261.47609584
2013-06-08 00:00:00,110.17,112.46,108.44,109.11,5055.00711397
2013-06-09 00:00:00,109.11,110.00,90.00,100.17,30734.49888577
2013-06-10 00:00:00,100.17,107.90,93.10,104.22,13536.55840755
2013-06-11 00:00:00,104.21,108.00,102.97,107.36,5234.35334037
2013-06-12 00:00:00,107.35,111.18,105.01,106.56,7612.62055255
2013-06-13 00:00:00,106.10,108.43,95.00,102.00,8047.28050101
2013-06-14 00:00:00,101.86,102.95,95.00,99.01,10698.41200690
2013-06-15 00:00:00,99.01,105.00,96.22,99.42,4243.40771805
2013-06-16 00:00:00,99.43,101.11,98.00,99.37,3089.73462791
2013-06-17 00:00:00,98.74,101.47,98.29,100.00,4785.76602027
2013-06-18 00:00:00,100.39,108.18,99.99,104.50,10874.74329689
2013-06-19 00:00:00,104.49,107.50,102.00,105.24,5483.53573255
2013-06-20 00:00:00,105.24,108.00,102.47,102.61,9088.52547567
2013-06-21 00:00:00,103.00,104.86,90.00,101.80,12331.66300099
2013-06-22 00:00:00,101.29,103.00,98.55,100.00,3350.32557131
2013-06-23 00:00:00,100.00,101.45,98.50,100.41,1977.39270619
2013-06-24 00:00:00,100.40,102.30,95.00,99.47,9702.68839049
2013-06-25 00:00:00,98.83,101.00,97.47,97.87,5294.05179614
2013-06-26 00:00:00,97.57,99.98,96.13,98.77,4940.40777894
2013-06-27 00:00:00,98.75,98.76,96.00,96.31,4937.41675442
2013-06-28 00:00:00,96.98,97.45,88.01,89.96,18557.52900345
2013-06-29 00:00:00,89.20,91.61,86.20,88.98,4373.62440255
2013-06-30 00:00:00,88.83,90.30,88.01,89.53,2390.67441288
2013-07-01 00:00:00,89.41,90.16,80.94,84.50,20854.46869197
2013-07-02 00:00:00,83.41,88.50,81.90,88.00,12666.39148742
2013-07-03 00:00:00,88.04,89.56,75.11,77.01,20740.88552523
2013-07-04 00:00:00,77.33,83.90,70.06,79.40,21957.43214384
2013-07-05 00:00:00,79.40,79.40,63.26,66.93,32935.36592906
2013-07-06 00:00:00,67.13,72.88,63.00,66.34,17245.95828177
2013-07-07 00:00:00,66.34,73.96,64.50,73.96,6858.52231849
2013-07-08 00:00:00,73.97,76.94,70.10,74.40,18669.57799992
2013-07-09 00:00:00,74.00,76.01,70.25,75.01,15908.99990621
2013-07-10 00:00:00,75.00,86.64,74.81,86.19,27275.18412986
2013-07-11 00:00:00,86.13,89.96,83.85,87.13,17311.05698299
2013-07-12 00:00:00,87.81,100.00,86.60,90.17,32060.82985282
2013-07-13 00:00:00,90.19,92.04,87.15,91.67,6004.55580528
2013-07-14 00:00:00,91.67,93.00,88.87,90.03,5202.94162176
2013-07-15 00:00:00,90.02,95.00,88.11,93.78,13030.66102004
2013-07-16 00:00:00,93.76,93.90,89.09,91.55,9285.47354955
2013-07-17 00:00:00,91.61,92.37,89.00,90.97,7404.86645917
2013-07-18 00:00:00,90.96,91.00,77.00,85.28,21446.66606845
2013-07-19 00:00:00,85.00,88.00,83.21,86.51,8689.96075200
2013-07-20 00:00:00,86.51,87.07,84.27,85.04,4451.47486790
2013-07-21 00:00:00,85.02,86.99,84.25,85.93,2907.86221135
2013-07-22 00:00:00,85.73,87.08,83.00,85.60,8294.01816821
2013-07-23 00:00:00,85.59,88.88,82.00,86.98,13038.50130799
2013-07-24 00:00:00,86.88,88.48,85.73,88.42,9276.42110090
2013-07-25 00:00:00,88.42,90.66,87.08,90.16,10416.88009680
2013-07-26 00:00:00,90.10,91.77,88.56,89.95,6500.58440396
2013-07-27 00:00:00,89.97,90.16,87.80,88.16,3489.15396964
2013-07-28 00:00:00,88.16,94.01,87.90,92.71,7294.35296151
2013-07-29 00:00:00,92.72,93.50,90.54,93.39,10250.84060044
2013-07-30 00:00:00,93.45,97.00,92.70,96.57,11695.36756812
2013-07-31 00:00:00,96.98,101.00,95.00,98.28,17025.38437411
2013-08-01 00:00:00,97.77,98.44,95.15,96.62,7832.16050467
2013-08-02 00:00:00,96.63,98.71,93.03,95.85,15553.07296963
2013-08-03 00:00:00,95.82,97.00,93.98,95.55,4499.94672997
2013-08-04 00:00:00,95.54,96.61,95.50,96.38,3019.67129901
2013-08-05 00:00:00,96.38,98.92,96.00,97.81,11003.41353294
2013-08-06 00:00:00,97.88,98.98,97.07,97.69,9248.61209517
2013-08-07 00:00:00,97.70,98.32,95.50,97.09,7127.85555164
2013-08-08 00:00:00,97.09,97.14,91.11,94.27,14017.03265768
2013-08-09 00:00:00,94.26,95.75,90.00,92.27,12311.24302657
2013-08-10 00:00:00,92.72,94.25,92.14,93.51,3115.45505946
2013-08-11 00:00:00,93.51,94.58,93.12,94.09,1863.55256347
2013-08-12 00:00:00,94.00,96.18,93.31,95.35,7203.73365170
2013-08-13 00:00:00,95.37,98.19,94.24,98.15,12840.28503739
2013-08-14 00:00:00,97.75,101.00,97.03,99.19,17997.71861974
2013-08-15 00:00:00,99.19,100.01,96.68,98.08,9533.32415037
2013-08-16 00:00:00,98.09,99.00,96.50,98.25,9306.11308233
2013-08-17 00:00:00,98.26,99.82,97.48,99.71,5533.56584068
2013-08-18 00:00:00,99.71,99.99,98.41,99.30,2757.60749158
2013-08-19 00:00:00,99.32,105.16,99.00,102.85,20223.50852434
2013-08-20 00:00:00,102.85,104.88,100.38,104.87,11512.55473348
2013-08-21 00:00:00,104.87,114.00,104.56,110.43,23925.71807899
2013-08-22 00:00:00,111.52,113.02,107.98,109.12,12231.93171666
2013-08-23 00:00:00,109.12,109.90,104.20,107.65,9469.67629666
2013-08-24 00:00:00,107.91,110.33,106.64,109.15,4332.68697991
2013-08-25 00:00:00,109.15,113.28,109.15,113.12,9343.16273408
2013-08-26 00:00:00,113.12,113.30,110.27,111.90,10842.80342417
2013-08-27 00:00:00,111.85,118.93,111.76,117.75,18924.73961221
2013-08-28 00:00:00,117.74,119.63,117.04,117.91,10195.73119445
2013-08-29 00:00:00,117.91,120.00,117.00,118.50,9789.33885357
2013-08-30 00:00:00,118.91,126.14,118.04,124.86,17374.35799114
2013-08-31 00:00:00,124.86,134.95,124.80,128.00,19981.34364226
2013-09-01 00:00:00,127.90,132.09,126.79,130.66,8021.56323583
2013-09-02 00:00:00,130.65,132.00,128.52,130.15,8939.39980324
2013-09-03 00:00:00,129.40,131.00,127.00,129.18,11994.57661966
2013-09-04 00:00:00,129.20,129.94,115.21,122.81,18821.05012844
2013-09-05 00:00:00,121.65,127.50,116.07,122.50,19236.83229587
2013-09-06 00:00:00,122.00,124.54,115.21,117.67,19391.20825469
2013-09-07 00:00:00,116.56,122.16,115.50,119.93,9676.99749760
2013-09-08 00:00:00,119.91,120.94,116.00,118.34,5458.68589096
2013-09-09 00:00:00,118.37,124.13,115.00,121.68,21345.72633658
2013-09-10 00:00:00,121.68,124.26,120.80,122.07,11319.88974811
2013-09-11 00:00:00,122.08,127.72,118.00,127.55,18550.21386040
2013-09-12 00:00:00,127.54,128.50,123.10,126.38,13856.21063312
2013-09-13 00:00:00,126.38,128.79,125.05,127.71,9309.94919620
2013-09-14 00:00:00,127.71,128.00,123.05,124.49,8711.86383564
2013-09-15 00:00:00,124.49,126.25,123.00,125.36,5360.88242980
2013-09-16 00:00:00,125.36,126.71,124.03,126.27,7602.34785199
2013-09-17 00:00:00,126.28,127.69,125.47,126.92,8852.61357182
2013-09-18 00:00:00,126.92,128.00,124.20,127.00,13495.71105357
2013-09-19 00:00:00,127.00,127.95,123.02,124.18,10236.24813846
2013-09-20 00:00:00,124.17,126.02,121.16,122.91,10505.08009305
2013-09-21 00:00:00,122.92,124.10,121.70,123.39,4154.19202354
2013-09-22 00:00:00,123.38,123.50,122.35,123.27,2882.09130233
2013-09-23 00:00:00,123.27,123.99,121.54,122.63,7736.93395780
2013-09-24 00:00:00,122.81,124.01,121.77,123.86,10183.16714023
2013-09-25 00:00:00,123.75,125.00,123.23,123.25,8053.18440092
2013-09-26 00:00:00,123.32,124.90,123.00,124.84,7784.84320927
2013-09-27 00:00:00,124.85,126.96,124.35,126.95,12117.32341602
2013-09-28 00:00:00,126.95,127.00,124.01,126.54,6320.25836432
2013-09-29 00:00:00,126.50,128.80,126.08,127.01,6745.39450444
2013-09-30 00:00:00,127.00,127.53,122.77,126.25,11530.52471883
2013-10-01 00:00:00,126.25,127.93,125.54,127.33,7513.83496080
2013-10-02 00:00:00,127.31,127.80,85.00,103.85,60639.38898698
2013-10-03 00:00:00,103.85,118.79,102.00,117.63,26112.76387110
2013-10-04 00:00:00,117.62,122.98,116.48,121.94,13194.57595434
2013-10-05 00:00:00,121.94,122.29,121.11,121.20,2942.63601131
2013-10-06 00:00:00,121.25,122.49,121.13,122.49,3926.34131890
2013-10-07 00:00:00,122.49,124.49,120.11,123.50,11885.13460018
2013-10-08 00:00:00,123.50,125.17,122.17,124.13,13183.37384894
2013-10-09 00:00:00,124.50,127.99,122.30,125.90,18933.76126312
2013-10-10 00:00:00,125.79,126.80,124.90,126.80,11382.14626947
2013-10-11 00:00:00,126.80,127.42,125.93,127.38,7866.70490823
2013-10-12 00:00:00,127.38,128.00,126.01,127.98,7571.27286324
2013-10-13 00:00:00,127.58,133.00,127.57,132.82,12574.14780981
2013-10-14 00:00:00,132.83,138.22,132.00,135.42,21256.28057191
2013-10-15 00:00:00,135.43,147.39,134.09,142.76,22232.07911256
2013-10-16 00:00:00,142.75,147.00,137.38,137.56,26332.89631674
2013-10-17 00:00:00,137.54,145.00,135.00,143.94,16767.05247967
2013-10-18 00:00:00,143.94,154.69,143.23,152.89,23007.23097591
2013-10-19 00:00:00,152.89,172.00,152.44,166.00,37966.98264041
2013-10-20 00:00:00,166.00,166.60,162.54,166.59,5667.34588161
2013-10-21 00:00:00,166.60,181.93,166.05,180.13,33107.72111019
2013-10-22 00:00:00,180.15,196.27,179.00,189.75,41865.06715467
2013-10-23 00:00:00,189.74,203.96,185.00,203.96,24326.01475489
2013-10-24 00:00:00,203.94,206.60,156.20,193.87,55593.92700629
2013-10-25 00:00:00,194.00,194.00,167.67,186.60,32779.54290704
2013-10-26 00:00:00,187.50,190.00,177.00,179.56,9644.32071899
2013-10-27 00:00:00,180.39,195.00,179.50,194.00,10095.56583408
2013-10-28 00:00:00,194.99,197.50,190.80,196.62,12248.66455971
2013-10-29 00:00:00,196.62,205.00,195.32,204.69,16744.50649074
2013-10-30 00:00:00,204.00,206.00,195.00,197.54,25494.14807001
2013-10-31 00:00:00,197.58,203.75,195.10,203.54,13741.49074655
2013-11-01 00:00:00,203.54,203.54,200.23,202.15,4962.80900171
2013-11-02 00:00:00,202.14,205.15,201.20,204.86,6600.09825940
2013-11-03 00:00:00,204.86,210.00,203.51,210.00,11227.96295973
2013-11-04 00:00:00,210.00,230.40,207.22,226.83,28261.78814843
2013-11-05 00:00:00,227.29,250.79,226.00,242.90,42583.70082870
2013-11-06 00:00:00,242.90,265.00,241.11,263.24,40026.70686769
2013-11-07 00:00:00,263.24,297.80,263.24,291.00,49703.85180124
2013-11-08 00:00:00,291.00,334.45,288.81,334.00,40186.15864335
2013-11-09 00:00:00,333.90,363.65,298.95,341.24,44361.21177945
2013-11-10 00:00:00,341.24,341.24,265.01,323.00,67237.40748143
2013-11-11 00:00:00,323.00,349.90,310.10,343.91,26943.37824394
2013-11-12 00:00:00,343.63,357.00,340.01,354.96,19748.28150180
2013-11-13 00:00:00,354.94,399.89,354.94,393.50,38689.80193194
2013-11-14 00:00:00,393.50,421.97,381.00,416.95,31638.47744280
2013-11-15 00:00:00,416.88,431.36,390.00,412.00,32323.20623812
2013-11-16 00:00:00,412.07,447.47,406.92,434.53,17983.46003914
2013-11-17 00:00:00,434.53,480.00,434.53,477.38,25991.59517426
2013-11-18 00:00:00,478.10,669.55,471.23,669.01,57089.07895381
2013-11-19 00:00:00,669.00,755.00,378.00,536.01,71560.94596711
2013-11-20 00:00:00,536.01,619.00,440.00,599.00,57711.50722124
2013-11-21 00:00:00,600.00,730.00,580.37,720.00,30720.73129411
2013-11-22 00:00:00,720.00,799.80,683.20,795.00,25125.12846391
2013-11-23 00:00:00,794.00,874.81,785.00,829.15,20338.86461312
2013-11-24 00:00:00,829.15,842.78,747.00,800.05,20130.68748874
2013-11-25 00:00:00,800.01,838.20,770.10,817.88,23042.05232527
2013-11-26 00:00:00,811.95,919.00,801.00,916.30,29793.02508816
2013-11-27 00:00:00,915.01,969.00,879.99,963.98,30325.52974397
2013-11-28 00:00:00,963.98,1050.18,931.00,1012.98,36898.59364552
2013-11-29 00:00:00,1012.00,1141.00,988.22,1131.99,21873.31334686
2013-11-30 00:00:00,1131.99,1163.00,1080.00,1119.52,12907.55909135
2013-12-01 00:00:00,1119.52,1123.11,795.60,955.00,61544.38082098
2013-12-02 00:00:00,955.00,1057.00,925.16,1047.47,31516.72530827
2013-12-03 00:00:00,1037.11,1088.00,1000.00,1055.00,12567.59167863
2013-12-04 00:00:00,1055.00,1153.27,1052.10,1132.01,14433.50978208
2013-12-05 00:00:00,1135.00,1138.58,848.42,1023.87,55262.65698958
2013-12-06 00:00:00,1020.51,1033.13,796.73,814.91,52688.66174422
2013-12-07 00:00:00,809.72,844.00,542.38,693.30,79852.42378300
2013-12-08 00:00:00,693.30,797.00,651.00,787.00,27465.08270962
2013-12-09 00:00:00,787.00,899.99,766.66,899.90,28510.03873043
2013-12-10 00:00:00,899.91,989.60,895.01,979.23,22694.67993333
2013-12-11 00:00:00,979.07,988.00,804.00,879.04,31708.38203134
2013-12-12 00:00:00,879.04,898.90,832.01,871.22,13973.52413434
2013-12-13 00:00:00,871.22,920.42,850.00,885.98,14766.95107866
2013-12-14 00:00:00,888.47,895.00,841.01,850.78,7426.55203462
2013-12-15 00:00:00,850.78,869.98,803.51,862.00,11638.00040701
2013-12-16 00:00:00,861.98,864.00,651.34,691.00,58806.70410398
2013-12-17 00:00:00,690.50,750.00,612.51,673.62,43034.02835938
2013-12-18 00:00:00,675.00,680.70,382.21,520.00,137070.17833806
2013-12-19 00:00:00,520.00,700.00,492.91,685.00,56734.10927258
2013-12-20 00:00:00,685.10,719.97,570.00,610.00,40959.74061978
2013-12-21 00:00:00,610.00,648.88,550.00,595.03,19218.17096328
2013-12-22 00:00:00,595.07,690.00,575.61,612.66,17673.23398640
2013-12-23 00:00:00,612.66,665.00,607.77,654.76,13100.16416543
2013-12-24 00:00:00,654.76,668.80,628.11,652.99,12795.80403043
2013-12-25 00:00:00,653.57,681.24,636.99,679.01,6653.00965075
2013-12-26 00:00:00,679.01,764.32,677.57,747.00,28028.63835784
2013-12-27 00:00:00,747.83,762.10,702.26,721.08,16261.66282726
2013-12-28 00:00:00,723.98,736.01,682.22,715.00,13385.19085317
2013-12-29 00:00:00,715.00,732.00,703.45,728.00,8121.30581786
2013-12-30 00:00:00,728.01,740.00,722.81,736.51,6600.23915580
2013-12-31 00:00:00,736.51,739.00,709.00,732.00,7919.32033024
2014-01-01 00:00:00,732.00,757.99,729.01,754.90,7907.63786208
2014-01-02 00:00:00,751.88,798.70,742.50,784.19,15134.16900738
2014-01-03 00:00:00,784.19,818.99,767.62,809.40,14860.26282816
2014-01-04 00:00:00,808.24,830.00,790.20,828.79,10990.14294762
2014-01-05 00:00:00,828.79,948.00,826.07,905.00,24075.94959640
2014-01-06 00:00:00,905.00,995.00,876.00,919.24,25886.90639128
2014-01-07 00:00:00,915.80,943.00,785.00,785.00,34063.52120798
2014-01-08 00:00:00,785.00,849.79,765.00,823.45,26315.75852948
2014-01-09 00:00:00,823.94,848.00,779.78,824.76,25302.24420160
2014-01-10 00:00:00,825.50,861.40,799.41,852.61,12846.16052006
2014-01-11 00:00:00,851.63,909.96,849.51,896.59,16130.91651296
2014-01-12 00:00:00,895.00,905.00,826.46,844.05,12189.17547898
2014-01-13 00:00:00,844.04,844.05,783.11,823.00,19366.39159317
2014-01-14 00:00:00,823.99,837.00,800.00,815.99,9729.54391417
2014-01-15 00:00:00,815.99,850.26,805.18,841.14,12267.77449637
2014-01-16 00:00:00,841.14,849.00,810.01,814.40,8215.45166349
2014-01-17 00:00:00,814.40,821.00,765.00,797.20,17114.93953749
2014-01-18 00:00:00,796.97,817.12,796.00,810.00,5486.84152085
2014-01-19 00:00:00,810.00,842.07,791.01,842.07,8418.00804502
2014-01-20 00:00:00,841.50,845.00,815.00,826.02,6968.15670477
2014-01-21 00:00:00,826.02,834.50,814.00,824.89,7669.59937021
2014-01-22 00:00:00,824.88,824.99,801.00,819.20,8309.09407494
2014-01-23 00:00:00,819.20,823.28,801.10,812.00,7395.00949206
2014-01-24 00:00:00,810.95,811.74,767.02,780.00,15775.20253781
2014-01-25 00:00:00,780.00,817.00,773.40,806.80,8705.56401340
2014-01-26 00:00:00,806.81,834.00,795.01,814.75,9704.13726187
2014-01-27 00:00:00,814.67,823.00,725.00,751.95,25194.23662664
2014-01-28 00:00:00,750.95,812.93,740.01,788.00,20042.81613687
2014-01-29 00:00:00,785.51,804.95,781.99,794.21,7044.52156243
2014-01-30 00:00:00,794.21,812.44,770.70,799.99,13125.54815594
2014-01-31 00:00:00,799.99,809.98,791.00,803.00,7728.16005641
2014-02-01 00:00:00,803.00,827.38,802.59,813.23,8296.06416747
2014-02-02 00:00:00,813.23,825.21,810.23,814.99,4075.68246141
2014-02-03 00:00:00,814.94,815.00,800.50,808.50,4931.83355028
2014-02-04 00:00:00,806.99,812.98,796.83,802.99,7592.00316474
2014-02-05 00:00:00,802.00,810.00,775.00,782.33,8479.50233561
2014-02-06 00:00:00,780.01,803.00,752.00,763.99,20652.60674868
2014-02-07 00:00:00,764.00,766.45,619.00,705.01,66362.25784175
2014-02-08 00:00:00,705.01,723.00,662.01,680.49,13501.11536102
2014-02-09 00:00:00,680.49,755.42,666.21,687.37,15061.93270719
2014-02-10 00:00:00,688.00,713.00,530.00,687.81,71860.53695222
2014-02-11 00:00:00,688.34,720.00,631.00,675.10,40062.43735234
2014-02-12 00:00:00,677.00,685.19,631.58,651.99,15511.78725823
2014-02-13 00:00:00,650.04,660.00,601.54,604.11,28145.81361640
2014-02-14 00:00:00,609.40,712.90,538.01,669.00,68378.14539627
2014-02-15 00:00:00,670.34,673.17,628.88,655.83,20762.64009438
2014-02-16 00:00:00,655.83,670.00,590.01,621.00,26397.57091925
2014-02-17 00:00:00,621.00,664.99,610.00,633.66,19902.43932180
2014-02-18 00:00:00,633.66,650.00,609.99,627.70,14833.93993495
2014-02-19 00:00:00,627.70,636.00,617.00,623.01,11128.47837448
2014-02-20 00:00:00,623.01,631.00,560.90,561.86,34966.69850131
2014-02-21 00:00:00,561.86,589.00,530.01,581.35,29612.93711462
2014-02-22 00:00:00,581.35,619.88,562.15,610.88,18076.09102116
2014-02-23 00:00:00,610.77,646.00,599.78,610.09,20868.15490482
2014-02-24 00:00:00,609.90,629.00,514.02,535.49,51840.81217712
2014-02-25 00:00:00,535.49,545.80,400.00,535.00,115761.98662156
2014-02-26 00:00:00,534.34,610.00,530.00,585.24,49110.90216434
2014-02-27 00:00:00,585.24,599.99,571.22,583.00,17048.07050459
2014-02-28 00:00:00,584.70,591.39,541.00,551.89,22634.32498739
2014-03-01 00:00:00,551.80,576.00,535.00,567.48,14303.94164270
2014-03-02 00:00:00,567.46,570.99,553.00,566.24,6437.39852141
2014-03-03 00:00:00,565.38,710.00,562.02,677.69,64914.82037014
2014-03-04 00:00:00,677.69,702.24,633.64,673.00,28031.31700336
2014-03-05 00:00:00,673.27,679.97,651.90,669.99,12719.61418200
2014-03-06 00:00:00,669.00,675.71,650.00,669.57,10404.69739337
2014-03-07 00:00:00,669.57,670.00,613.45,632.79,21449.42620587
2014-03-08 00:00:00,632.79,639.79,604.50,620.00,9699.02131269
2014-03-09 00:00:00,620.02,653.00,613.03,640.00,9121.47474745
2014-03-10 00:00:00,638.40,646.59,609.00,629.39,13350.32162609
2014-03-11 00:00:00,628.02,644.44,614.17,632.10,9166.62008516
2014-03-12 00:00:00,631.72,656.95,628.80,634.95,12741.36127291
2014-03-13 00:00:00,634.95,650.00,632.00,641.01,6728.15269572
2014-03-14 00:00:00,641.02,645.00,625.29,630.42,8676.83483514
2014-03-15 00:00:00,630.99,639.88,625.32,637.24,2202.21801447
2014-03-16 00:00:00,637.58,639.39,629.02,634.99,3296.50753371
2014-03-17 00:00:00,634.99,634.99,619.46,621.11,9165.08796086
2014-03-18 00:00:00,622.97,624.17,591.13,612.00,14907.79764662
2014-03-19 00:00:00,613.84,623.95,605.11,611.20,7079.91716071
2014-03-20 00:00:00,610.01,611.30,578.66,587.98,10906.66527996
2014-03-21 00:00:00,585.60,607.88,556.00,570.00,22418.17284294
2014-03-22 00:00:00,569.99,571.99,541.00,565.31,13614.29823426
2014-03-23 00:00:00,564.31,569.48,556.74,561.00,6098.75124042
2014-03-24 00:00:00,558.22,592.60,547.00,585.99,13674.05994214
2014-03-25 00:00:00,585.90,587.48,568.86,583.77,8107.38220171
2014-03-26 00:00:00,583.77,592.00,565.00,581.49,10310.36256376
2014-03-27 00:00:00,581.48,581.59,466.10,475.00,49205.95632382
2014-03-28 00:00:00,475.00,532.00,468.30,502.01,34960.05557790
2014-03-29 00:00:00,502.01,508.00,486.97,491.99,7446.55826452
2014-03-30 00:00:00,491.99,492.00,436.00,460.00,31437.04543486
2014-03-31 00:00:00,460.00,486.70,438.00,454.83,20986.65095993
2014-04-01 00:00:00,454.81,509.98,452.04,478.98,22904.80786015
2014-04-02 00:00:00,478.98,494.98,430.00,439.00,34478.66605231
2014-04-03 00:00:00,438.90,465.00,416.11,451.03,26944.97730513
2014-04-04 00:00:00,451.03,459.50,430.77,452.20,15699.31017002
2014-04-05 00:00:00,450.00,464.80,441.25,464.80,6467.31793588
2014-04-06 00:00:00,464.80,465.00,450.20,456.27,5283.84837762
2014-04-07 00:00:00,459.97,464.19,446.00,447.11,7419.24793683
2014-04-08 00:00:00,447.11,459.80,446.24,453.57,5844.42247340
2014-04-09 00:00:00,453.57,457.30,438.08,441.69,8006.60407040
2014-04-10 00:00:00,441.69,442.46,357.57,363.12,49713.84445346
2014-04-11 00:00:00,363.10,432.22,339.79,423.00,42124.74577436
2014-04-12 00:00:00,423.00,439.50,413.72,423.42,10809.05206440
2014-04-13 00:00:00,424.91,427.75,397.16,416.30,11017.88490469
2014-04-14 00:00:00,416.29,475.00,408.00,458.50,33640.67485637
2014-04-15 00:00:00,459.99,528.75,453.16,521.00,32622.07731475
2014-04-16 00:00:00,523.10,548.00,494.02,530.00,30710.47011727
2014-04-17 00:00:00,529.26,533.80,481.63,500.09,20052.70199809
2014-04-18 00:00:00,500.09,506.97,470.00,483.11,11142.83976600
2014-04-19 00:00:00,482.10,507.43,472.81,503.80,10268.73294781
2014-04-20 00:00:00,505.18,516.53,493.00,500.00,5798.58019722
2014-04-21 00:00:00,501.07,515.00,490.00,496.74,8377.05680943
2014-04-22 00:00:00,497.98,504.90,485.20,490.00,8521.46548043
2014-04-23 00:00:00,490.00,495.20,484.61,492.00,5696.00906268
2014-04-24 00:00:00,491.94,505.00,480.00,502.20,7952.77348869
2014-04-25 00:00:00,502.15,503.99,438.05,466.52,33416.96300818
2014-04-26 00:00:00,466.71,470.96,451.07,459.00,8812.12009945
2014-04-27 00:00:00,459.22,461.97,429.95,430.00,9312.34600754
2014-04-28 00:00:00,430.00,452.16,424.00,442.90,18282.98597230
2014-04-29 00:00:00,440.41,454.47,432.02,448.00,13844.63506405
2014-04-30 00:00:00,448.00,453.99,433.08,448.85,10757.36482184
2014-05-01 00:00:00,449.00,465.88,447.97,460.97,9556.03788617
2014-05-02 00:00:00,460.97,462.99,444.51,454.50,8269.89141728
2014-05-03 00:00:00,452.00,454.50,431.00,439.00,7431.62647961
2014-05-04 00:00:00,439.00,442.83,429.55,438.04,5154.40779439
2014-05-05 00:00:00,435.88,445.00,425.00,433.00,8188.08279477
2014-05-06 00:00:00,431.64,434.00,420.27,428.01,8041.19841525
2014-05-07 00:00:00,429.00,452.00,425.67,440.00,13248.34902294
2014-05-08 00:00:00,441.47,450.08,437.61,437.69,6326.64918367
2014-05-09 00:00:00,439.60,457.08,437.71,452.37,8282.11115483
2014-05-10 00:00:00,452.78,459.24,449.79,455.39,4130.38790298
2014-05-11 00:00:00,457.70,458.20,429.60,440.00,8863.68574441
2014-05-12 00:00:00,437.67,443.77,431.56,442.50,4582.44144849
2014-05-13 00:00:00,442.48,442.75,430.61,439.12,5969.67167394
2014-05-14 00:00:00,439.12,449.96,438.36,446.00,6398.98824957
2014-05-15 00:00:00,444.07,452.67,444.02,446.00,5496.48180562
2014-05-16 00:00:00,446.27,452.41,444.50,447.31,3667.08110965
2014-05-17 00:00:00,447.55,451.48,445.01,449.06,2295.07351646
2014-05-18 00:00:00,449.07,451.43,444.52,446.91,2498.74305537
2014-05-19 00:00:00,446.91,450.00,441.44,448.34,4723.48939284
2014-05-20 00:00:00,448.34,500.00,447.14,489.00,28210.08506636
2014-05-21 00:00:00,489.00,499.10,487.11,493.98,7111.89958690
2014-05-22 00:00:00,493.98,530.00,492.65,529.99,17439.03492533
2014-05-23 00:00:00,529.99,547.10,518.55,523.77,19619.56224587
2014-05-24 00:00:00,523.75,529.06,515.40,528.44,5528.52161577
2014-05-25 00:00:00,528.44,586.34,527.09,573.90,19782.59517625
2014-05-26 00:00:00,573.50,593.48,565.58,581.88,11633.71988586
2014-05-27 00:00:00,581.87,595.00,550.22,572.70,19805.25778576
2014-05-28 00:00:00,572.70,582.26,563.45,580.66,8980.55145796
2014-05-29 00:00:00,580.66,582.10,560.05,572.37,8110.31804184
2014-05-30 00:00:00,572.37,629.40,568.56,621.00,22502.94353545
2014-05-31 00:00:00,621.00,628.50,611.00,627.80,9696.70747452
2014-06-01 00:00:00,627.80,683.26,618.53,630.99,24149.97945797
2014-06-02 00:00:00,630.99,678.00,613.03,661.22,20087.27572293
2014-06-03 00:00:00,662.00,680.99,649.61,670.14,13572.80908815
2014-06-04 00:00:00,668.90,673.61,621.86,640.59,17375.56805213
2014-06-05 00:00:00,640.55,669.63,639.69,661.48,10724.81281580
2014-06-06 00:00:00,661.46,662.13,647.16,647.16,6452.18388554
2014-06-07 00:00:00,647.16,657.13,635.88,657.13,5749.30472799
2014-06-08 00:00:00,657.13,661.11,651.70,658.00,2600.85039580
2014-06-09 00:00:00,658.00,659.00,639.93,648.83,6798.26691408
2014-06-10 00:00:00,648.83,657.41,642.45,648.55,5909.59291707
2014-06-11 00:00:00,648.55,652.39,615.00,620.50,10429.62396539
2014-06-12 00:00:00,623.81,630.36,550.00,569.10,24822.48984168
2014-06-13 00:00:00,569.98,611.99,563.00,592.00,18670.61329898
2014-06-14 00:00:00,592.00,593.53,538.38,566.58,16567.97164988
2014-06-15 00:00:00,566.58,593.00,552.11,588.55,8807.69919892
2014-06-16 00:00:00,592.00,610.00,582.01,586.91,10767.82716810
2014-06-17 00:00:00,587.00,610.20,580.00,606.48,6588.30888155
2014-06-18 00:00:00,606.48,616.00,599.90,607.00,6744.90183982
2014-06-19 00:00:00,607.99,609.98,590.00,593.40,4638.14295037
2014-06-20 00:00:00,593.41,598.68,580.51,588.02,6709.97949424
2014-06-21 00:00:00,590.00,594.99,580.00,591.29,2949.19025766
2014-06-22 00:00:00,591.33,605.05,587.82,600.34,3856.98903213
2014-06-23 00:00:00,600.34,601.00,580.46,588.22,5295.94498307
2014-06-24 00:00:00,588.22,588.25,572.10,572.62,6502.14511419
2014-06-25 00:00:00,574.00,579.70,554.45,560.40,8893.45697276
2014-06-26 00:00:00,560.40,580.11,557.20,579.99,4674.87892834
2014-06-27 00:00:00,580.09,600.00,574.00,599.99,9183.33155023
2014-06-28 00:00:00,599.99,604.21,589.56,589.56,3084.68947887
2014-06-29 00:00:00,591.46,601.79,589.56,599.89,1593.33179969
2014-06-30 00:00:00,599.86,647.09,595.51,641.11,15516.12603652
2014-07-01 00:00:00,640.00,658.88,638.00,638.25,9497.73976296
2014-07-02 00:00:00,638.25,658.75,638.00,650.50,5305.55272768
2014-07-03 00:00:00,650.49,652.79,638.79,645.99,4969.91178981
2014-07-04 00:00:00,648.48,650.48,616.30,629.00,8739.04642335
2014-07-05 00:00:00,628.81,632.97,623.23,630.00,1830.57985986
2014-07-06 00:00:00,630.90,639.00,622.86,630.57,3334.94354159
2014-07-07 00:00:00,633.87,636.00,612.90,622.09,7109.07789511
2014-07-08 00:00:00,622.09,626.22,616.89,623.98,2675.17329599
2014-07-09 00:00:00,623.98,626.88,618.71,621.97,2303.75559449
2014-07-10 00:00:00,621.96,623.93,607.90,616.87,6335.71200097
2014-07-11 00:00:00,616.87,635.00,613.46,635.00,6094.53367548
2014-07-12 00:00:00,634.99,642.57,628.70,638.10,3794.25754759
2014-07-13 00:00:00,637.90,638.73,626.09,630.88,4158.79112509
2014-07-14 00:00:00,630.88,632.00,616.84,621.17,3827.42452590
2014-07-15 00:00:00,621.15,626.25,616.09,622.90,3535.74807055
2014-07-16 00:00:00,622.90,625.00,610.01,616.86,5348.93295307
2014-07-17 00:00:00,617.39,629.00,610.00,622.20,4902.14257900
2014-07-18 00:00:00,626.30,632.96,618.46,632.60,5026.34015101
2014-07-19 00:00:00,632.59,632.60,625.00,628.63,1923.59164607
2014-07-20 00:00:00,630.00,630.00,620.00,627.00,1467.59140174
2014-07-21 00:00:00,626.98,628.00,615.00,622.73,3959.65544460
2014-07-22 00:00:00,622.63,624.99,618.26,618.26,3364.10445806
2014-07-23 00:00:00,619.99,623.00,615.51,621.00,4040.73704089
2014-07-24 00:00:00,620.95,621.99,591.12,601.66,10241.00858618
2014-07-25 00:00:00,603.96,609.65,592.97,602.93,4843.77880284
2014-07-26 00:00:00,602.93,603.00,590.00,596.23,3607.97621754
2014-07-27 00:00:00,596.23,602.83,589.00,590.30,3792.78527365
2014-07-28 00:00:00,592.61,596.00,570.50,586.53,10539.93211413
2014-07-29 00:00:00,589.88,591.95,578.00,585.95,4084.10767328
2014-07-30 00:00:00,585.93,586.00,557.12,563.84,10498.74204272
2014-07-31 00:00:00,563.83,590.00,555.90,582.04,9383.41349936
2014-08-01 00:00:00,583.54,607.20,581.77,598.20,11939.59492142
2014-08-02 00:00:00,597.84,599.09,584.95,589.59,3529.71854524
2014-08-03 00:00:00,589.60,591.00,578.21,588.91,2802.92118247
2014-08-04 00:00:00,588.96,595.70,581.80,588.50,5259.62783511
2014-08-05 00:00:00,588.50,589.00,578.25,581.76,6905.35292190
2014-08-06 00:00:00,581.75,586.36,576.44,581.16,7580.22972012
2014-08-07 00:00:00,581.16,591.90,579.00,585.84,4436.02538924
2014-08-08 00:00:00,585.84,595.00,584.00,588.02,4367.06223673
2014-08-09 00:00:00,588.99,591.35,585.21,587.97,1626.62584577
2014-08-10 00:00:00,589.82,597.00,586.00,590.96,3211.09141939
2014-08-11 00:00:00,590.98,590.99,571.00,573.98,6086.60291397
2014-08-12 00:00:00,574.55,574.59,561.90,566.69,6463.80393643
2014-08-13 00:00:00,569.39,572.00,524.55,548.81,25509.09742988
2014-08-14 00:00:00,549.85,551.86,497.00,507.99,25826.72212001
2014-08-15 00:00:00,507.99,521.79,481.55,500.25,16594.58663564
2014-08-16 00:00:00,502.48,529.80,485.00,521.97,12657.92306735
2014-08-17 00:00:00,523.47,524.80,485.39,496.86,10314.49245533
2014-08-18 00:00:00,498.00,510.00,442.00,475.22,28851.03396159
2014-08-19 00:00:00,474.74,493.98,453.01,491.98,17807.05682966
2014-08-20 00:00:00,491.98,527.01,466.00,516.39,19220.07652475
2014-08-21 00:00:00,516.39,534.14,510.00,519.28,14187.29751604
2014-08-22 00:00:00,519.29,528.00,500.01,514.65,15393.04567173
2014-08-23 00:00:00,514.65,514.69,487.00,497.00,8432.27651658
2014-08-24 00:00:00,496.96,515.95,495.02,507.85,5765.35731970
2014-08-25 00:00:00,507.84,508.46,496.79,503.82,5773.91627729
2014-08-26 00:00:00,503.74,516.00,502.27,512.18,6716.16026767
2014-08-27 00:00:00,514.40,523.09,510.00,511.87,7791.96468822
2014-08-28 00:00:00,511.87,514.98,505.93,506.00,7119.02351699
2014-08-29 00:00:00,506.94,514.98,501.25,509.30,7246.60661668
2014-08-30 00:00:00,509.30,509.42,498.13,500.85,4403.40225745
2014-08-31 00:00:00,501.49,504.75,473.33,479.04,11289.83523732
2014-09-01 00:00:00,479.01,490.00,472.01,474.54,9091.87194074
2014-09-02 00:00:00,475.89,484.61,470.42,474.50,7333.51314038
2014-09-03 00:00:00,474.50,477.99,471.00,474.89,4742.88446091
2014-09-04 00:00:00,474.86,497.00,471.04,487.43,10793.60318620
2014-09-05 00:00:00,489.61,489.96,473.03,477.65,5212.43495157
2014-09-06 00:00:00,477.65,485.00,477.16,479.78,2770.79627418
2014-09-07 00:00:00,479.99,483.00,474.95,475.43,2858.65175279
2014-09-08 00:00:00,477.40,478.39,456.30,468.33,14567.96157896
2014-09-09 00:00:00,468.32,476.40,459.18,473.20,9121.83125763
2014-09-10 00:00:00,473.34,492.00,473.32,476.57,11509.59447324
2014-09-11 00:00:00,477.78,480.00,465.00,475.90,7936.72859426
2014-09-12 00:00:00,477.43,478.00,462.00,474.62,6097.71157068
2014-09-13 00:00:00,473.08,480.13,467.43,477.98,5828.26364902
2014-09-14 00:00:00,477.99,481.58,473.59,475.49,3884.67652657
2014-09-15 00:00:00,475.47,479.62,467.76,469.47,6221.85047546
2014-09-16 00:00:00,469.47,473.69,462.00,462.02,5948.75900070
2014-09-17 00:00:00,463.48,465.57,443.57,452.09,12477.77437895
2014-09-18 00:00:00,452.99,452.99,407.94,425.00,22063.88469165
2014-09-19 00:00:00,426.62,429.00,378.78,395.86,29732.72036196
2014-09-20 00:00:00,395.86,431.11,390.00,408.76,19916.52493458
2014-09-21 00:00:00,410.92,413.53,390.00,399.55,14182.71565192
2014-09-22 00:00:00,400.77,409.38,396.26,400.07,10803.01757962
2014-09-23 00:00:00,399.77,452.67,393.60,438.97,26999.29385000
2014-09-24 00:00:00,440.85,441.78,418.83,423.68,14141.19892519
2014-09-25 00:00:00,423.57,423.90,400.00,408.76,15016.86905400
2014-09-26 00:00:00,410.00,414.35,396.53,403.57,9921.11699487
2014-09-27 00:00:00,405.08,408.99,396.57,401.77,5472.59979258
2014-09-28 00:00:00,399.16,403.99,368.90,375.35,16139.76492826
2014-09-29 00:00:00,375.35,386.03,365.20,374.20,20026.50713044
2014-09-30 00:00:00,374.17,397.75,371.80,391.09,14289.95929522
2014-10-01 00:00:00,389.56,393.79,377.01,384.86,13037.59844952
2014-10-02 00:00:00,384.85,385.82,372.00,374.68,10414.19712293
2014-10-03 00:00:00,376.29,378.11,353.75,358.74,20408.97505396
2014-10-04 00:00:00,358.71,365.07,322.04,326.21,28981.80406599
2014-10-05 00:00:00,326.24,339.43,275.00,323.52,61726.37160870
2014-10-06 00:00:00,322.82,347.00,295.89,328.59,69537.66216756
2014-10-07 00:00:00,328.56,336.99,312.37,334.80,22961.89001301
2014-10-08 00:00:00,334.80,359.00,326.93,355.73,28614.83106510
2014-10-09 00:00:00,355.73,395.55,349.00,364.01,47817.25004767
2014-10-10 00:00:00,364.01,380.08,351.10,360.89,20543.27563738
2014-10-11 00:00:00,360.85,368.06,352.10,362.00,9973.26870580
2014-10-12 00:00:00,362.77,383.60,354.71,378.11,14250.47171152
2014-10-13 00:00:00,378.48,405.00,368.07,392.60,26083.74635605
2014-10-14 00:00:00,392.99,417.99,390.48,403.38,24822.16245713
2014-10-15 00:00:00,402.01,404.32,385.92,394.52,19147.69042041
2014-10-16 00:00:00,394.52,399.00,370.10,383.95,22776.51542094
2014-10-17 00:00:00,384.19,386.00,370.96,383.65,10507.82628734
2014-10-18 00:00:00,383.20,397.29,377.00,390.58,7074.82542790
2014-10-19 00:00:00,390.59,394.25,385.00,387.53,3242.37367978
2014-10-20 00:00:00,389.06,390.65,376.20,381.21,12081.79942479
2014-10-21 00:00:00,381.00,393.55,378.98,385.81,7953.32305008
2014-10-22 00:00:00,385.79,388.87,380.00,382.04,8315.65019597
2014-10-23 00:00:00,382.05,384.55,352.40,357.18,21058.44056541
2014-10-24 00:00:00,356.81,363.71,344.34,358.86,15639.50451721
2014-10-25 00:00:00,358.78,359.10,341.22,348.69,11095.79913905
2014-10-26 00:00:00,348.69,363.00,344.50,355.18,7916.85437019
2014-10-27 00:00:00,355.19,358.65,349.21,350.00,9540.67167766
2014-10-28 00:00:00,351.03,359.50,350.09,356.96,7003.93645080
2014-10-29 00:00:00,355.71,355.99,333.33,335.70,13256.25448124
2014-10-30 00:00:00,336.37,352.83,332.99,346.14,14119.76518683
2014-10-31 00:00:00,346.14,347.96,335.50,337.99,7525.75724528
2014-11-01 00:00:00,337.99,339.47,316.61,324.70,14970.55785560
2014-11-02 00:00:00,324.55,329.00,318.24,324.36,8335.41686150
2014-11-03 00:00:00,324.23,333.99,322.74,325.50,11276.27248027
2014-11-04 00:00:00,326.45,332.90,320.00,330.22,13703.07796895
2014-11-05 00:00:00,329.96,344.17,328.80,338.38,15373.39989187
2014-11-06 00:00:00,338.37,353.10,336.27,349.99,14288.79665307
2014-11-07 00:00:00,349.99,352.15,340.40,342.16,7243.12542476
2014-11-08 00:00:00,342.16,347.75,340.60,345.39,3771.03248920
2014-11-09 00:00:00,346.19,366.35,343.40,364.77,10537.15947888
2014-11-10 00:00:00,365.37,377.77,357.30,366.43,19273.07459974
2014-11-11 00:00:00,366.43,371.52,360.28,370.65,7702.42181852
2014-11-12 00:00:00,370.09,434.80,369.85,426.63,44040.40209560
2014-11-13 00:00:00,426.64,453.92,381.55,420.93,49884.51198201
2014-11-14 00:00:00,417.85,420.30,382.95,399.98,21657.71043489
2014-11-15 00:00:00,399.97,407.22,369.00,376.99,14428.76907096
2014-11-16 00:00:00,376.97,395.00,375.00,389.86,9680.49225548
2014-11-17 00:00:00,389.86,415.00,375.00,387.69,24309.43918879
2014-11-18 00:00:00,388.72,394.64,371.00,374.88,15205.25595290
2014-11-19 00:00:00,374.87,386.39,371.70,379.03,8984.98122340
2014-11-20 00:00:00,379.04,381.80,351.80,356.47,16380.89470034
2014-11-21 00:00:00,356.47,358.49,342.05,351.20,15248.88656337
2014-11-22 00:00:00,351.19,365.93,350.70,353.12,6705.69768625
2014-11-23 00:00:00,354.29,373.50,353.01,367.17,7971.84683090
2014-11-24 00:00:00,367.17,389.99,366.67,375.99,19079.67673317
2014-11-25 00:00:00,375.99,395.11,374.31,377.37,16156.69521149
2014-11-26 00:00:00,377.05,379.22,363.38,368.50,13021.29404586
2014-11-27 00:00:00,368.50,375.33,366.37,369.98,6218.38973362
2014-11-28 00:00:00,369.98,381.34,358.00,376.86,13791.86724228
2014-11-29 00:00:00,376.00,386.60,372.25,375.49,7252.09196527
2014-11-30 00:00:00,375.48,381.99,373.32,377.01,3085.29878738
2014-12-01 00:00:00,376.09,382.31,373.03,376.53,6937.82496739
2014-12-02 00:00:00,376.53,382.86,375.23,379.52,6550.77898256
2014-12-03 00:00:00,379.52,383.00,374.01,375.33,8457.23114708
2014-12-04 00:00:00,376.61,378.99,360.00,369.16,12332.87330712
2014-12-05 00:00:00,369.89,377.89,365.61,376.00,8600.51463149
2014-12-06 00:00:00,376.00,376.99,371.31,374.38,2386.12878340
2014-12-07 00:00:00,375.05,377.50,373.16,377.26,2490.66834657
2014-12-08 00:00:00,376.03,377.26,359.01,361.30,12336.72926731
2014-12-09 00:00:00,362.74,364.59,343.97,352.03,19034.12180696
2014-12-10 00:00:00,352.02,353.74,345.00,345.21,6964.18847778
2014-12-11 00:00:00,345.22,364.43,339.80,348.90,16159.74714638
2014-12-12 00:00:00,348.88,358.59,348.00,352.24,8079.63021756
2014-12-13 00:00:00,353.33,354.41,347.03,351.67,3845.24282719
2014-12-14 00:00:00,351.67,359.30,347.44,356.52,6538.89309650
2014-12-15 00:00:00,357.30,357.30,346.21,349.00,8092.84138056
2014-12-16 00:00:00,348.85,349.35,327.34,329.05,18183.37192451
2014-12-17 00:00:00,329.05,335.99,315.23,322.00,22891.99364168
2014-12-18 00:00:00,321.96,325.61,304.99,312.67,21603.61278539
2014-12-19 00:00:00,312.65,320.00,307.11,318.33,15995.61891376
2014-12-20 00:00:00,318.58,333.00,316.52,331.79,11378.88850850
2014-12-21 00:00:00,331.77,332.31,318.78,320.01,6358.08248460
2014-12-22 00:00:00,320.88,333.99,319.90,331.56,11812.76642619
2014-12-23 00:00:00,332.52,338.99,327.49,336.92,7679.77400906
2014-12-24 00:00:00,336.90,336.90,320.92,323.06,5884.87599768
2014-12-25 00:00:00,323.03,323.72,316.63,319.86,3888.24814964
2014-12-26 00:00:00,319.85,332.00,316.64,328.27,6406.26442873
2014-12-27 00:00:00,329.31,329.31,311.63,316.47,8687.53555717
2014-12-28 00:00:00,316.48,319.56,311.22,317.64,4121.07585359
2014-12-29 00:00:00,317.64,320.14,310.26,313.01,6929.62620397
2014-12-30 00:00:00,313.36,316.77,310.00,311.07,8885.65978227
2014-12-31 00:00:00,311.10,321.00,310.69,321.00,6338.20111979
2015-01-01 00:00:00,321.00,321.00,312.60,313.81,3087.43655395
2015-01-02 00:00:00,313.82,317.01,311.96,315.42,3468.28137523
2015-01-03 00:00:00,315.42,316.58,280.00,282.00,21752.71914628
2015-01-04 00:00:00,280.00,289.39,255.00,264.00,41441.27855287
2015-01-05 00:00:00,264.55,280.00,264.07,276.80,9528.27100203
2015-01-06 00:00:00,276.80,276.80,276.80,276.80,0.00000000
2015-01-07 00:00:00,276.80,276.80,276.80,276.80,0.00000000
2015-01-08 00:00:00,276.80,276.80,276.80,276.80,0.00000000
2015-01-09 00:00:00,272.45,305.00,272.45,293.97,9914.24959431
2015-01-10 00:00:00,293.89,295.00,271.03,275.59,29448.77784520
2015-01-11 00:00:00,275.60,280.94,262.08,266.39,12758.94904418
2015-01-12 00:00:00,266.34,272.43,263.54,267.42,10478.25021362
2015-01-13 00:00:00,267.10,268.15,216.00,227.00,60556.16271657
2015-01-14 00:00:00,227.01,230.89,152.40,171.41,124188.88508262
2015-01-15 00:00:00,172.00,233.90,168.50,210.98,83488.41618527
2015-01-16 00:00:00,210.69,223.15,198.04,208.03,34723.34835252
2015-01-17 00:00:00,208.02,212.84,192.17,199.69,19121.88947943
2015-01-18 00:00:00,199.69,222.00,195.02,211.85,18205.18036191
2015-01-19 00:00:00,211.80,220.94,207.70,216.34,13037.39910942
2015-01-20 00:00:00,216.01,216.81,201.98,210.65,14129.24018574
2015-01-21 00:00:00,211.94,228.90,205.00,227.16,23160.65691071
2015-01-22 00:00:00,227.75,239.00,226.01,234.08,25405.32961321
2015-01-23 00:00:00,234.08,240.00,225.55,233.64,15268.26848621
2015-01-24 00:00:00,233.42,249.99,230.03,249.19,13793.77647935
2015-01-25 00:00:00,249.33,257.00,241.33,255.31,28760.92842785
2015-01-26 00:00:00,254.67,309.90,254.67,274.80,55829.61359418
2015-01-27 00:00:00,274.76,278.51,243.10,263.98,21159.82627628
2015-01-28 00:00:00,263.97,266.45,225.91,236.07,28092.33473262
2015-01-29 00:00:00,236.07,242.18,220.00,235.79,26012.16941088
2015-01-30 00:00:00,235.12,244.98,225.52,228.98,20614.83694356
2015-01-31 00:00:00,228.96,234.80,215.75,216.90,19208.27905286
2015-02-01 00:00:00,218.04,233.00,208.48,226.93,18408.25262142
2015-02-02 00:00:00,226.93,241.98,221.79,238.47,15612.79489965
2015-02-03 00:00:00,238.38,244.39,223.79,227.99,17499.53324051
2015-02-04 00:00:00,227.94,231.00,220.02,227.00,14983.46398269
2015-02-05 00:00:00,226.93,229.00,210.43,216.81,12982.78595784
2015-02-06 00:00:00,216.46,225.86,210.59,223.37,10951.78709403
2015-02-07 00:00:00,223.44,231.14,221.77,228.30,9663.67430958
2015-02-08 00:00:00,228.78,232.89,217.28,223.88,13775.00949471
2015-02-09 00:00:00,223.92,225.99,215.00,220.90,19473.95664749
2015-02-10 00:00:00,220.91,222.00,215.00,220.42,6882.64684416
2015-02-11 00:00:00,220.42,223.43,217.99,219.55,10676.29307650
2015-02-12 00:00:00,219.57,223.09,218.01,223.00,6964.60636718
2015-02-13 00:00:00,223.02,242.35,221.37,237.00,21412.45902435
2015-02-14 00:00:00,237.00,259.31,236.90,256.99,19824.75305470
2015-02-15 00:00:00,256.81,267.92,227.75,235.63,29173.27099242
2015-02-16 00:00:00,235.61,241.23,229.20,234.70,12394.82940626
2015-02-17 00:00:00,234.69,248.78,232.01,244.70,13121.54112887
2015-02-18 00:00:00,244.60,247.00,232.01,237.37,12821.91161908
2015-02-19 00:00:00,237.37,245.01,235.59,240.59,8704.33972786
2015-02-20 00:00:00,240.61,249.32,239.41,245.48,9342.68925514
2015-02-21 00:00:00,245.00,247.80,244.00,245.41,2982.21200485
2015-02-22 00:00:00,245.84,247.42,232.48,236.50,7751.74971592
2015-02-23 00:00:00,236.46,241.00,232.05,239.65,6327.72647507
2015-02-24 00:00:00,239.63,240.97,236.07,239.55,5144.11355689
2015-02-25 00:00:00,239.53,240.98,236.00,237.97,3810.53504108
2015-02-26 00:00:00,237.99,238.55,234.01,236.84,5492.00801445
2015-02-27 00:00:00,236.83,256.15,236.16,252.78,22012.00337072
2015-02-28 00:00:00,252.29,254.56,245.20,253.47,5626.62832387
2015-03-01 00:00:00,253.45,260.25,245.00,258.34,9678.17855999
2015-03-02 00:00:00,257.95,277.00,255.61,274.93,18015.25979410
2015-03-03 00:00:00,275.95,284.95,265.89,281.00,20977.32087667
2015-03-04 00:00:00,281.03,283.88,264.94,270.78,14313.16689305
2015-03-05 00:00:00,270.72,280.50,262.20,273.09,11428.33845657
2015-03-06 00:00:00,273.46,276.46,269.00,272.68,6853.27991548
2015-03-07 00:00:00,272.61,279.48,270.00,276.71,5716.65477613
2015-03-08 00:00:00,276.71,277.57,271.12,275.00,4430.69079482
2015-03-09 00:00:00,275.00,289.00,274.17,287.12,11996.31878526
2015-03-10 00:00:00,287.12,296.80,283.96,290.00,13129.06090198
2015-03-11 00:00:00,290.00,296.79,285.83,296.54,6737.50300267
2015-03-12 00:00:00,296.29,297.95,289.00,295.31,7880.67396576
2015-03-13 00:00:00,295.66,295.66,282.99,283.25,9610.54940209
2015-03-14 00:00:00,283.25,287.69,280.46,282.01,5375.79972728
2015-03-15 00:00:00,282.36,287.75,281.42,286.75,2430.04567943
2015-03-16 00:00:00,286.79,294.26,285.78,289.27,6499.91827306
2015-03-17 00:00:00,289.27,292.99,281.90,282.80,6447.41955337
2015-03-18 00:00:00,282.80,284.00,249.02,256.45,21654.68207136
2015-03-19 00:00:00,256.59,265.95,249.00,261.81,15017.74171871
2015-03-20 00:00:00,261.97,265.27,257.00,261.96,5678.38004156
2015-03-21 00:00:00,261.92,262.49,256.25,260.00,4623.89487205
2015-03-22 00:00:00,260.00,272.00,259.24,267.74,5976.83852547
2015-03-23 00:00:00,268.28,270.07,259.50,265.94,8658.47290411
2015-03-24 00:00:00,265.98,266.52,241.84,245.00,19085.78920377
2015-03-25 00:00:00,245.29,250.00,236.40,246.94,12881.63276700
2015-03-26 00:00:00,246.99,253.75,244.91,249.23,8385.93723302
2015-03-27 00:00:00,249.23,250.52,245.12,247.94,6089.84638076
2015-03-28 00:00:00,247.93,253.83,247.25,252.87,5685.63955930
2015-03-29 00:00:00,252.91,252.96,239.96,242.00,6690.22838851
2015-03-30 00:00:00,242.41,248.86,236.52,247.95,7951.74713786
2015-03-31 00:00:00,247.95,248.59,238.55,244.24,8114.08955665
2015-04-01 00:00:00,243.93,246.83,239.32,246.69,6226.01646439
2015-04-02 00:00:00,246.68,256.96,244.52,253.28,9806.82220308
2015-04-03 00:00:00,253.22,256.67,251.23,254.19,5048.57737559
2015-04-04 00:00:00,254.19,255.85,250.76,253.70,2769.28165782
2015-04-05 00:00:00,253.60,261.00,251.65,260.54,5759.36016001
2015-04-06 00:00:00,260.57,262.98,254.00,255.58,5960.67763299
2015-04-07 00:00:00,255.54,256.62,251.50,253.72,6010.26758151
2015-04-08 00:00:00,253.71,254.96,243.06,244.58,11663.65615515
2015-04-09 00:00:00,244.84,246.30,238.47,243.43,7943.71054055
2015-04-10 00:00:00,243.75,243.94,231.00,235.99,11549.63065654
2015-04-11 00:00:00,235.99,239.42,233.00,236.15,4108.50400057
2015-04-12 00:00:00,236.09,237.50,233.42,236.50,3173.32765095
2015-04-13 00:00:00,236.42,236.90,219.64,223.15,13924.22670560
2015-04-14 00:00:00,222.97,224.79,210.00,215.80,18582.18957531
2015-04-15 00:00:00,215.78,222.88,214.05,222.88,9949.32442139
2015-04-16 00:00:00,222.83,229.67,222.44,227.50,10834.87328684
2015-04-17 00:00:00,227.36,228.29,220.00,222.60,7928.39539992
2015-04-18 00:00:00,222.60,224.72,220.32,223.40,4620.31557899
2015-04-19 00:00:00,223.35,227.35,221.91,222.54,5901.49567575
2015-04-20 00:00:00,222.54,226.51,221.43,224.30,5966.86123930
2015-04-21 00:00:00,224.30,236.00,223.91,235.74,9923.67825035
2015-04-22 00:00:00,235.71,238.64,229.10,233.45,10710.50024020
2015-04-23 00:00:00,233.25,236.22,232.01,235.98,8352.85732174
2015-04-24 00:00:00,235.61,236.00,228.00,230.24,8543.66710734
2015-04-25 00:00:00,231.04,232.29,225.70,226.12,5286.09859352
2015-04-26 00:00:00,226.12,227.26,214.98,219.52,11238.35628810
2015-04-27 00:00:00,219.52,229.93,217.52,227.23,13816.49148053
2015-04-28 00:00:00,227.17,227.56,221.45,225.16,9345.78320741
2015-04-29 00:00:00,225.18,226.99,221.81,225.48,8668.36064954
2015-04-30 00:00:00,225.50,240.00,224.60,236.20,12490.20235984
2015-05-01 00:00:00,236.47,239.23,230.51,231.00,6687.12335919
2015-05-02 00:00:00,231.05,234.90,229.87,233.83,4350.05906771
2015-05-03 00:00:00,233.83,242.25,232.31,239.00,4407.81416718
2015-05-04 00:00:00,239.73,242.20,236.07,238.34,7504.68875392
2015-05-05 00:00:00,238.22,238.78,229.66,235.12,8621.54731857
2015-05-06 00:00:00,235.18,235.94,227.01,228.49,8623.82721204
2015-05-07 00:00:00,228.34,240.00,227.35,236.87,11062.64912012
2015-05-08 00:00:00,236.92,246.57,235.29,243.20,9486.75496765
2015-05-09 00:00:00,243.22,247.01,238.62,241.96,5499.60615915
2015-05-10 00:00:00,241.83,244.99,238.02,239.13,3520.24220877
2015-05-11 00:00:00,239.13,244.51,237.99,241.30,9690.63948632
2015-05-12 00:00:00,241.30,242.00,237.54,241.03,8418.71568249
2015-05-13 00:00:00,241.03,244.14,235.06,235.97,9332.46630536
2015-05-14 00:00:00,235.97,239.70,232.22,237.13,7530.50080830
2015-05-15 00:00:00,237.12,239.28,235.12,237.37,4536.92896144
2015-05-16 00:00:00,237.39,237.40,234.00,235.66,3116.78947332
2015-05-17 00:00:00,235.43,237.00,234.15,235.97,2645.16140795
2015-05-18 00:00:00,235.69,236.94,231.44,232.87,7443.21982028
2015-05-19 00:00:00,233.03,234.24,230.86,231.40,5568.27679815
2015-05-20 00:00:00,231.40,234.86,231.00,234.43,7823.35662916
2015-05-21 00:00:00,234.40,236.52,233.75,235.00,4609.28122677
2015-05-22 00:00:00,235.00,240.90,232.92,238.99,10451.79948446
2015-05-23 00:00:00,238.80,240.67,237.40,237.76,3216.27981892
2015-05-24 00:00:00,237.87,241.64,237.66,239.22,2921.54797112
2015-05-25 00:00:00,239.69,240.10,233.10,235.59,5625.08705698
2015-05-26 00:00:00,235.72,237.96,234.00,235.71,8590.07576695
2015-05-27 00:00:00,235.71,237.35,234.00,235.17,8572.87348853
2015-05-28 00:00:00,235.32,236.80,234.87,236.46,5005.98078357
2015-05-29 00:00:00,236.46,236.52,234.00,236.03,6165.89141257
2015-05-30 00:00:00,236.03,236.03,231.00,232.11,4245.94446818
2015-05-31 00:00:00,232.11,232.51,228.00,228.91,4372.20830970
2015-06-01 00:00:00,228.91,231.20,220.65,223.51,12184.96254380
2015-06-02 00:00:00,223.50,226.38,221.34,225.18,7744.87861592
2015-06-03 00:00:00,225.17,226.99,222.57,224.27,5815.57316073
2015-06-04 00:00:00,224.80,225.98,222.00,222.99,4822.40910993
2015-06-05 00:00:00,222.99,225.90,219.03,224.40,8396.71286165
2015-06-06 00:00:00,224.40,225.26,223.07,224.99,2772.33116280
2015-06-07 00:00:00,224.95,225.48,221.86,222.70,3324.38263427
2015-06-08 00:00:00,222.65,229.40,222.31,228.17,8986.86692341
2015-06-09 00:00:00,228.05,230.79,226.67,228.70,9129.70788714
2015-06-10 00:00:00,228.70,229.75,226.83,227.80,6284.74068336
2015-06-11 00:00:00,227.88,229.57,227.25,229.03,4727.31485975
2015-06-12 00:00:00,229.14,230.70,228.29,229.40,5887.14828702
2015-06-13 00:00:00,229.30,232.04,228.06,231.64,4009.80463805
2015-06-14 00:00:00,231.64,234.00,230.94,232.09,3586.28113849
2015-06-15 00:00:00,232.08,237.09,231.55,235.92,10505.58465516
2015-06-16 00:00:00,236.00,252.05,234.35,250.09,17954.59381244
2015-06-17 00:00:00,250.02,257.39,243.20,247.76,16951.14131427
2015-06-18 00:00:00,247.76,251.58,240.00,248.40,11145.12980575
2015-06-19 00:00:00,248.45,249.93,242.14,243.70,6783.07499263
2015-06-20 00:00:00,243.75,245.56,239.93,244.76,4434.68706015
2015-06-21 00:00:00,244.65,245.00,241.06,243.64,1946.29303002
2015-06-22 00:00:00,243.60,247.99,242.64,246.00,5149.76385851
2015-06-23 00:00:00,245.99,247.25,242.14,243.74,4953.90339619
2015-06-24 00:00:00,243.85,243.99,238.20,240.19,6723.31332443
2015-06-25 00:00:00,240.19,242.90,239.18,241.98,5002.93130218
2015-06-26 00:00:00,242.08,243.44,240.00,242.98,5271.85106551
2015-06-27 00:00:00,242.98,252.00,242.36,251.21,7101.10270435
2015-06-28 00:00:00,251.28,251.28,247.04,248.62,6104.31220293
2015-06-29 00:00:00,248.63,256.94,248.30,256.04,15393.10432700
2015-06-30 00:00:00,256.04,268.00,255.00,262.50,19902.44384422
2015-07-01 00:00:00,262.58,265.25,253.81,257.62,13395.15343894
2015-07-02 00:00:00,257.62,260.77,253.19,254.54,9826.99478118
2015-07-03 00:00:00,254.49,256.44,252.40,255.92,9153.85256545
2015-07-04 00:00:00,256.06,261.28,254.05,260.20,7909.85672863
2015-07-05 00:00:00,260.16,274.74,258.75,271.50,21362.61364984
2015-07-06 00:00:00,271.39,278.54,267.13,268.51,20027.86146803
2015-07-07 00:00:00,268.53,271.69,264.01,265.51,13755.62997586
2015-07-08 00:00:00,265.67,273.24,263.01,270.63,16042.26828995
2015-07-09 00:00:00,270.41,271.98,265.92,268.92,13906.64445122
2015-07-10 00:00:00,268.98,294.71,268.63,285.23,29151.31335280
2015-07-11 00:00:00,284.63,298.05,283.88,291.64,11693.22435391
2015-07-12 00:00:00,291.65,317.99,291.65,310.55,22497.46770684
2015-07-13 00:00:00,310.55,310.73,281.00,292.68,29775.97907189
2015-07-14 00:00:00,292.54,297.13,286.02,287.55,10361.07958336
2015-07-15 00:00:00,287.49,293.70,284.29,285.67,9798.37507573
2015-07-16 00:00:00,285.67,292.40,274.92,277.89,21103.34158645
2015-07-17 00:00:00,277.74,280.73,272.31,279.43,11477.05542457
2015-07-18 00:00:00,279.15,283.00,276.73,276.79,9362.07781804
2015-07-19 00:00:00,276.74,278.10,275.01,275.47,5289.04082007
2015-07-20 00:00:00,275.08,279.35,274.62,278.96,8818.52863456
2015-07-21 00:00:00,278.95,281.07,276.28,276.76,9000.55491406
2015-07-22 00:00:00,276.49,277.97,275.00,277.68,8318.46305673
2015-07-23 00:00:00,277.50,278.55,275.79,276.61,6439.61293326
2015-07-24 00:00:00,276.61,290.53,275.90,289.01,15854.09655813
2015-07-25 00:00:00,289.00,292.00,286.50,288.78,7545.88543693
2015-07-26 00:00:00,288.97,294.00,287.41,293.19,5298.46650719
2015-07-27 00:00:00,292.85,297.44,286.43,294.29,14650.73287048
2015-07-28 00:00:00,294.03,297.00,292.19,294.01,8799.04307675
2015-07-29 00:00:00,294.01,294.57,287.27,289.85,10236.16252198
2015-07-30 00:00:00,289.85,290.08,284.53,288.01,8108.62119163
2015-07-31 00:00:00,288.29,289.00,281.80,284.33,7902.76753725
2015-08-01 00:00:00,284.69,285.16,276.66,280.19,7104.06661942
2015-08-02 00:00:00,280.19,282.90,276.57,282.32,4530.17731374
2015-08-03 00:00:00,282.53,285.80,279.52,280.43,6310.60736550
2015-08-04 00:00:00,280.43,285.88,280.43,285.00,6206.11834372
2015-08-05 00:00:00,284.91,285.86,280.63,281.13,6549.54626379
2015-08-06 00:00:00,281.13,281.65,276.60,277.48,7123.81252340
2015-08-07 00:00:00,277.48,280.43,274.19,279.63,8664.80904921
2015-08-08 00:00:00,279.94,279.97,260.41,262.19,10269.86845712
2015-08-09 00:00:00,262.19,268.95,261.01,265.05,8870.57957844
2015-08-10 00:00:00,265.05,266.79,261.60,264.33,9697.41976405
2015-08-11 00:00:00,264.11,271.50,264.07,271.15,8394.11574990
2015-08-12 00:00:00,271.15,271.16,265.71,267.73,9520.31458102
2015-08-13 00:00:00,267.53,267.88,262.32,264.48,10710.97419941
2015-08-14 00:00:00,264.74,266.99,262.00,265.40,8012.60305340
2015-08-15 00:00:00,265.57,266.50,260.45,261.46,5485.63052139
2015-08-16 00:00:00,261.46,262.20,254.01,256.11,9633.27576804
2015-08-17 00:00:00,256.11,259.12,254.63,256.47,8655.18980482
2015-08-18 00:00:00,256.66,256.99,221.11,224.80,16141.82038254
2015-08-19 00:00:00,224.00,237.66,222.01,226.92,24295.07255509
2015-08-20 00:00:00,226.40,236.66,226.40,235.54,15812.33474420
2015-08-21 00:00:00,235.15,236.66,231.77,233.49,10296.31750333
2015-08-22 00:00:00,233.50,235.20,223.01,231.00,15856.24555021
2015-08-23 00:00:00,231.00,234.03,225.85,228.89,12842.46669119
2015-08-24 00:00:00,228.35,228.99,207.73,209.72,37523.08338374
2015-08-25 00:00:00,209.76,228.04,198.12,222.38,42308.00562946
2015-08-26 00:00:00,222.38,231.09,219.77,225.80,24007.59520406
2015-08-27 00:00:00,225.80,228.89,223.17,225.09,14366.26383499
2015-08-28 00:00:00,225.09,235.93,220.29,231.65,22900.18694453
2015-08-29 00:00:00,231.76,233.90,226.67,230.54,15490.55919136
2015-08-30 00:00:00,230.41,232.75,225.04,229.00,15486.35994462
2015-08-31 00:00:00,229.04,232.49,224.39,229.86,15803.51885514
2015-09-01 00:00:00,230.25,231.67,226.17,227.96,23925.18684640
2015-09-02 00:00:00,227.97,230.77,226.00,229.18,21470.76882887
2015-09-03 00:00:00,228.95,229.96,226.50,227.28,19739.62910007
2015-09-04 00:00:00,227.24,231.40,226.33,230.52,20870.01619420
2015-09-05 00:00:00,230.72,237.22,229.23,235.60,20103.04009089
2015-09-06 00:00:00,235.39,244.20,235.02,240.28,25758.89182891
2015-09-07 00:00:00,240.28,242.91,238.44,240.19,23152.03156204
2015-09-08 00:00:00,240.07,246.24,239.98,244.21,24023.87906083
2015-09-09 00:00:00,244.04,244.22,237.01,238.35,23251.86554434
2015-09-10 00:00:00,238.35,241.65,234.78,238.66,20694.91915142
2015-09-11 00:00:00,238.57,240.94,237.50,240.00,13805.17684681
2015-09-12 00:00:00,239.92,240.00,233.02,234.79,17449.11859951
2015-09-13 00:00:00,234.79,236.09,228.00,229.66,19655.12043997
2015-09-14 00:00:00,229.66,232.92,223.99,229.71,16674.85661508
2015-09-15 00:00:00,229.84,231.21,226.50,230.03,17298.61216806
2015-09-16 00:00:00,229.99,230.50,223.00,228.34,18169.46229084
2015-09-17 00:00:00,228.34,235.00,227.00,232.17,14645.73629444
2015-09-18 00:00:00,232.20,234.40,230.83,233.12,19458.90494591
2015-09-19 00:00:00,233.24,233.76,229.89,230.00,11230.75792442
2015-09-20 00:00:00,230.00,231.70,229.00,230.16,13401.14495283
2015-09-21 00:00:00,230.10,230.15,225.00,226.15,14081.30710162
2015-09-22 00:00:00,226.15,231.96,223.12,230.42,19332.87961688
2015-09-23 00:00:00,230.08,231.50,228.00,229.42,13586.08736522
2015-09-24 00:00:00,229.42,235.52,228.89,233.86,24202.73635768
2015-09-25 00:00:00,233.88,237.25,232.56,235.22,22555.44540032
2015-09-26 00:00:00,235.14,235.67,233.00,233.81,15109.42410853
2015-09-27 00:00:00,233.81,234.61,231.16,232.41,17506.44940939
2015-09-28 00:00:00,232.40,239.68,231.69,239.14,17566.82643528
2015-09-29 00:00:00,239.14,240.56,235.09,236.94,19877.45487942
2015-09-30 00:00:00,236.78,238.27,234.67,236.20,20934.84649353
2015-10-01 00:00:00,235.87,239.44,235.01,237.15,20341.00819203
2015-10-02 00:00:00,238.00,239.06,235.00,237.77,16908.03467280
2015-10-03 00:00:00,237.77,239.86,236.30,238.95,17825.61763796
2015-10-04 00:00:00,239.06,239.98,237.62,238.60,15015.06671892
2015-10-05 00:00:00,238.60,240.85,236.10,240.84,20316.50364912
2015-10-06 00:00:00,240.85,248.19,239.52,246.57,26684.24752551
2015-10-07 00:00:00,246.79,247.65,242.30,243.20,23768.19691198
2015-10-08 00:00:00,243.47,244.76,242.06,242.90,13983.75205653
2015-10-09 00:00:00,243.29,244.95,242.16,244.48,14099.91553839
2015-10-10 00:00:00,244.49,246.43,243.00,245.71,17313.14235341
2015-10-11 00:00:00,245.71,248.50,244.53,248.05,19140.35541080
2015-10-12 00:00:00,248.05,248.47,245.01,245.81,10671.70376409
2015-10-13 00:00:00,245.81,250.89,242.82,249.73,25901.60284773
2015-10-14 00:00:00,249.97,255.93,248.06,252.47,26942.87099630
2015-10-15 00:00:00,252.47,256.50,250.30,254.49,22037.62801049
2015-10-16 00:00:00,254.49,267.00,253.69,263.09,34816.74109381
2015-10-17 00:00:00,263.09,273.00,260.80,270.07,25328.14897726
2015-10-18 00:00:00,270.04,271.17,260.00,261.05,10003.12667189
2015-10-19 00:00:00,260.99,266.01,259.82,263.66,16704.69881339
2015-10-20 00:00:00,264.28,272.95,262.67,270.64,28967.44125269
2015-10-21 00:00:00,270.30,272.69,264.00,267.89,20396.77801306
2015-10-22 00:00:00,267.90,280.04,267.39,275.21,30166.42544252
2015-10-23 00:00:00,275.21,280.19,273.46,278.60,21572.26847047
2015-10-24 00:00:00,278.60,284.00,278.22,282.84,20586.33501752
2015-10-25 00:00:00,283.03,296.00,282.20,283.96,30003.58655651
2015-10-26 00:00:00,283.96,286.99,279.25,286.90,21266.47299543
2015-10-27 00:00:00,286.90,300.00,286.15,295.54,34002.14865181
2015-10-28 00:00:00,295.80,308.48,294.40,305.67,31263.17100679
2015-10-29 00:00:00,305.67,319.60,301.70,314.82,32258.30742612
2015-10-30 00:00:00,314.95,334.05,313.50,328.65,39364.02820732
2015-10-31 00:00:00,328.28,334.67,302.99,310.18,28765.17836259
2015-11-01 00:00:00,310.90,329.85,303.01,325.78,14281.54590222
2015-11-02 00:00:00,325.78,369.02,320.00,361.26,45146.50238984
2015-11-03 00:00:00,361.73,420.77,360.40,404.06,77212.78172074
2015-11-04 00:00:00,404.55,502.00,368.11,408.00,105959.25914077
2015-11-05 00:00:00,407.99,448.79,364.37,385.50,60174.71348846
2015-11-06 00:00:00,387.77,396.67,353.26,374.47,46952.53785182
2015-11-07 00:00:00,374.41,392.82,371.07,383.53,26348.59517250
2015-11-08 00:00:00,383.62,390.47,366.18,372.65,27445.01908688
2015-11-09 00:00:00,372.86,386.79,360.54,377.90,25934.97280336
2015-11-10 00:00:00,378.02,381.44,323.63,336.80,48890.59709485
2015-11-11 00:00:00,335.02,341.41,294.00,309.91,51510.30806168
2015-11-12 00:00:00,309.95,344.78,308.42,337.17,37744.44698848
2015-11-13 00:00:00,337.00,342.00,325.00,336.99,24663.47295722
2015-11-14 00:00:00,336.98,356.10,325.45,333.00,25628.37827293
2015-11-15 00:00:00,332.95,334.99,314.60,319.28,27643.56081053
2015-11-16 00:00:00,319.29,332.25,315.00,330.83,22243.82252044
2015-11-17 00:00:00,330.82,350.44,329.00,336.08,27718.67585229
2015-11-18 00:00:00,336.00,337.89,330.28,335.65,27252.09998985
2015-11-19 00:00:00,335.68,336.48,324.92,326.02,26919.51670768
2015-11-20 00:00:00,326.51,327.73,310.00,322.04,21303.64116376
2015-11-21 00:00:00,322.04,328.94,318.52,326.50,5129.35325162
2015-11-22 00:00:00,326.50,326.60,320.13,324.20,4062.21223126
2015-11-23 00:00:00,324.20,326.09,320.39,323.48,5101.55728889
2015-11-24 00:00:00,323.48,323.50,317.00,319.70,8649.01893298
2015-11-25 00:00:00,319.70,330.84,316.00,328.90,12253.75997580
2015-11-26 00:00:00,328.90,369.70,328.53,353.21,35986.16248608
2015-11-27 00:00:00,353.90,364.80,347.84,357.14,13276.83006850
2015-11-28 00:00:00,357.42,359.44,350.41,356.95,6275.36735525
2015-11-29 00:00:00,356.78,373.15,354.45,371.48,7817.18354971
2015-11-30 00:00:00,371.20,383.00,367.11,376.71,18097.95321032
2015-12-01 00:00:00,376.70,379.00,354.56,363.06,15410.28235169
2015-12-02 00:00:00,362.70,362.84,348.64,358.89,12343.40776780
2015-12-03 00:00:00,359.11,370.53,356.21,361.42,12190.88393550
2015-12-04 00:00:00,361.48,364.30,355.92,363.62,9989.28021734
2015-12-05 00:00:00,363.62,389.89,363.00,388.00,16784.12666746
2015-12-06 00:00:00,388.00,399.85,383.00,388.24,14679.43603185
2015-12-07 00:00:00,388.54,399.91,381.01,395.57,14949.58607447
2015-12-08 00:00:00,395.57,418.87,388.33,417.89,11455.14109168
2015-12-09 00:00:00,416.67,424.95,400.00,416.98,21039.90850734
2015-12-10 00:00:00,416.69,419.79,408.91,415.57,8463.88473949
2015-12-11 00:00:00,415.57,454.48,415.13,453.04,29020.19839361
2015-12-12 00:00:00,453.12,467.80,403.00,436.19,29770.28379771
2015-12-13 00:00:00,436.08,442.97,422.03,433.07,11725.66723962
2015-12-14 00:00:00,433.13,448.12,428.42,443.36,13386.74415731
2015-12-15 00:00:00,443.30,464.99,442.94,464.53,18096.38828320
2015-12-16 00:00:00,464.53,465.00,436.89,455.87,23377.12257344
2015-12-17 00:00:00,455.61,458.84,448.75,456.17,6598.64094860
2015-12-18 00:00:00,455.37,466.64,453.50,462.46,12914.73680338
2015-12-19 00:00:00,463.70,465.90,452.03,461.80,6839.17868702
2015-12-20 00:00:00,461.89,462.00,433.83,442.54,16626.48835530
2015-12-21 00:00:00,442.47,450.00,425.52,438.07,18930.86318614
2015-12-22 00:00:00,438.14,443.58,433.06,435.48,8146.01738798
2015-12-23 00:00:00,435.65,445.52,434.43,442.56,7100.22828740
2015-12-24 00:00:00,443.01,459.54,443.01,455.00,10138.31555001
2015-12-25 00:00:00,455.78,458.33,448.00,455.51,2877.16735131
2015-12-26 00:00:00,455.50,457.45,407.25,417.39,26672.12173065
2015-12-27 00:00:00,417.11,425.42,410.50,421.76,6968.57365917
2015-12-28 00:00:00,421.78,429.86,417.01,421.46,7560.56299201
2015-12-29 00:00:00,420.81,433.33,418.55,431.82,10419.58536596
2015-12-30 00:00:00,431.70,434.97,420.75,425.84,7717.51026264
2015-12-31 00:00:00,426.09,433.89,419.99,430.89,6634.86316708
2016-01-01 00:00:00,430.89,436.00,427.20,433.82,3788.11117403
2016-01-02 00:00:00,434.87,435.99,430.42,433.55,2972.06344935
2016-01-03 00:00:00,433.20,434.09,424.06,431.04,4571.09703841
2016-01-04 00:00:00,431.54,435.86,428.44,434.17,5717.59545799
2016-01-05 00:00:00,433.31,435.39,429.50,432.43,3881.72086195
2016-01-06 00:00:00,432.45,432.67,426.54,429.56,5507.61422624
2016-01-07 00:00:00,429.99,459.16,429.25,457.00,16833.41915668
2016-01-08 00:00:00,456.87,465.00,444.51,452.70,10258.99458520
2016-01-09 00:00:00,452.02,454.00,446.68,448.84,4396.04500090
2016-01-10 00:00:00,448.84,449.89,440.80,448.79,4078.61065365
2016-01-11 00:00:00,448.20,451.13,438.00,448.00,7986.45843125
2016-01-12 00:00:00,448.00,448.00,434.35,434.85,6930.89654863
2016-01-13 00:00:00,434.78,438.35,424.50,432.64,10067.02104551
2016-01-14 00:00:00,432.64,434.00,427.00,429.55,4420.91215989
2016-01-15 00:00:00,429.55,429.80,360.00,360.00,37326.70141453
2016-01-16 00:00:00,360.62,392.07,352.00,386.91,25019.25199317
2016-01-17 00:00:00,387.80,391.14,376.00,380.16,8416.94363509
2016-01-18 00:00:00,379.94,388.50,373.63,385.49,7015.52993583
2016-01-19 00:00:00,385.47,386.92,375.59,376.76,7223.00324232
2016-01-20 00:00:00,376.90,422.98,372.53,416.32,25172.91741948
2016-01-21 00:00:00,418.90,421.25,404.59,409.59,9414.55707194
2016-01-22 00:00:00,409.42,410.07,374.45,382.55,14744.75776299
2016-01-23 00:00:00,382.85,395.00,381.05,386.40,7664.89092787
2016-01-24 00:00:00,386.37,405.97,385.36,402.16,5448.84521320
2016-01-25 00:00:00,402.16,402.31,385.50,390.90,8040.83085608
2016-01-26 00:00:00,390.10,397.70,386.20,391.77,6589.15355022
2016-01-27 00:00:00,391.77,397.00,390.31,394.95,4262.62933663
2016-01-28 00:00:00,394.62,395.56,376.00,379.75,11414.04549852
2016-01-29 00:00:00,379.55,383.99,363.73,378.22,13544.14541999
2016-01-30 00:00:00,378.12,380.42,372.95,375.64,2587.10717327
2016-01-31 00:00:00,376.38,379.30,364.70,368.49,4166.66582034
2016-02-01 00:00:00,368.49,378.20,366.53,371.81,7255.13421769
2016-02-02 00:00:00,371.79,375.00,369.73,373.05,5719.11332356
2016-02-03 00:00:00,373.05,374.00,365.00,368.38,7107.78660836
2016-02-04 00:00:00,368.40,391.88,367.95,387.82,13446.47968297
2016-02-05 00:00:00,388.00,389.50,382.99,385.00,7372.61395629
2016-02-06 00:00:00,384.97,384.98,371.35,375.39,5735.69706556
2016-02-07 00:00:00,375.39,380.00,373.04,375.00,2885.48241846
2016-02-08 00:00:00,375.00,378.99,369.99,370.91,6943.10816682
2016-02-09 00:00:00,370.95,377.00,369.12,373.20,5779.68010080
2016-02-10 00:00:00,373.69,383.85,372.12,379.66,10006.63329253
2016-02-11 00:00:00,379.34,380.50,373.54,377.98,7471.96039009
2016-02-12 00:00:00,377.98,383.48,377.07,383.27,5996.09236146
2016-02-13 00:00:00,383.00,390.99,382.00,390.99,7324.96634134
2016-02-14 00:00:00,390.99,406.71,390.59,405.00,9758.39271132
2016-02-15 00:00:00,405.50,409.71,393.40,399.28,7906.69773619
2016-02-16 00:00:00,399.50,407.80,396.00,407.51,8354.83032093
2016-02-17 00:00:00,407.51,421.11,404.00,415.54,11842.77782874
2016-02-18 00:00:00,415.59,424.90,413.40,421.18,8588.92668864
2016-02-19 00:00:00,421.15,422.00,414.00,419.54,5015.53810237
2016-02-20 00:00:00,419.98,443.96,419.50,434.63,11633.27274251
2016-02-21 00:00:00,434.63,447.99,426.00,438.50,10300.35260420
2016-02-22 00:00:00,438.33,439.50,431.15,438.27,5840.31605460
2016-02-23 00:00:00,438.26,440.00,414.00,419.10,10509.60507822
2016-02-24 00:00:00,419.10,424.28,409.07,423.78,7258.35730294
2016-02-25 00:00:00,423.79,426.75,415.79,423.51,5597.96719924
2016-02-26 00:00:00,423.38,432.00,418.01,432.00,4635.12022740
2016-02-27 00:00:00,432.00,435.00,428.22,431.07,4159.35798035
2016-02-28 00:00:00,431.07,435.00,422.29,431.68,3501.18941279
2016-02-29 00:00:00,430.26,440.99,428.12,435.23,8463.34883153
2016-03-01 00:00:00,436.75,437.50,427.01,432.50,6941.51621427
2016-03-02 00:00:00,433.33,434.50,421.31,423.45,5788.38363163
2016-03-03 00:00:00,422.40,424.47,415.85,420.29,7483.64675550
2016-03-04 00:00:00,420.29,423.90,406.02,408.01,7789.00370914
2016-03-05 00:00:00,408.18,408.98,382.00,399.83,16436.40386167
2016-03-06 00:00:00,399.77,412.31,393.11,406.23,5692.00930852
2016-03-07 00:00:00,406.15,414.96,403.03,414.01,5937.73379583
2016-03-08 00:00:00,413.96,414.99,408.46,411.75,5576.25820360
2016-03-09 00:00:00,412.14,413.51,408.75,413.00,4876.78893016
2016-03-10 00:00:00,412.99,416.90,409.31,416.00,5255.29945300
2016-03-11 00:00:00,416.00,421.91,415.11,419.13,5950.80704895
2016-03-12 00:00:00,419.14,420.93,406.59,410.90,4640.49424972
2016-03-13 00:00:00,409.95,417.00,409.67,413.04,3286.86910903
2016-03-14 00:00:00,412.99,415.22,410.50,414.99,4470.78743496
2016-03-15 00:00:00,414.83,417.43,412.15,415.85,4569.87994639
2016-03-16 00:00:00,415.84,416.82,413.15,416.57,4100.47706379
2016-03-17 00:00:00,416.52,419.00,415.66,418.49,3704.16067257
2016-03-18 00:00:00,418.47,418.49,403.34,407.91,6391.24659493
2016-03-19 00:00:00,407.50,409.95,404.10,409.04,2870.24736036
2016-03-20 00:00:00,408.36,412.00,406.60,411.28,2579.00212760
2016-03-21 00:00:00,410.62,411.96,406.50,411.67,3546.27891060
2016-03-22 00:00:00,411.15,416.99,410.35,416.64,3950.15519464
2016-03-23 00:00:00,416.39,419.00,413.44,417.62,4946.39651107
2016-03-24 00:00:00,417.62,418.15,412.85,415.17,2776.60883207
2016-03-25 00:00:00,415.17,416.92,412.00,415.70,2588.78272326
2016-03-26 00:00:00,415.60,416.99,414.00,416.96,1253.00637560
2016-03-27 00:00:00,416.96,427.99,415.77,424.77,5038.87753320
2016-03-28 00:00:00,424.62,424.77,420.32,422.87,3283.79146452
2016-03-29 00:00:00,422.87,424.37,407.22,415.95,5955.00099026
2016-03-30 00:00:00,415.43,415.93,408.59,413.74,4824.85455188
2016-03-31 00:00:00,413.68,416.99,411.40,414.66,3774.42082775
2016-04-01 00:00:00,414.66,416.99,413.42,416.31,3736.77266241
2016-04-02 00:00:00,416.31,420.00,416.01,419.00,2072.95050098
2016-04-03 00:00:00,419.35,419.48,416.10,419.11,1337.67303294
2016-04-04 00:00:00,418.51,419.85,416.00,418.75,3457.56274345
2016-04-05 00:00:00,418.81,423.00,416.61,422.71,3956.55659754
2016-04-06 00:00:00,422.71,422.90,420.00,421.03,2396.34837090
2016-04-07 00:00:00,420.62,421.99,418.09,420.00,3216.81131955
2016-04-08 00:00:00,419.99,423.99,416.26,417.75,4584.13099271
2016-04-09 00:00:00,417.75,418.71,412.00,418.24,3599.39669345
2016-04-10 00:00:00,418.59,421.79,417.20,420.04,1779.82860787
2016-04-11 00:00:00,420.40,422.80,418.00,422.69,3487.83250980
2016-04-12 00:00:00,422.79,426.67,421.00,425.54,6082.73402325
2016-04-13 00:00:00,425.32,426.00,422.27,423.93,3917.08383409
2016-04-14 00:00:00,423.60,425.35,420.57,424.86,3863.79952226
2016-04-15 00:00:00,424.40,430.00,423.07,429.45,4406.24086239
2016-04-16 00:00:00,429.29,432.87,427.12,430.69,1848.30276214
2016-04-17 00:00:00,430.18,430.91,424.24,427.42,1502.82305955
2016-04-18 00:00:00,427.15,430.01,425.80,428.14,3180.43077191
2016-04-19 00:00:00,428.14,436.82,426.24,435.63,3798.23746594
2016-04-20 00:00:00,435.70,444.00,433.11,442.13,7602.64664993
2016-04-21 00:00:00,441.99,452.11,440.00,451.00,5421.15632535
2016-04-22 00:00:00,451.00,451.36,442.96,447.70,5494.44115676
2016-04-23 00:00:00,447.16,452.19,444.46,451.92,2250.03521080
2016-04-24 00:00:00,451.92,470.02,447.06,460.02,7103.31254852
2016-04-25 00:00:00,460.03,469.47,455.13,462.33,5607.18864396
2016-04-26 00:00:00,462.29,469.87,462.13,467.42,4629.18548678
2016-04-27 00:00:00,467.39,469.03,443.20,445.38,7084.23987101
2016-04-28 00:00:00,445.39,451.00,435.00,449.14,8736.25774023
2016-04-29 00:00:00,449.94,456.53,445.62,456.53,2982.54077936
2016-04-30 00:00:00,456.53,456.90,446.50,448.37,2419.58249945
2016-05-01 00:00:00,448.43,453.78,446.84,453.00,1190.69815095
2016-05-02 00:00:00,452.99,453.80,438.59,444.06,6362.93159046
2016-05-03 00:00:00,444.06,452.00,440.78,450.61,5576.91459995
2016-05-04 00:00:00,451.18,451.68,444.15,446.63,3327.60727439
2016-05-05 00:00:00,447.36,450.00,445.11,448.50,2569.59320080
2016-05-06 00:00:00,448.50,463.97,447.03,458.48,5540.13889435
2016-05-07 00:00:00,458.98,461.00,455.95,458.07,2004.63685564
2016-05-08 00:00:00,458.97,459.69,455.95,458.21,1353.23221968
2016-05-09 00:00:00,457.75,464.79,455.62,460.82,3536.50388948
2016-05-10 00:00:00,461.49,463.00,447.38,451.62,5746.15794317
2016-05-11 00:00:00,450.88,457.99,450.32,452.91,3352.58050446
2016-05-12 00:00:00,452.95,455.25,448.88,455.20,3453.49239803
2016-05-13 00:00:00,455.20,456.82,452.04,455.91,2822.65051924
2016-05-14 00:00:00,456.42,457.25,453.51,455.57,1377.71832273
2016-05-15 00:00:00,456.30,458.08,454.72,457.56,1612.71056651
2016-05-16 00:00:00,457.56,458.00,451.11,454.00,3248.19201842
2016-05-17 00:00:00,454.00,456.09,452.00,453.08,3430.47946611
2016-05-18 00:00:00,452.96,455.68,452.00,452.92,2608.23175369
2016-05-19 00:00:00,452.47,453.85,435.03,436.30,5961.11508580
2016-05-20 00:00:00,436.30,444.41,435.06,442.72,3448.22731015
2016-05-21 00:00:00,442.84,443.98,435.28,443.31,1916.43483232
2016-05-22 00:00:00,442.72,443.47,435.00,438.80,2350.68206329
2016-05-23 00:00:00,438.72,442.99,436.40,442.99,2625.60063214
2016-05-24 00:00:00,442.63,446.37,441.00,443.97,3072.77859999
2016-05-25 00:00:00,445.31,449.60,444.26,448.70,3663.31591095
2016-05-26 00:00:00,448.27,452.98,446.80,452.07,3768.49837209
2016-05-27 00:00:00,452.07,478.16,452.07,472.05,12234.20331935
2016-05-28 00:00:00,470.58,529.08,468.00,519.41,12568.03112362
2016-05-29 00:00:00,522.13,540.00,485.00,517.84,8215.67477949
2016-05-30 00:00:00,517.60,535.00,510.01,527.64,6074.77470614
2016-05-31 00:00:00,527.64,548.50,515.00,531.84,12071.18195862
2016-06-01 00:00:00,532.37,542.87,525.49,536.95,5456.94265700
2016-06-02 00:00:00,536.95,540.00,529.13,538.00,3939.35132757
2016-06-03 00:00:00,538.00,578.37,535.74,569.94,8801.77463470
2016-06-04 00:00:00,569.93,588.71,558.54,573.80,6216.62719310
2016-06-05 00:00:00,573.50,582.00,566.00,573.91,5415.93469447
2016-06-06 00:00:00,573.80,586.02,573.80,584.50,4465.51612085
2016-06-07 00:00:00,584.12,594.44,563.00,577.54,6705.91830357
2016-06-08 00:00:00,577.48,584.25,571.86,583.03,3259.15110512
2016-06-09 00:00:00,583.01,583.10,572.97,575.01,3770.71826180
2016-06-10 00:00:00,576.06,580.00,572.00,578.01,3458.56492292
2016-06-11 00:00:00,576.53,611.00,575.93,610.00,4000.07125397
2016-06-12 00:00:00,610.00,683.02,603.21,672.13,14138.30680118
2016-06-13 00:00:00,668.73,725.00,655.02,704.49,17280.60397099
2016-06-14 00:00:00,703.81,704.50,655.00,685.25,10633.44050212
2016-06-15 00:00:00,685.25,695.77,672.12,695.00,5783.92382786
2016-06-16 00:00:00,695.00,773.07,689.80,766.62,17946.82684698
2016-06-17 00:00:00,767.37,778.70,706.37,745.22,14687.27083679
2016-06-18 00:00:00,745.00,778.85,723.02,754.83,5903.47180558
2016-06-19 00:00:00,753.47,764.93,740.11,761.44,2617.27920864
2016-06-20 00:00:00,759.12,763.99,723.40,730.85,7975.97107838
2016-06-21 00:00:00,725.00,728.18,625.00,667.54,33056.28964434
2016-06-22 00:00:00,665.36,677.63,588.03,601.30,16456.40877924
2016-06-23 00:00:00,600.51,632.67,540.17,624.91,24329.07931933
2016-06-24 00:00:00,622.59,683.88,620.82,661.71,16163.80160250
2016-06-25 00:00:00,660.76,684.45,639.40,659.86,6576.67165429
2016-06-26 00:00:00,658.80,662.90,608.64,630.16,5838.14897450
2016-06-27 00:00:00,630.16,658.00,618.03,657.50,8668.59311399
2016-06-28 00:00:00,657.49,665.51,635.50,646.08,5478.35678011
2016-06-29 00:00:00,644.33,645.00,621.09,634.11,9132.47818623
2016-06-30 00:00:00,635.91,671.22,628.06,667.95,7479.78991538
2016-07-01 00:00:00,666.33,684.10,659.71,674.86,6432.91962120
2016-07-02 00:00:00,674.55,704.93,672.74,702.48,5506.04313621
2016-07-03 00:00:00,702.48,704.99,646.29,658.27,7320.31995024
2016-07-04 00:00:00,659.77,682.35,640.10,680.35,4290.13225288
2016-07-05 00:00:00,678.74,682.36,661.57,668.94,3112.72712190
2016-07-06 00:00:00,669.09,679.00,662.13,674.70,3590.61112814
2016-07-07 00:00:00,674.70,678.43,605.50,638.19,12686.97748136
2016-07-08 00:00:00,638.89,665.99,635.00,663.00,6579.38521243
2016-07-09 00:00:00,663.00,663.99,626.00,647.78,6180.15042485
2016-07-10 00:00:00,647.78,650.88,636.80,648.76,2313.34939114
2016-07-11 00:00:00,648.77,659.60,639.31,649.32,2978.13685533
2016-07-12 00:00:00,649.32,678.00,646.05,663.52,4288.07627477
2016-07-13 00:00:00,663.52,669.97,651.03,655.06,6573.20203068
2016-07-14 00:00:00,652.24,664.93,650.01,659.10,2392.43467683
2016-07-15 00:00:00,660.30,670.01,658.41,664.60,3228.34264303
2016-07-16 00:00:00,664.60,666.67,655.00,662.45,1682.67647056
2016-07-17 00:00:00,662.45,684.19,661.35,679.54,3437.77012475
2016-07-18 00:00:00,679.54,682.21,666.12,672.10,3012.20623456
2016-07-19 00:00:00,673.45,675.81,666.00,673.48,1904.43446142
2016-07-20 00:00:00,674.80,675.00,660.00,667.03,3418.62509416
2016-07-21 00:00:00,667.01,667.10,660.10,663.99,2503.04270767
2016-07-22 00:00:00,663.25,666.30,645.00,649.95,5191.55506577
2016-07-23 00:00:00,647.88,656.77,646.00,655.52,1284.52223933
2016-07-24 00:00:00,655.52,665.00,651.99,661.47,1427.97990306
2016-07-25 00:00:00,659.64,661.99,652.28,654.96,2441.94401025
2016-07-26 00:00:00,655.00,656.94,645.01,651.24,3552.82907397
2016-07-27 00:00:00,651.22,659.98,646.31,653.48,2664.94311137
2016-07-28 00:00:00,655.13,657.89,652.41,653.07,1909.23654208
2016-07-29 00:00:00,654.84,657.48,653.00,654.61,1297.14816627
2016-07-30 00:00:00,654.88,657.50,652.19,654.67,719.15982547
2016-07-31 00:00:00,654.02,654.71,614.97,623.83,4933.61939038
2016-08-01 00:00:00,622.50,630.00,603.63,606.35,5512.82137405
2016-08-02 00:00:00,606.84,613.03,465.28,540.00,22142.66733973
2016-08-03 00:00:00,540.00,572.34,521.00,563.42,15453.58615956
2016-08-04 00:00:00,563.99,583.97,552.00,576.13,8499.83692796
2016-08-05 00:00:00,578.14,578.20,562.00,572.50,4811.23583899
2016-08-06 00:00:00,572.98,592.00,562.56,589.48,6021.30878910
2016-08-07 00:00:00,589.47,598.82,582.12,592.47,2910.30990604
2016-08-08 00:00:00,592.47,594.00,583.58,591.88,3181.85250852
2016-08-09 00:00:00,591.85,591.85,579.43,582.75,3174.70598792
2016-08-10 00:00:00,582.71,603.00,580.01,590.27,5217.75905561
2016-08-11 00:00:00,590.46,597.78,585.22,585.22,2543.68401092
2016-08-12 00:00:00,585.25,591.19,580.47,585.91,2177.37864395
2016-08-13 00:00:00,585.34,589.98,581.71,583.52,962.30229892
2016-08-14 00:00:00,583.54,583.92,556.24,568.76,4812.88862744
2016-08-15 00:00:00,568.76,573.69,554.90,565.55,4633.74558455
2016-08-16 00:00:00,564.20,579.80,563.00,574.99,4837.18871903
2016-08-17 00:00:00,574.95,577.86,566.02,570.91,4108.59765070
2016-08-18 00:00:00,570.91,575.87,568.79,571.49,3967.28412511
2016-08-19 00:00:00,571.51,574.86,552.30,572.91,4652.00521466
2016-08-20 00:00:00,572.98,581.02,568.52,577.88,2431.78684382
2016-08-21 00:00:00,577.70,583.99,576.01,577.55,1139.76224273
2016-08-22 00:00:00,577.55,585.95,572.50,582.78,5086.06256577
2016-08-23 00:00:00,582.78,584.99,576.00,580.23,4182.04589939
2016-08-24 00:00:00,580.27,582.10,575.40,577.58,2991.01460758
2016-08-25 00:00:00,577.65,578.75,571.16,575.71,4231.40701036
2016-08-26 00:00:00,575.75,582.46,574.10,578.78,3300.29774328
2016-08-27 00:00:00,577.92,579.09,564.81,568.31,2702.58036182
2016-08-28 00:00:00,567.51,573.34,566.80,573.20,1034.07669959
2016-08-29 00:00:00,573.20,575.00,568.60,571.50,2333.00891707
2016-08-30 00:00:00,570.74,576.50,568.55,575.91,4439.35420543
2016-08-31 00:00:00,575.88,576.49,568.40,570.75,3917.82520705
2016-09-01 00:00:00,570.75,572.86,566.86,571.05,2833.21048959
2016-09-02 00:00:00,571.05,574.20,567.03,572.00,2996.65467508
2016-09-03 00:00:00,572.00,598.64,569.01,595.01,4645.77734019
2016-09-04 00:00:00,596.25,609.05,590.88,603.72,3951.19879148
2016-09-05 00:00:00,605.72,607.31,592.46,603.48,3838.17558760
2016-09-06 00:00:00,604.98,609.74,601.00,608.16,4038.33754573
2016-09-07 00:00:00,608.93,615.92,604.70,615.16,4502.71072652
2016-09-08 00:00:00,614.44,628.98,611.66,625.67,4354.95251639
2016-09-09 00:00:00,625.67,627.49,612.93,622.01,3274.07565086
2016-09-10 00:00:00,622.01,625.00,618.67,621.65,1527.83753513
2016-09-11 00:00:00,621.65,628.99,594.63,606.32,5336.95157170
2016-09-12 00:00:00,604.08,609.15,602.00,608.04,3512.28237051
2016-09-13 00:00:00,606.40,609.61,603.28,607.46,3471.52717479
2016-09-14 00:00:00,607.45,610.69,605.98,608.50,2895.46045190
2016-09-15 00:00:00,608.50,608.99,602.30,606.71,3085.66694768
2016-09-16 00:00:00,606.65,608.99,603.50,605.69,2612.88007635
2016-09-17 00:00:00,607.04,607.59,601.10,604.10,1117.48707654
2016-09-18 00:00:00,602.93,609.06,601.97,608.00,1307.05511292
2016-09-19 00:00:00,608.00,609.50,603.00,608.72,2476.59039745
2016-09-20 00:00:00,608.73,608.88,600.94,600.94,2680.44760563
2016-09-21 00:00:00,600.85,601.01,592.10,595.46,3671.19191264
2016-09-22 00:00:00,595.46,596.42,592.50,595.41,2421.45482616
2016-09-23 00:00:00,595.42,602.90,593.00,601.42,4007.88275861
2016-09-24 00:00:00,600.47,603.59,597.76,599.33,1140.23303781
2016-09-25 00:00:00,600.05,601.99,596.00,598.98,1086.83579854
2016-09-26 00:00:00,598.95,607.27,596.10,606.47,4056.39371551
2016-09-27 00:00:00,606.70,608.37,600.02,604.26,3055.81637038
2016-09-28 00:00:00,605.07,605.30,601.41,603.95,2202.74962821
2016-09-29 00:00:00,603.93,605.99,601.00,605.60,2718.01919323
2016-09-30 00:00:00,605.59,608.39,603.15,608.23,2633.44489285
2016-10-01 00:00:00,608.23,614.28,608.23,612.98,1458.84374513
2016-10-02 00:00:00,612.98,613.00,605.00,608.60,1407.05929250
2016-10-03 00:00:00,608.60,612.98,606.60,611.16,2245.89234656
2016-10-04 00:00:00,612.84,612.84,604.99,607.19,2955.42383816
2016-10-05 00:00:00,607.19,612.00,605.76,608.49,2410.92611361
2016-10-06 00:00:00,608.01,610.50,607.09,610.25,2039.82035671
2016-10-07 00:00:00,610.25,616.34,607.52,614.88,4033.82185438
2016-10-08 00:00:00,614.88,616.99,612.50,614.34,888.66002111
2016-10-09 00:00:00,614.34,614.98,610.00,613.06,1174.26113887
2016-10-10 00:00:00,612.12,616.47,612.12,616.00,2295.52302846
2016-10-11 00:00:00,616.37,639.00,614.56,639.00,8087.31933662
2016-10-12 00:00:00,638.30,640.00,628.76,634.50,2658.52776787
2016-10-13 00:00:00,634.50,636.00,630.00,634.02,2381.50067975
2016-10-14 00:00:00,635.16,639.99,630.45,638.20,3154.82335026
2016-10-15 00:00:00,638.20,642.00,635.25,635.96,1421.85361066
2016-10-16 00:00:00,635.26,641.40,635.18,638.97,1289.53724609
2016-10-17 00:00:00,638.97,639.99,632.10,636.91,3958.03653440
2016-10-18 00:00:00,636.96,637.80,631.52,635.95,2731.17634977
2016-10-19 00:00:00,635.95,638.04,624.13,627.98,4472.89998392
2016-10-20 00:00:00,627.84,630.22,625.00,628.89,2040.00987473
2016-10-21 00:00:00,628.05,632.36,627.50,629.00,3050.50932903
2016-10-22 00:00:00,628.99,656.00,628.57,654.52,4351.61947818
2016-10-23 00:00:00,654.52,656.00,647.51,648.74,2535.01019265
2016-10-24 00:00:00,648.71,652.25,640.00,648.60,4679.00141430
2016-10-25 00:00:00,649.03,657.58,643.00,651.97,6106.91617897
2016-10-26 00:00:00,651.97,677.00,651.69,675.11,6716.23146341
2016-10-27 00:00:00,674.63,685.89,665.59,684.71,4545.43620804
2016-10-28 00:00:00,684.68,687.23,677.05,685.91,3574.07546814
2016-10-29 00:00:00,685.91,717.99,684.89,711.13,4034.88400838
2016-10-30 00:00:00,711.10,711.78,691.49,697.23,3752.52537190
2016-10-31 00:00:00,697.10,706.97,683.60,697.01,4655.89251212
2016-11-01 00:00:00,697.04,737.00,695.38,726.60,6570.01885443
2016-11-02 00:00:00,726.60,742.00,717.32,742.00,4320.53171915
2016-11-03 00:00:00,742.00,745.19,670.32,685.22,12102.24273144
2016-11-04 00:00:00,684.84,707.67,681.00,702.70,5345.67921470
2016-11-05 00:00:00,702.95,707.34,694.71,703.46,1918.31151101
2016-11-06 00:00:00,703.33,714.36,697.92,709.93,2292.86352270
2016-11-07 00:00:00,709.92,709.92,698.26,702.86,3020.87240328
2016-11-08 00:00:00,702.86,712.92,701.02,709.31,5526.47459343
2016-11-09 00:00:00,708.17,740.86,705.45,721.50,9726.25123390
2016-11-10 00:00:00,721.50,722.00,707.00,714.47,4996.45256408
2016-11-11 00:00:00,714.48,720.94,712.24,716.39,3328.33076179
2016-11-12 00:00:00,716.39,716.39,701.00,702.28,2811.55106984
2016-11-13 00:00:00,701.17,702.89,683.23,700.38,6023.54902216
2016-11-14 00:00:00,700.38,705.89,697.14,703.82,7566.58050969
2016-11-15 00:00:00,704.98,716.54,703.05,711.06,5668.93994884
2016-11-16 00:00:00,711.07,742.87,708.44,739.71,11585.04541819
2016-11-17 00:00:00,739.71,749.98,732.22,735.24,6681.43151549
2016-11-18 00:00:00,736.00,752.95,731.31,748.98,4271.04146281
2016-11-19 00:00:00,748.98,755.07,742.63,750.75,1965.43652251
2016-11-20 00:00:00,750.09,753.82,714.00,727.09,5525.95961110
2016-11-21 00:00:00,727.09,739.20,727.03,736.76,4017.57762466
2016-11-22 00:00:00,736.92,750.00,730.27,749.22,5034.70408511
2016-11-23 00:00:00,749.13,749.98,729.92,740.18,4462.77871527
2016-11-24 00:00:00,740.18,741.15,729.00,735.63,4039.81535353
2016-11-25 00:00:00,735.63,737.07,728.00,737.07,3356.08903132
2016-11-26 00:00:00,736.96,737.56,722.30,729.91,2314.57662144
2016-11-27 00:00:00,729.91,732.00,722.44,727.32,3447.86947559
2016-11-28 00:00:00,727.32,732.44,724.10,729.54,4741.11519229
2016-11-29 00:00:00,730.99,733.29,721.00,730.76,5406.90035323
2016-11-30 00:00:00,730.72,744.49,727.00,742.06,6249.61852300
2016-12-01 00:00:00,742.06,754.98,740.18,751.54,6124.50185948
2016-12-02 00:00:00,751.55,778.07,750.77,769.99,8098.57532493
2016-12-03 00:00:00,770.91,770.99,752.41,760.75,2772.66124771
2016-12-04 00:00:00,762.97,762.97,752.41,762.00,3215.68481818
2016-12-05 00:00:00,762.00,762.09,743.00,750.24,5567.77285717
2016-12-06 00:00:00,749.51,759.90,747.99,758.98,6763.73852485
2016-12-07 00:00:00,758.97,769.61,751.78,763.99,4809.70777587
2016-12-08 00:00:00,764.05,772.01,762.29,766.84,4892.93925488
2016-12-09 00:00:00,766.84,773.99,766.29,769.57,2868.41656863
2016-12-10 00:00:00,769.57,774.12,768.11,772.28,2200.70812765
2016-12-11 00:00:00,772.28,772.28,764.01,768.97,1421.13041748
2016-12-12 00:00:00,768.97,779.00,768.96,776.90,2805.19133166
2016-12-13 00:00:00,777.00,793.27,765.10,775.35,4918.81400706
2016-12-14 00:00:00,775.75,781.00,770.74,777.09,2333.38039481
2016-12-15 00:00:00,777.03,779.08,771.00,775.89,3039.82232695
2016-12-16 00:00:00,776.30,782.46,771.24,781.32,3475.77113231
2016-12-17 00:00:00,781.32,790.88,780.36,788.52,2389.76188083
2016-12-18 00:00:00,788.30,790.99,780.00,788.67,2519.24374939
2016-12-19 00:00:00,788.34,794.39,787.01,791.00,3917.87027522
2016-12-20 00:00:00,791.03,803.00,787.10,798.65,4118.69350463
2016-12-21 00:00:00,798.83,834.97,796.82,832.75,9391.36496102
2016-12-22 00:00:00,832.02,875.00,827.29,859.96,12070.35326085
2016-12-23 00:00:00,858.94,920.00,858.93,914.00,16526.62879671
2016-12-24 00:00:00,914.48,918.50,878.89,892.61,6026.45470401
2016-12-25 00:00:00,892.61,894.97,859.00,890.67,4658.23642176
2016-12-26 00:00:00,890.65,905.18,888.00,897.10,3467.54622755
2016-12-27 00:00:00,897.82,936.42,891.00,930.34,7225.77311731
2016-12-28 00:00:00,930.34,976.48,929.49,976.47,12285.11131172
2016-12-29 00:00:00,976.48,980.74,950.00,969.58,7858.45685371
2016-12-30 00:00:00,969.99,970.00,931.00,959.54,10755.03649428
2016-12-31 00:00:00,959.54,966.37,944.11,966.30,4162.92129897
2017-01-01 00:00:00,966.34,1005.00,960.53,997.75,6850.59330859
2017-01-02 00:00:00,997.75,1032.00,990.01,1012.54,8167.38103018
2017-01-03 00:00:00,1011.44,1039.00,999.99,1035.24,9089.65802529
2017-01-04 00:00:00,1035.51,1139.89,1028.56,1114.92,21562.45697196
2017-01-05 00:00:00,1114.38,1136.72,885.41,1004.74,36018.86111991
2017-01-06 00:00:00,1004.73,1026.99,871.00,893.89,27916.70309893
2017-01-07 00:00:00,894.02,907.05,812.28,906.20,20401.11359103
2017-01-08 00:00:00,906.20,941.81,881.30,909.75,8937.49270783
2017-01-09 00:00:00,909.80,912.87,875.00,896.23,8716.18294096
2017-01-10 00:00:00,896.09,912.47,889.41,905.05,8535.52168810
2017-01-11 00:00:00,905.24,918.40,755.00,778.62,35893.76836795
2017-01-12 00:00:00,778.70,832.99,751.34,807.47,17400.14155465
2017-01-13 00:00:00,807.51,831.40,775.00,825.86,11409.52033002
2017-01-14 00:00:00,825.98,837.76,810.00,818.27,6614.71899162
2017-01-15 00:00:00,819.52,823.45,808.00,821.86,4231.46390349
2017-01-16 00:00:00,821.86,835.00,818.09,831.81,6166.04397741
2017-01-17 00:00:00,831.76,908.50,827.00,905.99,12264.16938457
2017-01-18 00:00:00,905.95,915.99,851.74,887.70,11181.89887846
2017-01-19 00:00:00,887.69,910.00,878.89,901.01,11094.60329761
2017-01-20 00:00:00,902.23,902.43,880.00,895.80,6618.62776406
2017-01-21 00:00:00,895.81,928.00,895.00,921.98,5865.63203056
2017-01-22 00:00:00,921.98,937.74,886.76,923.76,7166.66547890
2017-01-23 00:00:00,923.75,927.57,913.21,913.52,3514.74142946
2017-01-24 00:00:00,913.15,923.00,881.48,885.47,9405.04656500
2017-01-25 00:00:00,885.47,904.01,884.50,893.43,5291.55474211
2017-01-26 00:00:00,893.25,919.49,892.86,914.83,5164.89701990
2017-01-27 00:00:00,914.95,924.88,908.01,918.02,4830.53516221
2017-01-28 00:00:00,918.02,920.99,913.08,918.60,1175.86352983
2017-01-29 00:00:00,918.60,919.99,910.45,912.01,1349.01480033
2017-01-30 00:00:00,913.12,923.00,910.00,919.99,3121.18754443
2017-01-31 00:00:00,919.99,970.00,917.50,963.99,9507.10183224
2017-02-01 00:00:00,963.99,986.96,962.00,983.67,6954.39947163
2017-02-02 00:00:00,983.79,1011.65,973.12,1009.17,8269.68053649
2017-02-03 00:00:00,1009.15,1022.64,987.01,1016.99,10928.02422131
2017-02-04 00:00:00,1015.06,1044.23,1004.00,1033.18,5752.28733969
2017-02-05 00:00:00,1033.72,1034.60,1004.70,1011.07,4348.17045024
2017-02-06 00:00:00,1010.03,1031.94,1005.10,1023.99,5080.84835472
2017-02-07 00:00:00,1024.00,1056.25,1021.30,1052.48,5372.13262530
2017-02-08 00:00:00,1052.48,1070.00,1025.00,1050.40,9633.26465194
2017-02-09 00:00:00,1051.73,1074.69,913.73,986.00,25150.07016403
2017-02-10 00:00:00,985.71,1010.68,950.00,996.08,10731.29006905
2017-02-11 00:00:00,995.49,1020.00,987.62,1012.40,4472.51261675
2017-02-12 00:00:00,1011.01,1011.97,991.98,1000.73,2683.99735828
2017-02-13 00:00:00,1000.73,1007.89,975.10,1000.79,4547.26036851
2017-02-14 00:00:00,1000.74,1019.00,987.97,1008.88,6761.10806309
2017-02-15 00:00:00,1008.88,1013.80,1000.97,1011.53,3095.66000003
2017-02-16 00:00:00,1011.53,1043.21,1010.75,1032.70,5996.10412989
2017-02-17 00:00:00,1032.91,1064.99,1031.98,1055.46,6085.02260605
2017-02-18 00:00:00,1055.75,1068.99,1046.14,1056.40,4474.94930623
2017-02-19 00:00:00,1056.40,1061.90,1039.07,1051.80,2270.84991160
2017-02-20 00:00:00,1051.80,1089.99,1044.39,1084.00,3664.37368596
2017-02-21 00:00:00,1084.00,1126.86,1077.00,1124.62,8395.47371599
2017-02-22 00:00:00,1124.83,1143.00,1098.16,1130.01,11673.08926566
2017-02-23 00:00:00,1130.02,1193.92,1120.73,1188.11,11753.23856018
2017-02-24 00:00:00,1183.53,1220.00,1091.10,1180.14,19598.23102576
2017-02-25 00:00:00,1180.05,1184.73,1127.00,1152.20,6238.43763039
2017-02-26 00:00:00,1152.11,1184.97,1133.00,1179.05,3536.48621434
2017-02-27 00:00:00,1180.46,1197.99,1169.00,1194.64,4640.77358977
2017-02-28 00:00:00,1194.64,1209.99,1176.27,1191.21,7562.47409479
2017-03-01 00:00:00,1191.16,1231.00,1188.30,1226.39,6013.06582290
2017-03-02 00:00:00,1228.00,1283.25,1215.00,1257.60,7762.73243908
2017-03-03 00:00:00,1256.32,1298.00,1255.00,1285.33,7545.47720312
2017-03-04 00:00:00,1287.38,1289.55,1230.00,1260.00,4951.23210502
2017-03-05 00:00:00,1260.00,1275.00,1240.00,1273.00,3026.01739466
2017-03-06 00:00:00,1269.98,1285.00,1251.00,1278.49,4249.64793811
2017-03-07 00:00:00,1278.49,1281.62,1175.97,1233.05,14450.03793683
2017-03-08 00:00:00,1233.86,1245.49,1145.50,1150.05,13399.43820916
2017-03-09 00:00:00,1149.34,1208.00,1135.01,1190.89,7654.73834924
2017-03-10 00:00:00,1190.99,1350.00,975.00,1116.97,33467.94355800
2017-03-11 00:00:00,1111.55,1198.00,1106.51,1176.55,7346.78699270
2017-03-12 00:00:00,1176.58,1241.85,1170.90,1226.62,5793.90851583
2017-03-13 00:00:00,1226.42,1249.02,1215.43,1242.46,5637.36296266
2017-03-14 00:00:00,1242.46,1260.00,1226.50,1245.86,5745.49650884
2017-03-15 00:00:00,1245.82,1260.00,1238.32,1257.32,3930.50022526
2017-03-16 00:00:00,1258.75,1258.96,1130.00,1172.62,15246.55276022
2017-03-17 00:00:00,1172.00,1173.23,1063.00,1071.02,16704.57322030
2017-03-18 00:00:00,1068.16,1099.00,944.36,969.40,21292.60430849
2017-03-19 00:00:00,969.40,1063.70,969.40,1017.97,12201.86141156
2017-03-20 00:00:00,1012.88,1053.00,1010.01,1035.96,7497.91103414
2017-03-21 00:00:00,1036.23,1117.90,1034.92,1114.39,11125.49539514
2017-03-22 00:00:00,1114.39,1114.39,988.00,1037.56,14521.25635660
2017-03-23 00:00:00,1037.60,1054.40,1010.69,1029.65,5916.99539286
2017-03-24 00:00:00,1030.84,1032.00,920.00,929.06,16072.41708326
2017-03-25 00:00:00,928.10,963.36,891.33,956.02,13507.43542088
2017-03-26 00:00:00,956.02,997.00,937.52,960.00,9012.91765111
2017-03-27 00:00:00,959.08,1043.00,952.95,1039.92,8687.08711524
2017-03-28 00:00:00,1039.09,1068.26,1014.90,1043.99,9115.51712488
2017-03-29 00:00:00,1042.83,1059.43,1008.16,1035.96,9379.71932021
2017-03-30 00:00:00,1037.29,1050.17,1017.14,1033.70,8645.37787081
2017-03-31 00:00:00,1033.79,1081.00,1031.43,1070.31,12058.78809456
2017-04-01 00:00:00,1071.34,1097.00,1061.64,1083.94,5209.12836262
2017-04-02 00:00:00,1083.95,1100.00,1066.49,1078.01,7639.89621671
2017-04-03 00:00:00,1076.59,1152.00,1076.19,1144.77,11076.86273059
2017-04-04 00:00:00,1146.42,1162.93,1118.85,1143.00,7420.86623820
2017-04-05 00:00:00,1143.00,1145.00,1111.00,1134.58,5588.97640824
2017-04-06 00:00:00,1134.86,1201.37,1134.36,1190.85,9134.29559762
2017-04-07 00:00:00,1190.72,1202.00,1176.00,1190.66,5450.27271426
2017-04-08 00:00:00,1190.66,1197.30,1166.66,1184.03,2720.79822734
2017-04-09 00:00:00,1184.05,1216.87,1173.98,1206.20,4817.42424874
2017-04-10 00:00:00,1205.20,1219.71,1195.00,1209.25,3656.81631296
2017-04-11 00:00:00,1209.99,1229.00,1198.02,1218.99,3487.75310814
2017-04-12 00:00:00,1218.99,1224.57,1208.00,1212.17,3475.19462571
2017-04-13 00:00:00,1212.16,1219.45,1141.00,1172.91,7135.30295650
2017-04-14 00:00:00,1172.56,1193.00,1142.00,1170.34,8982.76789635
2017-04-15 00:00:00,1169.53,1192.50,1165.00,1173.45,1804.45079680
2017-04-16 00:00:00,1171.00,1179.30,1150.00,1162.31,2663.99028304
2017-04-17 00:00:00,1162.31,1192.50,1161.00,1176.54,3568.82507477
2017-04-18 00:00:00,1176.59,1210.00,1175.95,1202.58,5514.18240451
2017-04-19 00:00:00,1202.59,1209.99,1190.00,1203.98,6046.51943656
2017-04-20 00:00:00,1203.98,1243.88,1201.66,1234.19,5972.93539154
2017-04-21 00:00:00,1234.93,1252.32,1231.65,1243.61,5023.03852040
2017-04-22 00:00:00,1243.60,1247.15,1199.00,1233.20,4173.28321472
2017-04-23 00:00:00,1231.85,1248.99,1223.42,1241.99,2604.72196524
2017-04-24 00:00:00,1242.00,1254.00,1234.00,1253.58,3048.68890003
2017-04-25 00:00:00,1253.57,1280.00,1251.07,1269.00,5249.77353318
2017-04-26 00:00:00,1271.40,1330.00,1265.00,1287.99,8707.63904245
2017-04-27 00:00:00,1287.92,1342.02,1285.00,1331.53,6669.98746832
2017-04-28 00:00:00,1331.00,1347.02,1299.00,1330.70,8234.27554370
2017-04-29 00:00:00,1333.93,1342.80,1316.00,1333.00,3927.45061482
2017-04-30 00:00:00,1336.77,1356.00,1315.68,1350.21,3536.17581110
2017-05-01 00:00:00,1348.88,1425.00,1341.22,1390.86,8604.41493207
2017-05-02 00:00:00,1390.86,1481.73,1388.00,1447.75,8920.68985793
2017-05-03 00:00:00,1447.75,1516.04,1431.02,1503.22,11077.58948720
2017-05-04 00:00:00,1503.25,1623.01,1444.94,1537.23,19548.52973673
2017-05-05 00:00:00,1537.36,1609.00,1495.00,1514.90,15603.68436616
2017-05-06 00:00:00,1515.39,1578.97,1505.00,1558.02,7901.14284010
2017-05-07 00:00:00,1554.04,1565.00,1525.00,1554.01,7667.78585113
2017-05-08 00:00:00,1554.38,1653.97,1554.38,1649.54,19262.35352625
2017-05-09 00:00:00,1649.55,1760.40,1616.05,1720.28,16807.73323227
2017-05-10 00:00:00,1720.26,1794.21,1682.00,1772.58,11265.37863829
2017-05-11 00:00:00,1774.52,1892.00,1745.01,1828.45,14740.21932638
2017-05-12 00:00:00,1830.85,1832.00,1650.00,1691.51,17062.84462773
2017-05-13 00:00:00,1690.33,1785.82,1601.46,1776.89,10532.23451343
2017-05-14 00:00:00,1776.80,1815.00,1753.00,1784.00,4816.73208815
2017-05-15 00:00:00,1782.30,1784.00,1682.56,1705.48,13316.80217814
2017-05-16 00:00:00,1706.07,1750.00,1641.22,1700.01,16554.08858020
2017-05-17 00:00:00,1700.01,1840.42,1670.01,1782.99,17797.31852412
2017-05-18 00:00:00,1779.00,1881.80,1766.33,1878.99,11916.12339070
2017-05-19 00:00:00,1879.00,1969.99,1874.99,1958.00,14124.61831495
2017-05-20 00:00:00,1959.09,2021.00,1914.00,2013.99,12309.94747354
2017-05-21 00:00:00,2013.99,2063.11,1961.52,2017.55,6755.83436855
2017-05-22 00:00:00,2017.55,2230.34,2001.00,2099.97,16338.53540635
2017-05-23 00:00:00,2088.76,2275.00,2088.45,2264.23,14138.91966835
2017-05-24 00:00:00,2265.90,2481.75,2264.64,2420.29,22144.59820110
2017-05-25 00:00:00,2420.29,2760.10,2221.00,2292.53,32964.76142591
2017-05-26 00:00:00,2277.01,2599.12,2060.00,2279.82,28326.82201443
2017-05-27 00:00:00,2280.70,2339.94,1850.00,2042.00,26216.27512690
2017-05-28 00:00:00,2042.89,2313.96,2041.48,2178.81,15375.21812611
2017-05-29 00:00:00,2172.54,2350.00,2110.00,2292.10,12129.27808588
2017-05-30 00:00:00,2290.18,2339.08,2160.00,2203.51,13888.85097299
2017-05-31 00:00:00,2201.70,2334.00,2154.28,2298.01,16279.29243150
2017-06-01 00:00:00,2298.01,2456.39,2296.81,2413.63,18401.66360125
2017-06-02 00:00:00,2413.58,2489.00,2370.03,2488.94,12428.70059429
2017-06-03 00:00:00,2488.94,2584.34,2445.00,2540.94,10810.58468925
2017-06-04 00:00:00,2538.10,2569.00,2460.00,2530.27,8828.62494281
2017-06-05 00:00:00,2530.27,2699.35,2525.28,2698.00,12221.44480600
2017-06-06 00:00:00,2698.00,2933.00,2689.40,2880.74,26695.67081758
2017-06-07 00:00:00,2875.71,2893.28,2612.50,2683.03,16967.04353572
2017-06-08 00:00:00,2680.24,2815.00,2613.13,2806.00,13251.40544911
2017-06-09 00:00:00,2805.46,2868.23,2780.43,2822.32,8036.31356941
2017-06-10 00:00:00,2818.00,2912.98,2800.00,2899.99,9593.36119146
2017-06-11 00:00:00,2899.01,2967.46,2861.53,2954.22,6830.60683981
2017-06-12 00:00:00,2954.23,2980.00,2480.03,2667.06,31534.94605550
2017-06-13 00:00:00,2656.97,2783.62,2638.62,2703.02,16275.83441252
2017-06-14 00:00:00,2705.99,2801.00,2320.00,2450.00,29478.82028393
2017-06-15 00:00:00,2451.42,2516.20,2120.00,2424.91,36751.09130817
2017-06-16 00:00:00,2424.96,2540.00,2307.66,2484.68,13802.39329983
2017-06-17 00:00:00,2484.68,2674.40,2420.53,2630.00,11142.98518556
2017-06-18 00:00:00,2630.06,2665.00,2460.62,2516.98,9424.23118056
2017-06-19 00:00:00,2516.98,2598.00,2480.96,2598.00,10570.67252500
2017-06-20 00:00:00,2598.00,2783.00,2581.00,2740.00,15891.69948817
2017-06-21 00:00:00,2734.03,2789.00,2611.00,2657.04,15676.32352625
2017-06-22 00:00:00,2658.67,2740.00,2594.61,2713.48,10792.78764641
2017-06-23 00:00:00,2713.48,2745.00,2657.46,2685.05,8232.48064925
2017-06-24 00:00:00,2685.05,2724.96,2512.13,2557.66,13342.81785584
2017-06-25 00:00:00,2557.66,2635.72,2432.00,2502.03,10339.57437415
2017-06-26 00:00:00,2502.26,2550.03,2315.01,2421.22,22094.21151071
2017-06-27 00:00:00,2421.21,2565.00,2291.00,2565.00,19129.59650756
2017-06-28 00:00:00,2565.00,2593.00,2468.01,2559.90,12274.54530348
2017-06-29 00:00:00,2550.99,2594.78,2500.31,2541.59,8125.37763725
2017-06-30 00:00:00,2538.41,2564.58,2451.00,2465.49,8715.71676156
2017-07-01 00:00:00,2465.48,2517.11,2390.00,2412.41,8885.89349655
2017-07-02 00:00:00,2421.30,2528.72,2374.34,2504.37,8744.53441127
2017-07-03 00:00:00,2504.81,2595.00,2472.68,2550.47,11520.70730801
2017-07-04 00:00:00,2540.07,2639.47,2540.07,2596.12,9662.75941445
2017-07-05 00:00:00,2594.52,2623.00,2530.10,2602.90,10882.83901071
2017-07-06 00:00:00,2598.37,2614.00,2522.00,2600.39,8333.98094907
2017-07-07 00:00:00,2599.01,2605.00,2475.00,2501.46,9430.61545780
2017-07-08 00:00:00,2501.46,2555.00,2462.00,2550.07,5405.89088691
2017-07-09 00:00:00,2550.13,2564.65,2500.50,2502.28,4483.14413363
2017-07-10 00:00:00,2504.00,2527.88,2261.85,2323.45,17296.34045274
2017-07-11 00:00:00,2326.12,2399.00,2242.62,2305.98,17580.96163529
2017-07-12 00:00:00,2301.55,2408.84,2239.54,2388.00,12883.55493809
2017-07-13 00:00:00,2383.97,2425.16,2312.93,2339.99,8429.85040306
2017-07-14 00:00:00,2340.00,2357.84,2140.00,2213.37,12659.01704362
2017-07-15 00:00:00,2209.44,2219.99,1967.65,1970.51,19886.67952318
2017-07-16 00:00:00,1970.51,2044.44,1830.00,1917.63,25562.70564457
2017-07-17 00:00:00,1917.72,2229.97,1910.57,2226.00,26448.50140255
2017-07-18 00:00:00,2226.00,2392.00,2164.00,2303.71,25204.48960246
2017-07-19 00:00:00,2308.82,2402.50,2223.00,2265.21,17009.88349592
2017-07-20 00:00:00,2265.51,2938.00,2265.51,2875.03,30989.89112526
2017-07-21 00:00:00,2880.00,2887.45,2611.39,2670.00,20724.16050338
2017-07-22 00:00:00,2667.01,2882.00,2644.59,2832.71,12819.63134804
2017-07-23 00:00:00,2824.82,2855.00,2640.00,2749.02,11001.96460067
2017-07-24 00:00:00,2756.80,2800.00,2701.00,2759.98,10001.91506610
2017-07-25 00:00:00,2759.95,2775.79,2450.00,2564.82,21326.54783885
2017-07-26 00:00:00,2564.74,2608.96,2400.00,2524.99,17713.67446580
2017-07-27 00:00:00,2524.99,2695.00,2509.63,2666.33,11826.47519948
2017-07-28 00:00:00,2666.33,2825.00,2655.82,2777.01,14069.50149214
2017-07-29 00:00:00,2777.01,2785.65,2631.78,2680.56,10782.21753675
2017-07-30 00:00:00,2681.60,2774.45,2569.69,2742.37,9678.16126067
2017-07-31 00:00:00,2745.76,2889.99,2680.01,2855.81,11114.33554221
2017-08-01 00:00:00,2855.81,2929.17,2615.00,2731.00,12525.07669112
2017-08-02 00:00:00,2732.00,2760.00,2650.00,2703.51,9486.62552563
2017-08-03 00:00:00,2703.51,2807.44,2698.83,2793.37,7963.69799924
2017-08-04 00:00:00,2793.34,2877.52,2765.91,2855.00,7635.82167190
2017-08-05 00:00:00,2851.01,3339.66,2848.32,3263.62,16996.27310091
2017-08-06 00:00:00,3263.51,3296.51,3146.10,3222.75,5998.73578852
2017-08-07 00:00:00,3216.78,3430.00,3186.00,3387.55,12046.11726501
2017-08-08 00:00:00,3387.54,3490.00,3300.00,3412.41,15835.37020781
2017-08-09 00:00:00,3408.46,3423.10,3178.72,3342.99,14286.84413824
2017-08-10 00:00:00,3342.99,3448.00,3311.17,3413.03,9031.12128021
2017-08-11 00:00:00,3410.00,3705.00,3390.67,3645.06,11927.37333424
2017-08-12 00:00:00,3651.74,3934.00,3586.95,3855.10,12351.07466143
2017-08-13 00:00:00,3855.04,4190.00,3841.71,4053.87,15889.82978854
2017-08-14 00:00:00,4053.87,4329.43,3964.96,4306.23,14212.30420724
2017-08-15 00:00:00,4320.95,4400.00,3800.00,4155.67,25515.71801437
2017-08-16 00:00:00,4154.99,4379.78,3926.06,4378.84,12923.63728054
2017-08-17 00:00:00,4361.99,4480.00,4167.21,4276.50,14573.18592909
2017-08-18 00:00:00,4260.47,4368.00,3964.96,4100.00,17516.99336076
2017-08-19 00:00:00,4100.00,4188.00,3900.00,4099.55,15036.18405113
2017-08-20 00:00:00,4091.99,4125.95,4000.00,4058.68,6237.97289632
2017-08-21 00:00:00,4058.64,4080.00,3949.78,3987.52,9782.05659401
2017-08-22 00:00:00,3987.51,4139.31,3600.00,4085.00,23522.75816636
2017-08-23 00:00:00,4078.00,4248.97,4051.94,4108.12,14979.40348147
2017-08-24 00:00:00,4121.78,4350.00,4082.57,4300.34,10782.69436738
2017-08-25 00:00:00,4308.80,4449.98,4270.00,4355.98,9699.61003374
2017-08-26 00:00:00,4348.17,4369.78,4232.43,4333.38,6559.66860375
2017-08-27 00:00:00,4333.38,4393.30,4290.32,4337.68,3979.12445283
2017-08-28 00:00:00,4329.91,4399.72,4169.01,4379.99,8641.00244590
2017-08-29 00:00:00,4385.00,4649.78,4336.26,4578.82,11879.64283069
2017-08-30 00:00:00,4578.82,4642.22,4479.00,4573.20,8720.03503995
2017-08-31 00:00:00,4573.15,4765.21,4566.66,4734.26,8911.41245939
2017-09-01 00:00:00,4734.26,4935.00,4671.09,4921.70,15367.52969736
2017-09-02 00:00:00,4921.71,4979.90,4488.50,4599.90,16977.79362226
2017-09-03 00:00:00,4599.90,4700.00,4385.00,4606.26,11224.91455630
2017-09-04 00:00:00,4603.68,4613.97,4058.50,4277.00,25069.12523005
2017-09-05 00:00:00,4282.53,4474.88,4001.93,4396.52,20884.21969353
2017-09-06 00:00:00,4397.38,4649.23,4356.42,4605.80,16634.10420534
2017-09-07 00:00:00,4605.81,4674.34,4475.00,4615.00,9254.85142692
2017-09-08 00:00:00,4615.00,4679.97,4125.99,4312.00,23693.30162259
2017-09-09 00:00:00,4327.41,4379.78,4164.00,4308.72,9974.38823453
2017-09-10 00:00:00,4322.44,4322.44,4010.00,4226.22,14724.20414387
2017-09-11 00:00:00,4226.21,4353.49,4092.40,4207.31,11191.59504385
2017-09-12 00:00:00,4198.89,4377.65,4080.00,4172.56,13294.43769742
2017-09-13 00:00:00,4170.60,4179.14,3720.01,3865.34,29636.38096311
2017-09-14 00:00:00,3861.89,3921.74,3210.00,3227.79,41319.39712570
2017-09-15 00:00:00,3227.79,3820.00,2972.01,3700.01,60278.94654177
2017-09-16 00:00:00,3699.89,3872.90,3500.00,3678.93,23158.22891071
2017-09-17 00:00:00,3669.07,3772.52,3463.00,3662.99,11770.21765049
2017-09-18 00:00:00,3662.95,4122.70,3659.42,4101.60,17207.59892439
2017-09-19 00:00:00,4102.00,4119.70,3848.35,3888.80,15278.93044040
2017-09-20 00:00:00,3888.80,4050.00,3820.56,3874.46,11660.27181331
2017-09-21 00:00:00,3864.00,3914.00,3573.00,3617.05,17904.29717206
2017-09-22 00:00:00,3607.83,3761.84,3514.00,3612.18,15007.73844949
2017-09-23 00:00:00,3611.91,3810.25,3552.00,3779.17,10123.23213552
2017-09-24 00:00:00,3781.13,3783.25,3615.00,3664.22,6508.72499023
2017-09-25 00:00:00,3667.01,3968.59,3658.39,3918.00,14979.78226289
2017-09-26 00:00:00,3920.66,3970.00,3850.61,3888.03,10014.62367124
2017-09-27 00:00:00,3883.95,4226.73,3870.00,4199.29,15075.83871664
2017-09-28 00:00:00,4202.34,4270.01,4123.50,4184.84,9625.92938226
2017-09-29 00:00:00,4183.47,4227.62,4022.02,4164.82,12191.93065131
2017-09-30 00:00:00,4162.04,4349.00,4154.28,4326.09,7496.78249925
2017-10-01 00:00:00,4326.09,4377.22,4216.00,4377.22,7211.33513580
2017-10-02 00:00:00,4369.33,4453.00,4352.00,4391.48,8259.81863150
2017-10-03 00:00:00,4391.41,4425.00,4218.00,4315.83,12468.05725642
2017-10-04 00:00:00,4315.73,4343.00,4170.07,4219.53,8518.99274917
2017-10-05 00:00:00,4219.74,4358.97,4137.96,4301.09,8419.96284162
2017-10-06 00:00:00,4301.09,4425.00,4278.40,4362.95,8377.30164966
2017-10-07 00:00:00,4356.09,4463.00,4312.82,4423.30,4646.40562117
2017-10-08 00:00:00,4422.72,4612.00,4404.50,4597.98,10083.86684927
2017-10-09 00:00:00,4597.97,4865.00,4541.00,4764.70,12923.66661677
2017-10-10 00:00:00,4761.67,4909.97,4700.00,4749.29,11666.02496241
2017-10-11 00:00:00,4747.90,4869.78,4700.00,4822.01,9866.89562175
2017-10-12 00:00:00,4822.01,5445.00,4793.66,5445.00,19916.22801995
2017-10-13 00:00:00,5444.00,5846.43,5380.00,5653.60,27827.38028536
2017-10-14 00:00:00,5653.58,5817.34,5558.26,5801.29,8410.93623080
2017-10-15 00:00:00,5795.01,5830.00,5415.00,5679.70,11542.94583367
2017-10-16 00:00:00,5683.92,5807.11,5548.00,5745.72,9066.79974453
2017-10-17 00:00:00,5752.20,5776.31,5506.78,5597.31,9105.28187907
2017-10-18 00:00:00,5591.97,5617.75,5101.36,5582.05,18961.67579669
2017-10-19 00:00:00,5572.64,5735.14,5512.06,5698.69,9919.83821694
2017-10-20 00:00:00,5700.00,6074.00,5589.80,5977.29,15109.06365101
2017-10-21 00:00:00,5977.26,6180.00,5871.00,6013.46,15357.42373371
2017-10-22 00:00:00,6010.85,6071.07,5700.00,5969.00,12232.52332991
2017-10-23 00:00:00,5967.38,6045.34,5617.75,5871.17,15331.63502934
2017-10-24 00:00:00,5869.82,5870.00,5453.01,5523.40,17286.72373931
2017-10-25 00:00:00,5518.49,5748.00,5366.00,5735.88,12349.10670220
2017-10-26 00:00:00,5741.35,5988.00,5683.00,5890.00,11788.30258919
2017-10-27 00:00:00,5889.99,5994.06,5674.06,5771.89,11911.04199625
2017-10-28 00:00:00,5773.03,5875.66,5646.18,5730.69,5926.29737158
2017-10-29 00:00:00,5731.70,6316.85,5683.00,6137.37,16086.62569466
2017-10-30 00:00:00,6133.01,6229.77,6024.03,6119.99,9574.64365313
2017-10-31 00:00:00,6120.00,6449.78,6072.81,6434.21,13423.30855051
2017-11-01 00:00:00,6434.24,6756.36,6340.01,6741.59,12967.22211638
2017-11-02 00:00:00,6745.04,7354.10,6700.00,7030.00,26514.65119452
2017-11-03 00:00:00,7030.00,7500.00,6925.22,7146.82,15999.78379684
2017-11-04 00:00:00,7145.24,7569.90,6994.00,7388.83,9200.11461844
2017-11-05 00:00:00,7388.79,7590.00,7275.16,7372.72,9218.32689776
2017-11-06 00:00:00,7373.30,7421.39,6922.07,6967.68,19323.12875746
2017-11-07 00:00:00,6967.64,7244.69,6945.00,7130.28,11634.26529651
2017-11-08 00:00:00,7131.38,7888.00,7080.01,7450.32,24679.72054960
2017-11-09 00:00:00,7465.06,7490.00,7061.20,7148.00,14799.26577204
2017-11-10 00:00:00,7150.61,7343.18,6429.44,6588.18,26614.27605231
2017-11-11 00:00:00,6588.18,6820.00,6218.00,6355.13,14942.70255533
2017-11-12 00:00:00,6355.13,6488.88,5555.55,5870.37,37315.15663980
2017-11-13 00:00:00,5870.03,6775.75,5846.00,6525.17,27202.28180796
2017-11-14 00:00:00,6524.69,6750.00,6466.88,6609.00,12072.05308804
2017-11-15 00:00:00,6609.00,7350.00,6609.00,7294.00,16869.89791295
2017-11-16 00:00:00,7294.00,7976.79,7120.85,7846.96,19272.37147666
2017-11-17 00:00:00,7846.96,7997.00,7528.50,7674.99,17714.36787452
2017-11-18 00:00:00,7675.00,7858.00,7431.54,7771.03,7326.81014016
2017-11-19 00:00:00,7775.55,8087.35,7675.00,8016.58,8307.77750857
2017-11-20 00:00:00,8016.58,8269.99,7900.00,8226.17,8179.45772727
2017-11-21 00:00:00,8226.14,8354.46,7770.00,8095.23,13686.51123870
2017-11-22 00:00:00,8095.19,8310.89,8045.76,8214.69,8078.58080138
2017-11-23 00:00:00,8214.69,8279.76,7980.00,7989.00,7811.79339997
2017-11-24 00:00:00,7988.96,8340.00,7876.00,8199.19,9289.98925704
2017-11-25 00:00:00,8199.83,8737.00,8114.78,8717.99,11611.66637888
2017-11-26 00:00:00,8718.00,9366.60,8538.20,9271.06,12021.21548696
2017-11-27 00:00:00,9278.99,9721.70,9267.00,9708.07,13272.45254013
2017-11-28 00:00:00,9708.06,9968.00,9582.25,9868.82,11214.92993115
2017-11-29 00:00:00,9877.63,11395.00,9250.00,9824.68,33432.33996208
2017-11-30 00:00:00,9833.70,10618.29,9000.00,9947.67,25433.45836367
2017-12-01 00:00:00,9927.29,10949.89,9370.11,10840.45,16708.03224846
2017-12-02 00:00:00,10840.45,11200.00,10637.69,10872.00,9267.16105468
2017-12-03 00:00:00,10875.68,11800.01,10513.16,11250.00,14238.52587700
2017-12-04 00:00:00,11250.00,11613.07,10850.00,11613.07,13621.48197282
2017-12-05 00:00:00,11613.07,11850.00,11384.25,11677.00,11875.03377686
2017-12-06 00:00:00,11676.99,13700.00,11659.80,13623.50,19784.87348713
2017-12-07 00:00:00,13623.00,16615.62,13085.90,16599.99,25787.67655646
2017-12-08 00:00:00,16599.99,16666.66,13482.42,15800.00,25473.39531065
2017-12-09 00:00:00,15799.87,15998.50,12701.05,14607.49,16587.47292694
2017-12-10 00:00:00,14601.01,15385.00,13011.00,14691.00,18487.98304099
2017-12-11 00:00:00,14690.99,17270.00,14677.19,16470.00,16583.72315538
2017-12-12 00:00:00,16470.00,17428.42,15967.29,16650.01,13517.89210328
2017-12-13 00:00:00,16650.01,17107.03,15497.69,16250.00,17136.70585820
2017-12-14 00:00:00,16245.02,16830.45,15852.69,16404.99,13409.52428786
2017-12-15 00:00:00,16404.99,17934.00,16337.19,17471.50,18998.38813709
2017-12-16 00:00:00,17477.98,19377.00,17269.99,19187.78,9761.22080853
2017-12-17 00:00:00,19187.78,19666.00,18465.00,18953.00,9749.24915462
2017-12-18 00:00:00,18953.00,19220.00,17835.20,18940.57,14678.94144797
2017-12-19 00:00:00,18940.58,19160.79,16831.26,17700.00,21528.13766503
2017-12-20 00:00:00,17700.00,17950.00,15343.04,16466.98,31172.22880670
2017-12-21 00:00:00,16466.98,17281.17,15005.00,15600.01,20377.86043859
2017-12-22 00:00:00,15600.00,15795.61,11159.93,14009.79,57444.88580326
2017-12-23 00:00:00,13980.00,15756.22,13496.48,14619.00,21786.40866420
2017-12-24 00:00:00,14619.00,14619.10,12488.00,14157.87,18519.48932254
2017-12-25 00:00:00,14107.87,14650.00,13210.00,13911.28,11564.54433309
2017-12-26 00:00:00,13925.50,16147.87,13746.95,15764.44,15051.16401761
2017-12-27 00:00:00,15764.45,16480.52,14484.00,15364.93,15643.75488215
2017-12-28 00:00:00,15390.05,15474.19,13500.00,14470.07,16557.21732271
2017-12-29 00:00:00,14436.99,15111.00,13998.00,14340.00,13505.70299216
2017-12-30 00:00:00,14351.00,14463.28,12050.00,12640.00,21749.67444609
2017-12-31 00:00:00,12640.00,14296.06,12491.21,13880.00,11583.41864698
2018-01-01 00:00:00,13880.00,13941.75,12801.38,13443.41,7688.03068460
2018-01-02 00:00:00,13394.20,15257.53,12910.58,14678.94,16299.66930279
2018-01-03 00:00:00,14670.96,15500.00,14546.28,15155.62,12275.00119668
2018-01-04 00:00:00,15155.62,15430.27,14192.37,15143.67,15004.01859256
2018-01-05 00:00:00,15143.67,17200.00,14810.00,16928.00,16248.91467956
2018-01-06 00:00:00,16927.99,17234.99,16220.00,17149.67,9501.01675546
2018-01-07 00:00:00,17142.43,17149.97,15707.16,16124.02,8632.81384337
2018-01-08 00:00:00,16173.98,16300.00,13900.00,14999.99,16676.34994239
2018-01-09 00:00:00,14999.99,15367.18,14123.97,14403.51,13913.52469368
2018-01-10 00:00:00,14403.51,14900.00,13412.00,14890.02,18479.01253046
2018-01-11 00:00:00,14899.99,14973.07,12800.00,13243.83,19630.07517112
2018-01-12 00:00:00,13249.99,14152.19,12807.27,13781.41,13433.08481363
2018-01-13 00:00:00,13829.28,14619.10,13789.42,14197.78,7488.98701847
2018-01-14 00:00:00,14197.78,14365.81,13072.22,13647.99,7588.63558972
2018-01-15 00:00:00,13647.99,14394.36,13429.25,13607.04,9444.63530824
2018-01-16 00:00:00,13581.66,13607.04,10162.00,11386.34,38789.88308789
2018-01-17 00:00:00,11393.97,11794.07,9222.00,11191.35,41356.18973790
2018-01-18 00:00:00,11199.00,12146.00,10693.00,11247.57,22195.26202056
2018-01-19 00:00:00,11290.90,12050.39,11025.18,11552.00,13203.25567513
2018-01-20 00:00:00,11560.82,13052.12,11515.94,12775.99,10324.05733414
2018-01-21 00:00:00,12782.99,12791.88,11100.00,11558.87,11596.44128787
2018-01-22 00:00:00,11558.87,11910.78,10028.41,10808.99,17067.72925582
2018-01-23 00:00:00,10810.00,11409.87,9927.54,10851.82,17250.17614645
2018-01-24 00:00:00,10848.99,11500.00,10488.13,11400.96,11646.79059794
2018-01-25 00:00:00,11400.98,11741.82,10868.57,11155.54,10212.92183381
2018-01-26 00:00:00,11140.01,11635.00,10263.32,11092.95,15074.66641243
2018-01-27 00:00:00,11093.74,11630.47,10815.84,11446.54,10309.80746248
2018-01-28 00:00:00,11446.54,11989.15,11360.52,11685.58,9956.09249576
2018-01-29 00:00:00,11685.58,11820.01,10991.00,11162.62,9996.35689848
2018-01-30 00:00:00,11162.62,11222.36,9731.20,9971.00,21082.19252764
2018-01-31 00:00:00,9971.00,10324.00,9514.96,10149.00,12743.50947059
2018-02-01 00:00:00,10148.99,10187.56,8455.00,8998.99,26356.58883931
2018-02-02 00:00:00,9010.87,9096.79,7625.25,8838.83,44406.01982931
2018-02-03 00:00:00,8838.29,9491.20,8170.71,9225.86,16208.37411342
2018-02-04 00:00:00,9225.31,9350.09,7825.00,8191.00,19110.67246079
2018-02-05 00:00:00,8190.78,8335.56,6600.00,6874.27,46544.42880431
2018-02-06 00:00:00,6878.65,8150.00,5920.72,7737.37,70961.36965826
2018-02-07 00:00:00,7737.26,8649.00,7213.80,7588.01,32640.89253754
2018-02-08 00:00:00,7588.01,8644.36,7565.50,8259.76,22746.39118112
2018-02-09 00:00:00,8259.42,8779.62,7753.32,8693.98,18418.11709042
2018-02-10 00:00:00,8693.98,9090.80,8170.86,8560.00,14670.55870203
2018-02-11 00:00:00,8560.00,8560.00,7820.00,8067.00,12711.78584570
2018-02-12 00:00:00,8077.25,8995.00,8067.00,8899.00,15071.04029684
2018-02-13 00:00:00,8891.20,8951.89,8360.13,8522.99,11374.52415254
2018-02-14 00:00:00,8504.57,9515.00,8504.57,9490.98,17468.73886593
2018-02-15 00:00:00,9490.98,10234.00,9350.00,10018.00,21036.33731750
2018-02-16 00:00:00,10011.30,10300.00,9707.51,10196.00,11857.64277513
2018-02-17 00:00:00,10203.14,11135.83,10053.50,11101.00,14511.16913676
2018-02-18 00:00:00,11101.00,11300.00,10153.15,10421.06,17623.07943135
2018-02-19 00:00:00,10433.68,11262.48,10307.51,11173.00,11698.25622611
2018-02-20 00:00:00,11159.12,11780.00,11080.37,11233.41,15880.90903980
2018-02-21 00:00:00,11233.42,11275.74,10256.00,10449.40,19959.67715652
2018-02-22 00:00:00,10446.79,10935.00,9731.20,9843.34,20204.69095384
2018-02-23 00:00:00,9843.33,10405.30,9600.00,10166.10,16044.03930333
2018-02-24 00:00:00,10135.20,10540.63,9373.48,9689.99,13972.71472351
2018-02-25 00:00:00,9688.26,9883.41,9260.00,9590.04,11037.17695269
2018-02-26 00:00:00,9595.99,10461.97,9376.34,10324.70,16156.80505618
2018-02-27 00:00:00,10329.99,10850.00,10150.00,10566.30,10408.47993775
2018-02-28 00:00:00,10572.49,11064.75,10255.07,10314.90,10490.74905816
2018-03-01 00:00:00,10314.99,11090.00,10223.41,10903.13,9481.66514611
2018-03-02 00:00:00,10917.37,11175.00,10774.01,11029.99,8329.09790086
2018-03-03 00:00:00,11032.81,11503.24,11022.85,11445.00,7786.26753951
2018-03-04 00:00:00,11445.00,11511.00,11054.91,11463.27,6831.63070279
2018-03-05 00:00:00,11479.68,11688.00,11383.66,11419.24,9933.67623336
2018-03-06 00:00:00,11417.39,11420.01,10560.19,10723.76,14734.41949313
2018-03-07 00:00:00,10723.01,10911.78,9450.00,9913.03,26116.51184803
2018-03-08 00:00:00,9904.52,10150.00,9078.95,9285.32,22522.42746991
2018-03-09 00:00:00,9293.06,9420.39,8366.00,9230.00,29014.16684454
2018-03-10 00:00:00,9228.83,9514.96,8697.00,8791.47,12886.58857926
2018-03-11 00:00:00,8795.04,9768.37,8450.00,9535.04,16407.54237557
2018-03-12 00:00:00,9535.04,9892.00,8742.07,9120.75,18751.02057959
2018-03-13 00:00:00,9115.24,9482.79,8830.00,9142.32,16001.47534639
2018-03-14 00:00:00,9152.07,9356.14,7948.00,8196.69,21191.02313580
2018-03-15 00:00:00,8195.99,8425.00,7682.00,8265.05,18387.61138793
2018-03-16 00:00:00,8265.05,8613.06,7914.08,8258.54,16498.62433531
2018-03-17 00:00:00,8258.54,8356.40,7730.23,7860.83,12048.66889140
2018-03-18 00:00:00,7860.83,8324.92,7325.37,8188.24,19547.36114711
2018-03-19 00:00:00,8205.55,8718.74,8114.17,8596.93,19396.08835883
2018-03-20 00:00:00,8596.79,9051.00,8313.01,8904.02,13454.82226040
2018-03-21 00:00:00,8904.02,9188.10,8754.83,8893.79,12100.99713332
2018-03-22 00:00:00,8892.18,9099.59,8503.52,8704.67,12587.63392229
2018-03-23 00:00:00,8708.52,8920.79,8265.00,8920.79,13749.78486097
2018-03-24 00:00:00,8917.99,9020.00,8505.00,8547.00,9731.98236841
2018-03-25 00:00:00,8541.96,8680.00,8368.63,8453.90,9155.91214778
2018-03-26 00:00:00,8451.12,8500.00,7831.15,8149.66,17693.41533930
2018-03-27 00:00:00,8152.26,8211.62,7742.11,7791.70,12385.25028422
2018-03-28 00:00:00,7791.69,8104.98,7723.03,7932.41,8437.64467971
2018-03-29 00:00:00,7932.41,7968.00,6914.53,7088.38,22138.11413228
2018-03-30 00:00:00,7086.14,7302.35,6550.00,6850.00,29101.44802706
2018-03-31 00:00:00,6839.63,7231.73,6794.26,6928.62,11579.59705718
2018-04-01 00:00:00,6926.50,7045.71,6427.16,6813.52,18046.94087395
2018-04-02 00:00:00,6816.31,7106.50,6759.96,7052.76,13624.16035566
2018-04-03 00:00:00,7052.75,7506.84,7001.28,7416.27,16089.54162903
2018-04-04 00:00:00,7415.53,7430.00,6710.38,6799.95,15779.20246661
2018-04-05 00:00:00,6799.37,6928.70,6578.95,6771.69,11894.53597807
2018-04-06 00:00:00,6771.30,6850.00,6510.00,6618.33,8478.41806897
2018-04-07 00:00:00,6627.70,7069.13,6600.99,6904.90,7683.04165260
2018-04-08 00:00:00,6904.21,7104.52,6894.80,7027.26,4352.69794202
2018-04-09 00:00:00,7027.26,7175.83,6611.49,6780.10,10103.91621615
2018-04-10 00:00:00,6782.39,6900.00,6653.21,6835.67,6480.19276418
2018-04-11 00:00:00,6824.75,6984.92,6809.26,6940.94,5825.41064556
2018-04-12 00:00:00,6940.94,8069.34,6758.45,7923.78,19033.38033440
2018-04-13 00:00:00,7923.78,8239.33,7753.32,7896.92,19605.94275077
2018-04-14 00:00:00,7885.90,8232.14,7835.00,8000.41,8935.53071477
2018-04-15 00:00:00,8003.39,8417.00,8001.23,8354.22,7542.84081564
2018-04-16 00:00:00,8353.43,8424.99,7905.00,8048.15,10866.60295749
2018-04-17 00:00:00,8054.68,8160.85,7806.81,7890.87,9277.15121538
2018-04-18 00:00:00,7890.87,8235.00,7870.35,8172.84,9227.20459808
2018-04-19 00:00:00,8172.83,8297.99,8074.44,8271.31,9436.84632763
2018-04-20 00:00:00,8273.00,8934.00,8216.90,8861.00,16059.62267134
2018-04-21 00:00:00,8865.78,9023.40,8608.00,8920.71,15336.30792743
2018-04-22 00:00:00,8924.93,9036.52,8760.00,8789.96,9346.45175925
2018-04-23 00:00:00,8781.70,9006.39,8771.22,8946.95,10286.11771490
2018-04-24 00:00:00,8942.00,9737.16,8930.00,9648.00,20460.50898304
2018-04-25 00:00:00,9648.36,9755.53,8751.00,8864.99,33035.90404482
2018-04-26 00:00:00,8855.07,9326.79,8647.29,9274.48,20042.96970211
2018-04-27 00:00:00,9277.32,9387.82,8901.09,8921.43,11375.51437547
2018-04-28 00:00:00,8916.54,9442.34,8854.47,9345.11,15558.40230193
2018-04-29 00:00:00,9352.97,9538.75,9180.00,9393.99,10940.71803063
2018-04-30 00:00:00,9396.32,9443.96,9111.00,9242.17,8085.68829456
2018-05-01 00:00:00,9243.51,9249.99,8815.91,9066.90,12138.26396050
2018-05-02 00:00:00,9066.90,9259.16,8975.23,9222.00,10575.17497792
2018-05-03 00:00:00,9220.00,9799.99,9165.19,9732.43,11670.79957863
2018-05-04 00:00:00,9737.00,9784.73,9527.38,9696.57,7326.05207111
2018-05-05 00:00:00,9689.00,9948.98,9670.68,9823.28,7403.10502352
2018-05-06 00:00:00,9827.04,9918.41,9375.00,9623.54,8155.57685660
2018-05-07 00:00:00,9621.99,9634.50,9175.00,9359.52,13616.34859330
2018-05-08 00:00:00,9356.79,9450.00,9015.00,9167.69,11418.31053651
2018-05-09 00:00:00,9181.52,9368.79,8974.62,9308.49,11368.83432539
2018-05-10 00:00:00,9308.49,9393.00,8987.74,9020.99,11764.97750570
2018-05-11 00:00:00,9007.19,9018.38,8351.00,8411.42,20383.92660992
2018-05-12 00:00:00,8408.79,8652.80,8208.81,8481.60,15464.92940302
2018-05-13 00:00:00,8481.72,8775.90,8335.56,8696.58,9835.22450915
2018-05-14 00:00:00,8696.54,8900.90,8286.57,8674.36,18861.93709627
2018-05-15 00:00:00,8674.53,8865.00,8400.00,8474.99,12391.83198691
2018-05-16 00:00:00,8481.99,8505.33,8100.01,8346.59,12705.12321984
2018-05-17 00:00:00,8337.77,8500.00,7980.00,8067.03,8259.12452442
2018-05-18 00:00:00,8058.16,8275.10,7929.53,8248.87,7181.20388348
2018-05-19 00:00:00,8248.99,8395.00,8141.08,8231.20,3784.07576637
2018-05-20 00:00:00,8225.55,8590.00,8170.71,8518.48,5314.99889979
2018-05-21 00:00:00,8518.64,8589.10,8320.00,8391.76,6126.97105348
2018-05-22 00:00:00,8403.23,8417.65,7951.41,7984.08,9101.06078693
2018-05-23 00:00:00,7983.98,8032.01,7435.49,7502.89,17635.90129337
2018-05-24 00:00:00,7509.99,7733.99,7267.24,7586.88,11648.36524358
2018-05-25 00:00:00,7579.30,7661.07,7328.13,7471.18,10088.84331121
2018-05-26 00:00:00,7459.21,7622.87,7276.04,7335.99,4043.55765023
2018-05-27 00:00:00,7335.99,7412.57,7213.09,7347.39,3144.45110906
2018-05-28 00:00:00,7348.64,7445.00,7084.99,7112.50,6583.63252959
2018-05-29 00:00:00,7112.20,7537.00,7026.90,7469.45,11049.92099287
2018-05-30 00:00:00,7469.45,7559.00,7273.89,7375.73,8940.45400530
2018-05-31 00:00:00,7375.64,7601.23,7330.22,7492.28,7339.00726931
2018-06-01 00:00:00,7492.28,7620.01,7348.45,7511.60,6762.62757270
2018-06-02 00:00:00,7511.72,7700.00,7438.92,7642.00,4012.16875521
2018-06-03 00:00:00,7642.00,7790.69,7581.03,7703.67,4729.21008365
2018-06-04 00:00:00,7712.97,7764.44,7449.68,7488.26,6990.55135270
2018-06-05 00:00:00,7494.99,7685.00,7360.00,7617.98,9968.45508961
2018-06-06 00:00:00,7617.98,7695.46,7482.61,7658.57,7058.05577232
2018-06-07 00:00:00,7658.99,7750.00,7618.99,7689.28,7545.00925066
2018-06-08 00:00:00,7676.41,7697.00,7542.00,7618.11,4676.55832777
2018-06-09 00:00:00,7618.11,7686.45,7468.31,7492.70,2713.78104511
2018-06-10 00:00:00,7498.00,7498.00,6627.70,6781.17,14392.69540615
2018-06-11 00:00:00,6781.17,6919.97,6634.86,6880.61,11409.52423218
2018-06-12 00:00:00,6880.76,6880.76,6461.42,6557.67,8827.59949970
2018-06-13 00:00:00,6557.66,6624.45,6120.00,6307.40,19190.50457858
2018-06-14 00:00:00,6308.49,6708.10,6270.69,6646.10,14185.83821156
2018-06-15 00:00:00,6638.80,6666.66,6370.00,6390.60,7132.20678871
2018-06-16 00:00:00,6390.60,6557.81,6333.63,6487.92,3553.69972603
2018-06-17 00:00:00,6487.92,6575.35,6429.23,6453.41,2828.75680848
2018-06-18 00:00:00,6451.03,6793.00,6381.25,6707.50,5940.17439750
2018-06-19 00:00:00,6711.30,6841.81,6660.21,6736.52,5443.67979628
2018-06-20 00:00:00,6728.44,6809.26,6558.95,6756.58,5193.76884592
2018-06-21 00:00:00,6756.60,6792.20,6677.85,6718.33,4837.32442832
2018-06-22 00:00:00,6718.33,6737.97,5940.00,6050.45,18544.14405465
2018-06-23 00:00:00,6055.17,6261.00,6048.54,6177.38,4585.87147205
2018-06-24 00:00:00,6169.91,6255.05,5780.00,6153.40,11423.59392896
2018-06-25 00:00:00,6153.60,6365.34,6075.01,6253.61,9689.68930701
2018-06-26 00:00:00,6252.28,6277.00,6025.68,6068.00,7751.62208792
2018-06-27 00:00:00,6073.99,6181.11,5985.00,6135.64,7446.86155074
2018-06-28 00:00:00,6135.64,6165.49,5818.14,5848.33,8878.39857291
2018-06-29 00:00:00,5845.20,6299.00,5774.72,6204.24,12067.37316767
2018-06-30 00:00:00,6204.01,6510.00,6190.28,6385.71,6915.08887702
2018-07-01 00:00:00,6385.75,6438.55,6259.34,6349.99,4160.70556721
2018-07-02 00:00:00,6345.48,6667.57,6270.69,6612.98,8799.80247408
2018-07-03 00:00:00,6605.46,6666.00,6464.39,6507.99,5924.86541706
2018-07-04 00:00:00,6507.99,6792.28,6413.20,6584.25,6706.73400620
2018-07-05 00:00:00,6575.62,6700.00,6445.31,6533.69,7692.21577694
2018-07-06 00:00:00,6533.69,6636.15,6449.76,6596.53,5457.67218749
2018-07-07 00:00:00,6604.74,6820.00,6510.00,6759.99,4842.79587112
2018-07-08 00:00:00,6755.46,6783.54,6674.60,6706.60,5145.84575684
2018-07-09 00:00:00,6706.60,6814.72,6620.00,6666.75,7165.21723333
2018-07-10 00:00:00,6666.75,6683.90,6270.84,6299.46,9163.01977492
2018-07-11 00:00:00,6304.45,6400.00,6285.00,6380.00,6370.13680136
2018-07-12 00:00:00,6379.13,6380.00,6072.00,6243.88,7792.46685782
2018-07-13 00:00:00,6243.53,6337.25,6121.01,6215.59,5901.29571452
2018-07-14 00:00:00,6208.78,6317.84,6180.00,6243.98,2584.73396230
2018-07-15 00:00:00,6245.99,6397.21,6227.76,6349.30,3556.29310719
2018-07-16 00:00:00,6353.25,6755.00,6333.63,6721.04,9404.05647649
2018-07-17 00:00:00,6721.21,7468.31,6657.95,7310.71,12703.29651293
2018-07-18 00:00:00,7310.71,7599.98,7239.15,7374.88,13347.87637571
2018-07-19 00:00:00,7384.92,7570.90,7278.84,7471.42,8803.25309749
2018-07-20 00:00:00,7474.35,7696.88,7265.00,7330.84,9379.17143244
2018-07-21 00:00:00,7330.84,7458.00,7212.00,7409.92,4049.81022253
2018-07-22 00:00:00,7398.16,7581.03,7336.15,7396.60,5107.97881280
2018-07-23 00:00:00,7393.50,7800.00,7369.86,7719.62,12572.45317131
2018-07-24 00:00:00,7712.46,8496.96,7691.14,8403.83,18707.41156484
2018-07-25 00:00:00,8394.48,8475.00,8049.22,8174.06,10348.06857767
2018-07-26 00:00:00,8174.06,8314.23,7855.97,7926.00,8091.87166049
2018-07-27 00:00:00,7926.00,8274.98,7798.48,8183.05,8701.76587806
2018-07-28 00:00:00,8177.72,8259.00,8051.43,8237.74,2765.68049060
2018-07-29 00:00:00,8231.07,8299.99,8109.74,8216.74,3980.27940760
2018-07-30 00:00:00,8216.74,8295.00,7853.01,8160.21,11785.89207823
2018-07-31 00:00:00,8162.28,8162.37,7633.67,7725.43,11994.08614156
2018-08-01 00:00:00,7726.85,7761.56,7440.00,7602.01,11406.76843741
2018-08-02 00:00:00,7600.22,7709.98,7455.00,7536.37,5262.23613199
2018-08-03 00:00:00,7535.00,7542.92,7286.41,7416.98,9585.77930917
2018-08-04 00:00:00,7416.98,7494.48,6926.00,7009.99,6831.75139028
2018-08-05 00:00:00,7009.94,7086.80,6888.88,7032.61,6039.13514460
2018-08-06 00:00:00,7028.89,7157.93,6835.06,6936.11,7317.64296455
2018-08-07 00:00:00,6932.18,7155.00,6671.00,6717.68,10039.39296375
2018-08-08 00:00:00,6717.67,6717.68,6121.00,6283.59,14668.56802221
2018-08-09 00:00:00,6283.89,6627.00,6190.01,6543.76,9484.88670496
2018-08-10 00:00:00,6544.98,6584.05,5995.75,6139.99,14096.00988894
2018-08-11 00:00:00,6139.99,6494.13,6000.00,6239.98,6818.37504816
2018-08-12 00:00:00,6240.49,6493.77,6163.44,6310.82,7169.89323056
2018-08-13 00:00:00,6311.99,6544.37,6142.20,6252.63,8896.68083746
2018-08-14 00:00:00,6252.63,6254.02,5880.00,6193.62,14235.27018218
2018-08-15 00:00:00,6194.30,6628.50,6186.02,6272.30,12501.11334781
2018-08-16 00:00:00,6273.34,6477.57,6208.37,6313.51,7099.26116360
2018-08-17 00:00:00,6314.08,6584.49,6290.64,6580.15,6635.58158998
2018-08-18 00:00:00,6578.13,6615.00,6303.00,6399.28,3496.80232127
2018-08-19 00:00:00,6397.37,6545.00,6312.00,6481.99,3138.71131829
2018-08-20 00:00:00,6481.63,6522.99,6223.90,6260.82,6254.82080784
2018-08-21 00:00:00,6260.83,6513.28,6246.05,6479.27,5655.04172504
2018-08-22 00:00:00,6478.99,6906.81,6250.00,6355.76,11955.65069577
2018-08-23 00:00:00,6355.97,6575.99,6344.80,6525.01,4028.43387247
2018-08-24 00:00:00,6525.99,6721.09,6445.32,6692.94,6374.54257854
2018-08-25 00:00:00,6692.99,6800.00,6664.25,6732.40,4980.64928331
2018-08-26 00:00:00,6732.99,6775.34,6558.95,6700.46,3475.72024960
2018-08-27 00:00:00,6700.13,6944.47,6641.35,6904.51,5863.68824836
2018-08-28 00:00:00,6911.70,7125.28,6861.17,7080.94,8222.24765235
2018-08-29 00:00:00,7079.46,7124.06,6890.00,7032.96,5730.97892652
2018-08-30 00:00:00,7034.47,7055.97,6792.85,6984.01,6875.26197217
2018-08-31 00:00:00,6984.34,7101.03,6879.00,7017.35,5790.38050638
2018-09-01 00:00:00,7015.78,7300.18,7015.22,7185.01,4590.45724112
2018-09-02 00:00:00,7195.80,7334.50,7130.63,7290.31,3297.68658519
2018-09-03 00:00:00,7291.94,7340.08,7184.00,7258.99,2829.87707292
2018-09-04 00:00:00,7261.29,7411.85,7231.00,7361.00,4531.14780379
2018-09-05 00:00:00,7353.48,7387.00,6650.00,6679.30,12408.79698551
2018-09-06 00:00:00,6671.95,6705.59,6253.29,6493.09,14674.02367160
2018-09-07 00:00:00,6488.01,6525.00,6322.00,6400.00,6541.96747088
2018-09-08 00:00:00,6401.01,6465.46,6113.23,6178.31,4284.19484304
2018-09-09 00:00:00,6178.31,6451.51,6094.38,6236.04,4104.31379555
2018-09-10 00:00:00,6238.99,6351.13,6223.90,6301.99,5371.72530672
2018-09-11 00:00:00,6303.99,6405.00,6162.06,6279.99,7076.79725968
2018-09-12 00:00:00,6274.60,6350.00,6192.89,6322.45,4282.15960066
2018-09-13 00:00:00,6326.83,6537.46,6324.37,6485.70,6985.34747474
2018-09-14 00:00:00,6482.95,6587.00,6384.36,6476.51,4598.02098322
2018-09-15 00:00:00,6476.51,6570.10,6466.74,6520.15,1328.81956289
2018-09-16 00:00:00,6521.49,6524.84,6349.47,6499.98,1098.62806031
2018-09-17 00:00:00,6499.28,6530.24,6200.00,6254.52,4386.88772482
2018-09-18 00:00:00,6251.49,6390.00,6226.63,6332.34,4196.47314808
2018-09-19 00:00:00,6330.00,6510.00,6100.00,6388.40,7232.08338006
2018-09-20 00:00:00,6388.40,6535.11,6333.63,6492.98,5177.64510387
2018-09-21 00:00:00,6492.98,6775.34,6483.83,6749.45,8569.98587321
2018-09-22 00:00:00,6748.85,6826.28,6624.79,6710.01,5491.80951385
2018-09-23 00:00:00,6710.01,6774.91,6659.00,6702.22,3248.80491931
2018-09-24 00:00:00,6703.37,6721.68,6550.96,6581.52,4030.72562001
2018-09-25 00:00:00,6578.70,6579.59,6324.96,6428.99,8206.61700477
2018-09-26 00:00:00,6428.09,6540.00,6379.44,6461.51,4295.92674134
2018-09-27 00:00:00,6454.32,6736.85,6431.95,6681.62,5664.85211251
2018-09-28 00:00:00,6684.50,6792.28,6525.67,6610.76,7642.04936428
2018-09-29 00:00:00,6609.02,6609.02,6454.00,6579.38,3382.01592212
2018-09-30 00:00:00,6574.29,6628.06,6510.00,6597.81,2482.69507513
2018-10-01 00:00:00,6597.79,6638.15,6477.57,6571.20,4796.04013200
2018-10-02 00:00:00,6569.32,6597.00,6447.28,6500.00,4116.13342419
2018-10-03 00:00:00,6500.00,6510.00,6396.34,6456.77,4774.76328174
2018-10-04 00:00:00,6454.81,6604.89,6450.58,6547.56,3832.70048916
2018-10-05 00:00:00,6548.83,6641.35,6510.00,6582.12,3807.26928181
2018-10-06 00:00:00,6582.11,6595.69,6526.28,6544.08,2022.78075908
2018-10-07 00:00:00,6547.93,6600.00,6493.92,6577.63,2455.65659087
2018-10-08 00:00:00,6574.15,6656.63,6541.06,6604.75,4079.04424933
2018-10-09 00:00:00,6604.76,6623.14,6553.13,6588.80,2254.95026959
2018-10-10 00:00:00,6588.72,6589.79,6387.91,6517.55,5177.06675956
2018-10-11 00:00:00,6517.55,6520.43,6055.28,6152.76,9616.23958351
2018-10-12 00:00:00,6152.76,6243.79,6109.79,6185.15,3246.38155720
2018-10-13 00:00:00,6182.03,6219.77,6168.83,6199.69,1954.04680593
2018-10-14 00:00:00,6201.23,6349.47,6143.08,6183.00,2525.73820085
2018-10-15 00:00:00,6185.04,6756.00,6149.28,6441.74,16895.88930388
2018-10-16 00:00:00,6438.20,6493.77,6386.40,6461.20,4703.09390629
2018-10-17 00:00:00,6457.67,6465.39,6407.69,6437.29,2961.26337446
2018-10-18 00:00:00,6440.07,6490.00,6350.00,6396.18,3823.16928503
2018-10-19 00:00:00,6394.23,6412.40,6355.99,6383.46,2290.05901170
2018-10-20 00:00:00,6380.47,6424.16,6363.02,6412.86,1261.97849549
2018-10-21 00:00:00,6412.86,6470.00,6401.01,6413.38,1541.01151749
2018-10-22 00:00:00,6412.62,6429.23,6372.53,6406.06,2407.53546180
2018-10-23 00:00:00,6409.39,6421.58,6354.26,6393.41,2851.00556658
2018-10-24 00:00:00,6396.24,6473.00,6393.00,6411.96,3535.33808825
2018-10-25 00:00:00,6411.96,6422.73,6361.73,6393.53,3046.60380599
2018-10-26 00:00:00,6393.38,6450.30,6377.81,6406.10,3323.82631782
2018-10-27 00:00:00,6406.10,6420.01,6381.25,6407.66,890.12715690
2018-10-28 00:00:00,6407.66,6420.00,6383.00,6405.57,839.29766473
2018-10-29 00:00:00,6404.27,6420.00,6208.37,6266.52,5190.82201499
2018-10-30 00:00:00,6266.47,6289.00,6240.00,6269.46,2523.57742936
2018-10-31 00:00:00,6269.45,6350.00,6199.25,6303.27,5148.08262352
2018-11-01 00:00:00,6304.50,6365.33,6288.01,6340.99,2190.97047686
2018-11-02 00:00:00,6343.85,6381.25,6328.33,6350.43,2678.06948097
2018-11-03 00:00:00,6350.05,6351.74,6312.48,6335.00,1084.13861953
2018-11-04 00:00:00,6333.59,6475.00,6310.57,6421.76,2673.81391399
2018-11-05 00:00:00,6428.23,6441.43,6369.89,6403.20,2335.48865475
2018-11-06 00:00:00,6404.97,6460.01,6378.24,6447.50,4270.33460011
2018-11-07 00:00:00,6448.17,6544.00,6442.47,6501.00,4800.82491273
2018-11-08 00:00:00,6501.00,6511.27,6388.88,6405.49,3966.97303181
2018-11-09 00:00:00,6405.49,6418.18,6307.00,6325.00,3218.12902607
2018-11-10 00:00:00,6325.00,6377.26,6323.00,6349.32,1523.39384996
2018-11-11 00:00:00,6349.39,6365.00,6269.46,6357.54,1718.26855567
2018-11-12 00:00:00,6352.57,6388.21,6298.50,6318.00,3526.03903239
2018-11-13 00:00:00,6318.01,6328.36,6244.35,6260.91,3630.56272124
2018-11-14 00:00:00,6255.86,6298.47,5324.00,5595.91,25121.93301356
2018-11-15 00:00:00,5592.23,5641.00,5199.80,5585.00,19945.90828161
2018-11-16 00:00:00,5571.12,5610.00,5411.74,5508.71,8074.60557580
2018-11-17 00:00:00,5514.62,5550.66,5452.63,5503.36,2732.79162871
2018-11-18 00:00:00,5503.36,5658.47,5500.00,5559.26,2576.45532010
2018-11-19 00:00:00,5553.01,5559.69,4694.44,4735.44,28910.66553331
2018-11-20 00:00:00,4732.92,4897.36,4048.58,4352.00,39775.38943928
2018-11-21 00:00:00,4349.41,4635.00,4242.33,4538.01,20678.25000596
2018-11-22 00:00:00,4551.47,4589.53,4194.98,4275.23,10258.46172893
2018-11-23 00:00:00,4268.40,4364.46,4061.02,4288.26,13322.77736822
2018-11-24 00:00:00,4288.25,4376.88,3638.48,3785.65,14236.74417437
2018-11-25 00:00:00,3780.67,4120.00,3474.73,3938.89,26969.94763424
2018-11-26 00:00:00,3934.22,4069.59,3522.28,3727.34,24357.88293934
2018-11-27 00:00:00,3727.34,3834.35,3548.76,3771.01,16814.00296565
2018-11-28 00:00:00,3771.01,4355.08,3771.00,4220.16,22983.71348838
2018-11-29 00:00:00,4219.77,4409.77,4086.97,4249.80,15944.01262628
2018-11-30 00:00:00,4250.00,4300.00,3861.00,3971.06,14364.62144791
2018-12-01 00:00:00,3970.56,4264.47,3904.34,4140.39,6412.23253743
2018-12-02 00:00:00,4140.40,4265.00,4030.00,4102.05,7019.16205825
2018-12-03 00:00:00,4099.63,4115.15,3747.00,3834.34,10726.67730460
2018-12-04 00:00:00,3830.81,4033.98,3730.00,3903.52,12249.93688790
2018-12-05 00:00:00,3903.52,3913.62,3662.35,3696.69,13443.22072621
2018-12-06 00:00:00,3694.03,3844.79,3415.22,3437.26,15480.96697218
2018-12-07 00:00:00,3437.22,3531.00,3210.00,3380.68,26513.23162490
2018-12-08 00:00:00,3376.27,3495.99,3241.00,3398.80,10176.34927433
2018-12-09 00:00:00,3398.80,3633.20,3371.09,3529.75,8011.02295177
2018-12-10 00:00:00,3528.68,3588.43,3355.00,3408.00,10375.26877055
2018-12-11 00:00:00,3406.41,3427.27,3292.65,3353.42,8951.71070828
2018-12-12 00:00:00,3345.01,3490.00,3325.70,3430.18,7284.10378196
2018-12-13 00:00:00,3430.20,3441.13,3221.14,3262.73,11715.01908312
2018-12-14 00:00:00,3263.55,3294.81,3135.55,3195.75,14437.50526664
2018-12-15 00:00:00,3194.04,3230.00,3122.28,3179.54,5814.86853241
2018-12-16 00:00:00,3180.84,3259.43,3178.23,3193.78,6033.50714633
2018-12-17 00:00:00,3191.41,3590.00,3181.26,3496.73,16389.79444903
2018-12-18 00:00:00,3499.37,3684.00,3422.77,3667.16,13792.36427592
2018-12-19 00:00:00,3667.16,3924.01,3642.69,3684.50,21125.61437541
2018-12-20 00:00:00,3684.03,4172.07,3656.75,4073.77,25986.85291601
2018-12-21 00:00:00,4073.58,4162.00,3770.00,3841.08,16967.23460506
2018-12-22 00:00:00,3842.59,4010.16,3780.09,3980.90,7697.59815203
2018-12-23 00:00:00,3977.65,4051.00,3900.00,3943.83,4609.89261726
2018-12-24 00:00:00,3947.82,4236.84,3944.84,4036.00,12017.91713092
2018-12-25 00:00:00,4034.54,4049.23,3674.73,3779.99,11801.43441841
2018-12-26 00:00:00,3780.00,3863.34,3678.80,3810.01,10064.18282348
2018-12-27 00:00:00,3810.01,3841.17,3566.00,3591.69,11850.01238190
2018-12-28 00:00:00,3590.26,3970.00,3575.00,3884.97,13055.71840689
2018-12-29 00:00:00,3884.66,3961.85,3702.51,3725.48,6901.38233180
2018-12-30 00:00:00,3728.96,3870.00,3688.76,3835.79,5736.45370818
2018-12-31 00:00:00,3831.03,3842.89,3630.00,3693.30,6667.16373743
2019-01-01 00:00:00,3693.85,3845.46,3629.66,3823.44,5149.60627729
2019-01-02 00:00:00,3825.41,3918.67,3770.00,3885.87,5534.46951453
2019-01-03 00:00:00,3890.27,3893.40,3760.00,3787.81,4803.24610920
2019-01-04 00:00:00,3785.64,3850.33,3732.38,3817.71,7452.05894356
2019-01-05 00:00:00,3822.00,3887.09,3780.00,3791.84,3656.37531439
2019-01-06 00:00:00,3795.38,4090.00,3753.00,4040.71,5400.71486407
2019-01-07 00:00:00,4040.71,4070.00,3964.01,4005.45,7445.09600426
2019-01-08 00:00:00,4005.00,4112.00,3934.73,3994.90,11819.98676966
2019-01-09 00:00:00,3994.75,4060.00,3948.44,4002.13,7390.13399203
2019-01-10 00:00:00,4003.09,4036.22,3503.44,3627.51,16118.42088248
2019-01-11 00:00:00,3627.65,3704.60,3569.85,3632.02,10571.08164263
2019-01-12 00:00:00,3631.00,3650.35,3557.09,3617.13,3184.35219414
2019-01-13 00:00:00,3617.75,3654.02,3476.00,3515.95,5908.52280454
2019-01-14 00:00:00,3517.03,3714.00,3506.00,3664.28,9925.99072165
2019-01-15 00:00:00,3664.28,3687.02,3534.68,3576.93,8059.81737770
2019-01-16 00:00:00,3576.92,3669.00,3570.48,3605.91,7675.06606371
2019-01-17 00:00:00,3609.50,3660.00,3534.25,3638.01,7499.52552971
2019-01-18 00:00:00,3638.01,3641.90,3577.00,3609.21,5023.51029080
2019-01-19 00:00:00,3609.29,3774.00,3602.60,3681.00,4080.88346413
2019-01-20 00:00:00,3680.00,3703.27,3470.00,3536.72,5591.01583422
2019-01-21 00:00:00,3537.42,3573.29,3485.58,3531.51,5821.89983137
2019-01-22 00:00:00,3531.51,3615.80,3401.36,3576.81,6877.06367550
2019-01-23 00:00:00,3574.44,3620.23,3518.00,3552.32,6170.84267224
2019-01-24 00:00:00,3553.20,3598.00,3524.00,3570.73,4488.01463801
2019-01-25 00:00:00,3570.67,3578.79,3511.00,3560.00,4961.79512299
2019-01-26 00:00:00,3560.94,3657.89,3536.51,3555.56,2697.88387935
2019-01-27 00:00:00,3555.31,3564.12,3456.00,3533.23,3852.65964090
2019-01-28 00:00:00,3532.23,3536.77,3357.30,3429.50,10345.10091040
2019-01-29 00:00:00,3431.43,3438.76,3322.19,3390.50,7284.38686266
2019-01-30 00:00:00,3391.25,3465.05,3372.34,3437.35,5704.02340186
2019-01-31 00:00:00,3438.00,3474.20,3392.60,3413.11,5951.81816980
2019-02-01 00:00:00,3413.69,3460.00,3364.53,3434.83,6659.84752495
2019-02-02 00:00:00,3434.83,3485.00,3406.38,3462.82,3051.95860768
2019-02-03 00:00:00,3470.50,3476.33,3384.67,3414.82,2813.89222442
2019-02-04 00:00:00,3413.75,3439.46,3394.85,3410.87,3244.08497898
2019-02-05 00:00:00,3409.81,3435.00,3396.00,3431.39,4045.62530164
2019-02-06 00:00:00,3431.81,3445.60,3328.70,3364.62,6137.40639817
2019-02-07 00:00:00,3364.00,3383.29,3350.00,3359.33,4293.55581410
2019-02-08 00:00:00,3358.39,3711.04,3337.91,3622.94,14388.64754224
2019-02-09 00:00:00,3626.12,3639.74,3589.52,3622.62,4054.50461695
2019-02-10 00:00:00,3622.74,3662.43,3576.16,3650.37,4155.50568273
2019-02-11 00:00:00,3651.32,3652.56,3578.70,3588.70,7931.40887407
2019-02-12 00:00:00,3588.99,3619.93,3548.28,3585.94,10074.81670532
2019-02-13 00:00:00,3585.70,3629.81,3541.00,3574.93,7992.74321134
2019-02-14 00:00:00,3575.01,3590.74,3531.01,3560.46,5910.24312876
2019-02-15 00:00:00,3560.45,3620.53,3544.88,3566.29,6234.76805726
2019-02-16 00:00:00,3566.29,3609.00,3561.96,3579.92,3442.47630393
2019-02-17 00:00:00,3580.43,3663.34,3553.98,3625.60,5012.46127538
2019-02-18 00:00:00,3625.60,3916.47,3614.82,3869.80,15567.08485429
2019-02-19 00:00:00,3870.97,4000.00,3840.08,3888.46,12525.13651013
2019-02-20 00:00:00,3889.92,3967.52,3861.49,3936.53,9854.35493853
2019-02-21 00:00:00,3936.80,3989.99,3866.25,3900.40,8055.79892817
2019-02-22 00:00:00,3900.64,3957.00,3882.59,3939.82,6593.85993401
2019-02-23 00:00:00,3939.83,4157.87,3905.63,4113.53,7966.31721086
2019-02-24 00:00:00,4113.56,4190.00,3714.42,3730.68,13737.01398845
2019-02-25 00:00:00,3733.78,3861.81,3732.60,3820.71,8835.36224921
2019-02-26 00:00:00,3817.93,3830.00,3760.09,3795.06,6543.16453722
2019-02-27 00:00:00,3794.42,3822.85,3658.19,3798.47,7602.29984472
2019-02-28 00:00:00,3796.49,3897.62,3755.00,3791.36,6747.88027166
2019-03-01 00:00:00,3791.02,3845.30,3789.50,3807.05,4761.41015902
2019-03-02 00:00:00,3805.00,3818.75,3760.00,3810.46,3259.74312485
2019-03-03 00:00:00,3810.47,3822.39,3756.00,3789.52,2508.08649072
2019-03-04 00:00:00,3789.70,3806.90,3670.00,3698.66,7293.71962839
2019-03-05 00:00:00,3698.65,3877.10,3690.00,3844.07,7280.82397551
2019-03-06 00:00:00,3844.07,3895.12,3808.80,3851.55,6402.67507493
2019-03-07 00:00:00,3851.26,3891.04,3826.13,3856.64,7964.50825371
2019-03-08 00:00:00,3856.78,3924.37,3760.10,3844.64,7707.39667049
2019-03-09 00:00:00,3841.27,3950.25,3835.66,3916.43,5125.89830383
2019-03-10 00:00:00,3916.42,3916.43,3862.00,3897.92,3000.60671855
2019-03-11 00:00:00,3898.14,3912.89,3812.64,3849.25,6612.11516125
2019-03-12 00:00:00,3848.86,3877.69,3791.07,3859.74,5794.61473428
2019-03-13 00:00:00,3861.37,3874.68,3820.00,3848.48,4275.54000025
2019-03-14 00:00:00,3848.10,3903.98,3775.01,3854.77,5167.56617609
2019-03-15 00:00:00,3857.33,3912.06,3843.09,3901.21,6411.98332751
2019-03-16 00:00:00,3899.19,4040.00,3899.12,3990.00,6959.47788339
2019-03-17 00:00:00,3990.00,3992.42,3927.28,3965.50,2711.95016796
2019-03-18 00:00:00,3965.63,4016.63,3929.83,3969.59,5420.23037801
2019-03-19 00:00:00,3969.94,4012.63,3947.15,3998.13,5317.45055524
2019-03-20 00:00:00,3999.50,4050.00,3962.60,4031.59,6244.95370182
2019-03-21 00:00:00,4033.70,4055.35,3919.63,3974.21,7561.75989694
2019-03-22 00:00:00,3974.50,4000.81,3958.94,3982.07,3453.36892821
2019-03-23 00:00:00,3980.40,4001.17,3957.11,3982.52,2259.56452610
2019-03-24 00:00:00,3979.19,3980.97,3942.04,3969.99,2204.06560941
2019-03-25 00:00:00,3970.23,3980.22,3850.45,3910.51,6913.36709721
2019-03-26 00:00:00,3910.00,3936.36,3879.50,3922.58,4315.60487708
2019-03-27 00:00:00,3922.58,4037.11,3912.19,4025.50,8151.67504888
2019-03-28 00:00:00,4025.50,4025.56,3992.60,4012.23,3927.54682157
2019-03-29 00:00:00,4011.00,4102.57,4005.00,4090.00,8391.03462414
2019-03-30 00:00:00,4090.00,4130.36,4040.00,4094.92,3923.13646640
2019-03-31 00:00:00,4094.92,4101.70,4074.29,4096.08,2402.58820541
2019-04-01 00:00:00,4092.02,4150.00,4052.56,4136.32,7232.98731201
2019-04-02 00:00:00,4133.93,5080.00,4130.64,4899.63,30686.17351442
2019-04-03 00:00:00,4899.01,5345.00,4800.50,4978.23,29321.27268405
2019-04-04 00:00:00,4972.83,5077.35,4778.59,4907.94,15898.11514808
2019-04-05 00:00:00,4911.14,5067.62,4883.83,5039.73,13023.74651610
2019-04-06 00:00:00,5041.00,5240.00,4900.00,5041.39,10049.84478829
2019-04-07 00:00:00,5041.92,5253.49,5028.30,5190.85,10872.51935616
2019-04-08 00:00:00,5192.92,5347.37,5127.68,5287.88,13344.98151487
2019-04-09 00:00:00,5287.97,5288.95,5136.01,5192.60,9410.35350033
2019-04-10 00:00:00,5184.03,5466.06,5161.00,5323.47,10723.93474696
2019-04-11 00:00:00,5323.47,5344.31,4966.87,5040.20,15052.95606333
2019-04-12 00:00:00,5037.82,5122.48,4912.00,5076.35,8057.03847684
2019-04-13 00:00:00,5075.74,5122.01,5033.73,5063.63,4520.43702971
2019-04-14 00:00:00,5064.00,5185.26,5012.73,5162.72,3443.44728316
2019-04-15 00:00:00,5160.54,5192.01,4948.57,5027.31,7423.01375858
2019-04-16 00:00:00,5027.33,5231.96,5014.77,5202.43,7675.40412015
2019-04-17 00:00:00,5201.47,5275.07,5170.01,5233.72,6741.07720986
2019-04-18 00:00:00,5227.60,5325.00,5218.23,5281.58,6375.89568714
2019-04-19 00:00:00,5283.00,5357.96,5180.37,5289.91,5285.60637017
2019-04-20 00:00:00,5289.91,5362.97,5253.82,5318.89,3665.56962108
2019-04-21 00:00:00,5318.94,5346.91,5212.80,5295.65,4631.03916752
2019-04-22 00:00:00,5295.96,5439.12,5249.00,5386.80,7127.11186779
2019-04-23 00:00:00,5388.22,5627.00,5363.24,5531.32,10132.40317154
2019-04-24 00:00:00,5531.29,5623.30,5372.00,5440.95,10521.03763127
2019-04-25 00:00:00,5440.95,5510.00,4991.42,5132.55,9893.93590864
2019-04-26 00:00:00,5132.50,5291.48,5046.31,5155.19,15033.10177930
2019-04-27 00:00:00,5154.11,5218.31,5113.00,5168.91,4041.33355341
2019-04-28 00:00:00,5171.51,5213.23,5099.00,5160.98,3957.25435637
2019-04-29 00:00:00,5152.98,5191.96,5071.58,5149.11,5753.61513714
2019-04-30 00:00:00,5150.21,5287.40,5127.05,5269.00,5055.27283570
2019-05-01 00:00:00,5267.86,5357.96,5263.03,5318.42,4209.28441353
2019-05-02 00:00:00,5322.28,5422.94,5304.99,5385.00,5908.52172325
2019-05-03 00:00:00,5385.00,5796.56,5363.10,5658.22,12700.58899257
2019-05-04 00:00:00,5659.82,5846.13,5510.00,5764.65,8525.45570755
2019-05-05 00:00:00,5766.46,5782.55,5624.25,5709.32,5162.56182988
2019-05-06 00:00:00,5714.40,5755.79,5562.44,5685.46,6826.98087533
2019-05-07 00:00:00,5686.88,5970.00,5686.88,5751.54,10741.56186069
2019-05-08 00:00:00,5751.54,5986.00,5658.66,5940.89,6320.41354540
2019-05-09 00:00:00,5945.32,6172.00,5932.83,6156.70,9081.24077807
2019-05-10 00:00:00,6151.66,6426.80,6105.00,6342.84,13821.71360689
2019-05-11 00:00:00,6338.93,7445.00,6338.93,7217.47,22331.43531269
2019-05-12 00:00:00,7214.40,7585.00,6762.57,6974.35,27398.21436403
2019-05-13 00:00:00,6968.84,8167.50,6863.75,7810.05,27299.34473923
2019-05-14 00:00:00,7810.72,8335.56,7618.99,7986.00,18881.44115957
2019-05-15 00:00:00,7991.72,8300.00,7838.00,8208.69,16613.07123458
2019-05-16 00:00:00,8203.97,8390.95,7654.93,7880.00,17078.70375960
2019-05-17 00:00:00,7879.28,7942.09,6178.00,7351.71,27307.57969969
2019-05-18 00:00:00,7352.39,7493.85,7205.57,7260.12,7564.89968988
2019-05-19 00:00:00,7257.82,8299.99,7247.86,8200.00,15595.26745165
2019-05-20 00:00:00,8193.45,8199.97,7581.03,8005.64,13426.78750889
2019-05-21 00:00:00,8007.67,8117.48,7676.27,7955.16,7518.55567690
2019-05-22 00:00:00,7949.18,8049.22,7505.69,7624.95,8396.82203697
2019-05-23 00:00:00,7622.90,7980.00,7468.31,7880.22,8370.35625318
2019-05-24 00:00:00,7880.40,8188.87,7795.95,7999.02,9358.97181211
2019-05-25 00:00:00,7999.02,8158.45,7939.76,8064.64,3361.65325124
2019-05-26 00:00:00,8066.15,8802.29,7888.91,8733.26,8526.81164447
2019-05-27 00:00:00,8733.27,8939.18,8653.68,8770.73,8948.02467376
2019-05-28 00:00:00,8774.45,8817.41,8540.94,8717.96,6144.01124571
2019-05-29 00:00:00,8715.35,8762.39,8421.12,8663.41,7584.25785894
2019-05-30 00:00:00,8663.07,9096.79,8000.00,8277.76,15259.58792555
2019-05-31 00:00:00,8277.76,8589.99,8109.74,8547.20,9957.91006545
2019-06-01 00:00:00,8545.80,8624.72,8457.33,8556.27,5167.05130706
2019-06-02 00:00:00,8560.10,8833.97,8546.01,8734.49,4263.03616530
2019-06-03 00:00:00,8735.84,8745.96,8049.22,8103.64,9955.03261894
2019-06-04 00:00:00,8103.63,8103.63,7432.84,7665.53,15485.70215021
2019-06-05 00:00:00,7673.41,7924.48,7570.90,7785.94,9193.71188764
2019-06-06 00:00:00,7784.62,7878.62,7449.68,7806.07,8738.66635896
2019-06-07 00:00:00,7801.97,8134.99,7758.93,8001.25,9012.09615945
2019-06-08 00:00:00,8002.68,8061.12,7777.67,7932.27,4870.11556741
2019-06-09 00:00:00,7933.17,7966.58,7511.41,7632.99,3895.84810538
2019-06-10 00:00:00,7629.98,8090.00,7523.16,8021.10,7150.59429755
2019-06-11 00:00:00,8017.99,8057.32,7713.34,7919.10,5552.68803771
2019-06-12 00:00:00,7915.70,8266.00,7821.73,8176.27,8577.16249687
2019-06-13 00:00:00,8171.12,8335.56,8049.22,8238.00,7237.80039095
2019-06-14 00:00:00,8235.44,8737.37,8174.92,8697.54,8678.25030630
2019-06-15 00:00:00,8694.74,8911.98,8623.52,8857.19,5275.75306910
2019-06-16 00:00:00,8857.19,9391.85,8805.00,8974.19,15018.85335613
2019-06-17 00:00:00,8973.02,9477.70,8973.02,9333.48,12760.96069746
2019-06-18 00:00:00,9333.48,9361.87,8918.00,9078.84,11327.45394298
2019-06-19 00:00:00,9076.51,9325.85,9036.19,9278.27,4687.25984305
2019-06-20 00:00:00,9280.17,9600.00,9211.08,9534.99,7870.31583938
2019-06-21 00:00:00,9534.99,10229.49,9534.97,10222.12,12553.09963424
2019-06-22 00:00:00,10222.13,11200.00,10085.50,10661.30,13709.30032222
2019-06-23 00:00:00,10665.66,11247.62,10483.33,10831.95,7270.64581160
2019-06-24 00:00:00,10827.23,11099.00,10551.51,11029.63,8247.39381098
2019-06-25 00:00:00,11030.00,11796.37,11000.02,11751.01,12133.57175867
2019-06-26 00:00:00,11760.00,13880.00,11647.07,12920.54,37487.80242579
2019-06-27 00:00:00,12927.44,13355.61,10300.00,11153.74,36106.96055323
2019-06-28 00:00:00,11153.73,12447.46,10739.10,12354.43,18718.10158772
2019-06-29 00:00:00,12354.45,12386.76,11317.03,11858.62,12265.99736052
2019-06-30 00:00:00,11867.35,12200.06,10651.30,10760.10,12642.61772277
2019-07-01 00:00:00,10759.24,11200.41,9950.00,10577.43,22917.43710404
2019-07-02 00:00:00,10581.78,10942.63,9614.08,10828.90,20285.24655295
2019-07-03 00:00:00,10830.10,12009.00,10830.10,11967.43,19389.85475767
2019-07-04 00:00:00,11970.00,12061.04,11052.74,11146.34,11185.29420376
2019-07-05 00:00:00,11144.82,11440.00,10769.15,10997.84,11893.43794970
2019-07-06 00:00:00,10996.82,11735.00,10982.89,11240.00,7892.17866812
2019-07-07 00:00:00,11233.21,11627.00,11083.76,11469.96,6683.05546715
2019-07-08 00:00:00,11478.43,12398.00,11332.19,12286.14,11901.90089462
2019-07-09 00:00:00,12299.94,12883.48,12030.43,12567.23,15115.55238390
2019-07-10 00:00:00,12574.88,13200.00,11550.00,12098.95,19838.38994897
2019-07-11 00:00:00,12101.44,12104.97,10966.81,11349.24,18468.68600043
2019-07-12 00:00:00,11352.74,11942.39,11083.52,11808.91,9176.67942993
2019-07-13 00:00:00,11811.08,11846.61,10810.00,11378.79,9391.35341435
2019-07-14 00:00:00,11382.03,11467.30,10090.00,10191.87,12170.40823763
2019-07-15 00:00:00,10191.87,11080.37,9855.00,10850.00,16048.02718406
2019-07-16 00:00:00,10848.27,11042.11,9366.00,9412.81,20761.02748001
2019-07-17 00:00:00,9427.45,9993.00,9049.54,9699.35,16992.78525932
2019-07-18 00:00:00,9712.15,10797.00,9280.33,10648.60,18289.54217585
2019-07-19 00:00:00,10638.44,10776.99,10102.58,10535.43,13787.45646718
2019-07-20 00:00:00,10533.71,11120.00,10359.17,10750.11,9964.67388282
2019-07-21 00:00:00,10757.15,10839.09,10325.00,10600.24,5628.16176664
2019-07-22 00:00:00,10605.03,10686.89,10052.25,10328.83,9371.30644231
2019-07-23 00:00:00,10315.87,10327.33,9801.88,9847.02,9040.84882621
2019-07-24 00:00:00,9841.42,9911.50,9514.96,9763.67,9433.34520017
2019-07-25 00:00:00,9781.52,10187.00,9734.19,9883.96,6377.95751785
2019-07-26 00:00:00,9886.08,9897.46,9650.00,9846.94,5570.10914746
2019-07-27 00:00:00,9846.94,10235.00,9299.00,9481.37,9614.10207519
2019-07-28 00:00:00,9467.84,9634.50,9111.00,9533.19,3860.83481690
2019-07-29 00:00:00,9538.73,9725.17,9360.00,9495.39,5068.65430930
2019-07-30 00:00:00,9508.21,9775.00,9373.48,9593.62,5533.97118529
2019-07-31 00:00:00,9592.26,10143.20,9574.09,10085.34,7917.50847720
2019-08-01 00:00:00,10096.01,10499.00,9878.09,10407.71,7681.73235986
2019-08-02 00:00:00,10416.79,10670.00,10318.47,10529.51,9286.86172741
2019-08-03 00:00:00,10529.51,10919.00,10502.80,10821.52,6996.11722818
2019-08-04 00:00:00,10812.58,11085.99,10564.96,10986.96,7556.32923024
2019-08-05 00:00:00,10986.55,11959.36,10986.55,11800.00,17260.45577332
2019-08-06 00:00:00,11800.00,12325.00,11200.00,11470.00,16420.57916354
2019-08-07 00:00:00,11471.58,12145.42,11388.01,11971.57,15480.45524249
2019-08-08 00:00:00,11973.46,12061.10,11450.93,11983.43,10144.46210884
2019-08-09 00:00:00,11985.60,12040.00,11650.00,11859.32,7336.91484905
2019-08-10 00:00:00,11859.32,11976.68,11200.00,11273.20,7447.24834124
2019-08-11 00:00:00,11273.03,11589.73,11080.37,11528.73,4361.39069182
2019-08-12 00:00:00,11527.44,11551.57,11194.04,11385.11,3417.70935664
2019-08-13 00:00:00,11380.61,11446.94,10738.58,10862.28,9003.17888634
2019-08-14 00:00:00,10862.25,10862.25,9888.57,10022.99,12678.94119470
2019-08-15 00:00:00,10022.50,10444.66,9467.57,10301.44,15083.17326332
2019-08-16 00:00:00,10294.90,10540.00,9736.96,10354.34,11080.39966131
2019-08-17 00:00:00,10351.18,10472.93,9974.51,10210.89,3907.52839849
2019-08-18 00:00:00,10221.94,10515.00,10065.41,10318.99,3398.41986671
2019-08-19 00:00:00,10318.99,10940.00,10267.56,10927.30,8044.02134828
2019-08-20 00:00:00,10927.30,10955.48,10549.74,10772.22,5883.59995275
2019-08-21 00:00:00,10778.75,10807.54,9853.45,10134.75,9812.62171129
2019-08-22 00:00:00,10123.56,10238.29,9755.53,10112.01,6710.30664788
2019-08-23 00:00:00,10112.45,10479.00,10051.00,10401.60,5557.29144342
2019-08-24 00:00:00,10401.87,10432.00,9885.48,10149.70,5106.55673687
2019-08-25 00:00:00,10149.38,10355.89,9907.86,10136.75,3953.39528117
2019-08-26 00:00:00,10136.75,10650.00,10136.75,10360.97,7166.67534085
2019-08-27 00:00:00,10355.11,10375.53,10019.10,10167.29,4781.33502180
2019-08-28 00:00:00,10171.39,10280.71,9555.00,9711.78,9303.15591906
2019-08-29 00:00:00,9720.20,9720.20,9320.00,9490.00,7717.10637568
2019-08-30 00:00:00,9490.56,9700.00,9350.10,9579.75,5317.30970010
2019-08-31 00:00:00,9569.30,9682.73,9443.19,9594.15,1572.15542709
2019-09-01 00:00:00,9593.50,9832.00,9538.75,9767.53,1799.36720121
2019-09-02 00:00:00,9767.56,10471.00,9753.24,10384.48,6144.79883515
2019-09-03 00:00:00,10384.07,10783.00,10286.00,10617.61,11443.53849727
2019-09-04 00:00:00,10617.72,10834.15,10378.70,10586.26,10088.72363010
2019-09-05 00:00:00,10586.26,10664.13,10461.97,10573.66,4555.62463429
2019-09-06 00:00:00,10573.04,10949.00,10204.18,10311.09,10701.50994422
2019-09-07 00:00:00,10309.04,10580.00,10297.58,10484.39,3148.50895336
2019-09-08 00:00:00,10497.57,10594.88,10229.49,10400.18,3130.86103548
2019-09-09 00:00:00,10387.33,10542.93,10060.00,10307.45,6059.76274364
2019-09-10 00:00:00,10317.62,10390.09,9910.00,10096.00,4658.92141056
2019-09-11 00:00:00,10093.39,10243.01,9855.11,10154.46,4614.34849343
2019-09-12 00:00:00,10163.81,10465.00,10027.52,10420.34,4719.04668642
2019-09-13 00:00:00,10423.99,10458.13,10153.87,10368.65,3755.41742244
2019-09-14 00:00:00,10365.81,10441.47,10217.01,10355.37,2656.15453049
2019-09-15 00:00:00,10362.52,10383.20,10258.49,10305.74,2297.72276878
2019-09-16 00:00:00,10320.36,10378.07,10060.95,10269.98,5496.03749388
2019-09-17 00:00:00,10257.20,10280.53,10130.59,10195.73,5078.59865576
2019-09-18 00:00:00,10182.96,10263.65,10080.00,10152.09,3952.00683587
2019-09-19 00:00:00,10161.59,10380.07,9600.00,10271.53,7455.91141166
2019-09-20 00:00:00,10284.72,10308.04,10055.00,10169.02,4463.38202069
2019-09-21 00:00:00,10169.02,10180.43,9913.35,9985.28,4148.89981496
2019-09-22 00:00:00,9973.00,10093.24,9842.35,10020.58,3213.95409570
2019-09-23 00:00:00,10022.38,10048.06,9606.00,9682.19,5447.96313246
2019-09-24 00:00:00,9685.69,9782.00,7998.00,8536.82,28154.41355726
2019-09-25 00:00:00,8536.71,8746.83,8216.00,8432.16,17435.86789130
2019-09-26 00:00:00,8443.44,8467.89,7733.99,8055.03,16662.32021152
2019-09-27 00:00:00,8055.25,8294.04,7866.00,8187.72,10165.85293694
2019-09-28 00:00:00,8199.96,8356.40,8009.84,8218.07,6315.48953894
2019-09-29 00:00:00,8218.07,8244.07,7902.66,8047.60,5366.57071770
2019-09-30 00:00:00,8060.13,8368.50,7714.70,8298.45,9518.99210777
2019-10-01 00:00:00,8304.47,8531.25,8195.42,8319.01,10224.59198253
2019-10-02 00:00:00,8326.41,8393.39,8170.91,8373.42,4952.53411520
2019-10-03 00:00:00,8377.68,8419.23,8029.14,8239.92,8701.12039607
2019-10-04 00:00:00,8243.39,8244.93,7986.65,8152.07,6278.78141904
2019-10-05 00:00:00,8157.89,8195.00,8016.26,8145.17,4445.10406787
2019-10-06 00:00:00,8150.73,8176.46,7772.71,7854.12,6454.53572694
2019-10-07 00:00:00,7863.75,8313.70,7763.54,8205.53,9363.32718459
2019-10-08 00:00:00,8211.04,8344.12,8109.74,8178.54,3577.72287319
2019-10-09 00:00:00,8185.85,8707.80,8110.00,8586.34,11634.19484623
2019-10-10 00:00:00,8586.57,8666.84,8450.61,8582.11,7435.43199033
2019-10-11 00:00:00,8589.08,8820.00,8222.88,8265.55,7824.58718752
2019-10-12 00:00:00,8265.16,8427.76,8254.68,8303.43,1828.83312447
2019-10-13 00:00:00,8303.43,8474.48,8132.91,8282.96,4445.28381368
2019-10-14 00:00:00,8278.39,8416.67,8215.41,8362.99,4294.60738920
2019-10-15 00:00:00,8353.33,8420.85,8086.00,8155.13,5044.66127938
2019-10-16 00:00:00,8162.45,8179.10,7912.66,7995.89,8644.40011646
2019-10-17 00:00:00,7995.73,8130.71,7936.71,8073.32,5395.88599206
2019-10-18 00:00:00,8069.26,8120.77,7811.62,7955.08,5611.09353737
2019-10-19 00:00:00,7950.48,8096.76,7875.00,7960.49,3461.12529207
2019-10-20 00:00:00,7965.39,8314.77,7874.68,8235.74,6358.92499072
2019-10-21 00:00:00,8236.49,8352.00,8156.00,8213.65,4919.73416831
2019-10-22 00:00:00,8206.53,8314.77,7989.15,8025.90,5678.93483059
2019-10-23 00:00:00,8021.57,8052.04,7293.55,7470.77,13306.18266092
2019-10-24 00:00:00,7470.77,7512.00,7356.00,7435.00,4997.42309350
2019-10-25 00:00:00,7427.00,8784.29,7393.14,8662.66,19113.79549622
2019-10-26 00:00:00,8677.09,10350.00,8642.46,9252.75,38751.80025476
2019-10-27 00:00:00,9262.72,9819.92,9092.66,9557.08,17783.02515594
2019-10-28 00:00:00,9547.32,9950.00,9177.84,9216.44,14722.01859796
2019-10-29 00:00:00,9216.39,9573.35,9051.48,9426.94,9059.61157854
2019-10-30 00:00:00,9426.94,9437.06,8985.25,9159.94,8814.43804818
2019-10-31 00:00:00,9169.55,9438.61,8961.53,9150.07,10113.15940929
2019-11-01 00:00:00,9158.08,9303.53,9054.60,9250.45,6640.55238456
2019-11-02 00:00:00,9250.70,9396.91,9201.19,9304.75,2701.13696278
2019-11-03 00:00:00,9304.75,9384.32,9067.00,9207.00,2539.21833111
2019-11-04 00:00:00,9207.00,9586.50,9122.33,9410.76,4962.44231548
2019-11-05 00:00:00,9410.76,9485.00,9165.20,9320.14,4979.57899177
2019-11-06 00:00:00,9319.10,9448.19,9254.68,9344.78,4670.23465673
2019-11-07 00:00:00,9346.02,9373.48,9080.00,9199.36,3975.97661681
2019-11-08 00:00:00,9209.30,9253.39,8661.00,8767.37,9699.74677043
2019-11-09 00:00:00,8760.38,8876.94,8720.00,8812.21,2271.51792167
2019-11-10 00:00:00,8806.85,9142.33,8750.85,9024.49,2663.27825012
2019-11-11 00:00:00,9029.88,9075.32,8593.00,8720.36,6392.97505953
2019-11-12 00:00:00,8720.36,8872.47,8549.00,8813.91,4721.90610684
2019-11-13 00:00:00,8817.00,8839.46,8700.00,8755.24,3185.82098874
2019-11-14 00:00:00,8765.53,8791.78,8555.00,8636.90,3412.80581524
2019-11-15 00:00:00,8632.07,8799.03,8363.00,8463.49,5213.70141434
2019-11-16 00:00:00,8459.38,8539.53,8423.00,8484.63,1180.57339029
2019-11-17 00:00:00,8485.61,8631.60,8375.00,8499.31,2074.00770126
2019-11-18 00:00:00,8499.53,8508.40,8010.70,8170.65,4825.65562506
2019-11-19 00:00:00,8176.90,8197.77,7989.15,8121.63,4412.39464174
2019-11-20 00:00:00,8124.08,8231.04,8027.28,8088.44,2996.00619203
2019-11-21 00:00:00,8085.54,8116.92,7394.09,7611.51,9374.99957046
2019-11-22 00:00:00,7612.23,7714.70,6785.00,7285.85,20120.14646602
2019-11-23 00:00:00,7276.21,7356.49,7102.16,7320.39,5550.47222776
2019-11-24 00:00:00,7330.98,7349.68,6861.96,6908.36,6047.01776023
2019-11-25 00:00:00,6900.90,7380.00,6515.00,7122.14,18716.60131311
2019-11-26 00:00:00,7127.12,7344.91,7018.78,7159.22,7643.84956815
2019-11-27 00:00:00,7168.74,7676.27,6847.72,7527.84,15156.99193450
2019-11-28 00:00:00,7517.82,7659.92,7372.19,7436.72,6925.58489749
2019-11-29 00:00:00,7429.32,7870.35,7411.17,7753.69,7658.87160206
2019-11-30 00:00:00,7753.69,7815.00,7452.08,7550.67,5446.27351349
2019-12-01 00:00:00,7560.20,7560.20,7233.87,7412.66,5477.97290774
2019-12-02 00:00:00,7411.75,7431.07,7140.08,7309.64,4324.30016255
2019-12-03 00:00:00,7317.94,7415.00,7238.04,7300.43,2552.20229834
2019-12-04 00:00:00,7299.20,7772.71,7087.09,7197.78,7737.39153487
2019-12-05 00:00:00,7199.58,7500.00,7150.06,7390.42,4641.75678879
2019-12-06 00:00:00,7397.35,7618.99,7305.56,7541.79,4167.24016320
2019-12-07 00:00:00,7535.46,7638.88,7486.70,7502.65,2034.57371900
2019-12-08 00:00:00,7505.86,7580.00,7382.69,7524.26,1798.77041268
2019-12-09 00:00:00,7516.80,7666.00,7268.03,7340.52,6582.47031165
2019-12-10 00:00:00,7332.05,7400.00,7150.23,7216.07,4090.62092926
2019-12-11 00:00:00,7224.50,7271.00,7122.28,7207.42,3419.93896517
2019-12-12 00:00:00,7208.95,7296.19,7072.20,7188.42,4376.88899274
2019-12-13 00:00:00,7185.15,7302.35,7179.65,7257.47,3178.07849595
2019-12-14 00:00:00,7255.94,7269.00,7007.48,7059.03,2012.34890643
2019-12-15 00:00:00,7066.35,7225.23,7007.00,7115.08,1848.34572822
2019-12-16 00:00:00,7115.08,7147.91,6820.00,6882.19,5923.05547919
2019-12-17 00:00:00,6882.08,6938.77,6550.00,6612.30,7107.25638535
2019-12-18 00:00:00,6619.53,7449.68,6425.00,7286.91,12873.63439214
2019-12-19 00:00:00,7286.91,7372.12,7000.00,7149.57,5936.55634536
2019-12-20 00:00:00,7157.53,7218.11,7072.61,7194.11,3201.66392251
2019-12-21 00:00:00,7194.13,7194.13,7109.73,7147.40,1689.08199513
2019-12-22 00:00:00,7147.40,7530.00,7124.52,7509.70,3796.22608082
2019-12-23 00:00:00,7521.88,7692.98,7247.86,7316.17,6710.76736040
2019-12-24 00:00:00,7317.47,7431.10,7156.00,7251.52,4194.58980335
2019-12-25 00:00:00,7247.45,7266.81,7110.73,7195.79,1504.52751296
2019-12-26 00:00:00,7195.80,7432.00,7150.00,7188.30,3116.74715162
2019-12-27 00:00:00,7195.17,7255.37,7052.00,7246.00,4024.57086599
2019-12-28 00:00:00,7247.70,7349.65,7231.00,7296.24,1579.70272647
2019-12-29 00:00:00,7297.43,7524.46,7274.43,7385.54,2583.85134193
2019-12-30 00:00:00,7372.79,7384.90,7199.00,7220.24,3722.91334933
2019-12-31 00:00:00,7222.74,7302.35,7112.55,7168.36,2638.69130899
2020-01-01 00:00:00,7160.69,7237.35,7150.00,7178.68,1119.10969318
2020-01-02 00:00:00,7174.70,7184.94,6900.00,6950.56,3972.70795427
2020-01-03 00:00:00,6945.70,7402.31,6853.53,7338.91,8072.72908749
2020-01-04 00:00:00,7332.58,7396.10,7256.03,7344.48,3256.73735349
2020-01-05 00:00:00,7356.05,7495.00,7310.00,7356.70,2707.27385549
2020-01-06 00:00:00,7352.12,7817.00,7342.46,7762.74,6728.28277831
2020-01-07 00:00:00,7768.17,8220.00,7697.03,8159.01,12158.32281238
2020-01-08 00:00:00,8151.79,8463.57,7872.09,8044.44,11913.23248192
2020-01-09 00:00:00,8048.94,8048.94,7737.97,7806.78,5957.24423978
2020-01-10 00:00:00,7812.70,8200.00,7667.00,8200.00,8999.98825687
2020-01-11 00:00:00,8200.00,8286.00,8000.00,8016.22,3788.32731360
2020-01-12 00:00:00,8008.10,8190.00,7960.00,8180.76,2056.08675369
2020-01-13 00:00:00,8180.75,8196.81,8039.00,8105.01,4011.43909644
2020-01-14 00:00:00,8105.01,8895.00,8105.01,8813.04,17009.43193382
2020-01-15 00:00:00,8813.20,8903.20,8555.00,8809.17,8606.88339936
2020-01-16 00:00:00,8810.62,8852.35,8573.91,8710.15,6713.25847640
2020-01-17 00:00:00,8715.39,9015.22,8661.52,8892.63,9363.15892644
2020-01-18 00:00:00,8898.03,9000.10,8798.90,8908.53,3678.00926615
2020-01-19 00:00:00,8901.02,9188.10,8461.38,8696.60,8785.44992700
2020-01-20 00:00:00,8698.97,8740.54,8507.93,8625.17,4420.19825219
2020-01-21 00:00:00,8629.66,8778.66,8480.00,8717.89,3394.68916005
2020-01-22 00:00:00,8728.47,8792.98,8567.68,8655.93,3143.81212331
2020-01-23 00:00:00,8661.63,8665.95,8280.00,8378.44,8611.01078760
2020-01-24 00:00:00,8382.08,8530.70,8212.90,8422.13,6430.43023326
2020-01-25 00:00:00,8435.83,8437.47,8252.72,8329.50,2812.78995216
2020-01-26 00:00:00,8320.00,8600.00,8276.22,8590.48,6340.58577579
2020-01-27 00:00:00,8600.00,9004.35,8546.55,8894.54,9619.77474260
2020-01-28 00:00:00,8894.57,9413.24,8876.00,9400.00,9565.55935515
2020-01-29 00:00:00,9386.57,9443.96,9215.50,9289.18,6481.91594603
2020-01-30 00:00:00,9280.83,9570.00,9166.07,9500.00,7945.15877894
2020-01-31 00:00:00,9510.84,9529.35,9195.93,9327.85,5009.62230695
2020-02-01 00:00:00,9339.26,9464.16,9280.33,9377.17,1669.00246242
2020-02-02 00:00:00,9379.60,9474.28,9135.00,9329.39,3015.79158859
2020-02-03 00:00:00,9309.69,9615.00,9211.07,9288.09,4758.13350441
2020-02-04 00:00:00,9281.00,9348.60,9075.00,9159.37,4867.22545881
2020-02-05 00:00:00,9168.49,9775.00,9142.52,9618.42,8063.96793828
2020-02-06 00:00:00,9617.84,9859.57,9521.00,9754.63,7554.48867469
2020-02-07 00:00:00,9754.63,9878.00,9706.94,9803.42,4013.49096731
2020-02-08 00:00:00,9803.71,9948.97,9658.58,9902.00,3268.73554695
2020-02-09 00:00:00,9907.70,10178.54,9885.04,10173.97,4830.33787739
2020-02-10 00:00:00,10173.51,10199.85,9731.20,9850.01,7560.66789084
2020-02-11 00:00:00,9851.99,10383.90,9706.94,10268.98,8127.59636283
2020-02-12 00:00:00,10270.98,10495.00,10247.35,10348.78,6553.40942709
2020-02-13 00:00:00,10348.78,10500.50,10068.00,10228.67,9347.45128374
2020-02-14 00:00:00,10229.19,10398.00,10093.26,10364.04,6190.37749036
2020-02-15 00:00:00,10364.04,10408.04,9739.00,9899.78,5762.30634481
2020-02-16 00:00:00,9909.71,10051.24,9598.49,9912.89,4133.47675014
2020-02-17 00:00:00,9925.96,9973.45,9467.57,9697.15,5913.20492551
2020-02-18 00:00:00,9725.57,10288.00,9602.60,10185.17,6754.35394103
2020-02-19 00:00:00,10190.30,10300.00,9312.00,9595.72,9936.82068140
2020-02-20 00:00:00,9589.10,9706.27,9396.91,9612.76,6608.49107920
2020-02-21 00:00:00,9610.40,9773.20,9562.60,9696.13,4271.47074293
2020-02-22 00:00:00,9696.13,9722.39,9568.51,9668.13,2096.56353593
2020-02-23 00:00:00,9664.08,10024.08,9664.08,9965.21,3329.22433648
2020-02-24 00:00:00,9969.79,10027.66,9480.00,9652.58,5877.00770771
2020-02-25 00:00:00,9664.87,9682.73,9234.21,9305.40,6280.00295543
2020-02-26 00:00:00,9305.40,9369.99,8627.78,8779.36,11564.19794381
2020-02-27 00:00:00,8778.37,8974.75,8520.00,8816.50,9273.90366360
2020-02-28 00:00:00,8816.50,8900.94,8421.49,8703.84,6546.98122765
2020-02-29 00:00:00,8710.00,8805.06,8525.00,8527.74,2338.06785643
2020-03-01 00:00:00,8525.00,8756.11,8410.00,8528.95,4156.57173933
2020-03-02 00:00:00,8516.00,8980.34,8486.72,8917.34,6186.86088929
2020-03-03 00:00:00,8917.34,8921.80,8660.04,8755.45,4629.97228611
2020-03-04 00:00:00,8755.45,8850.00,8663.76,8753.28,3353.23252230
2020-03-05 00:00:00,8757.79,9169.00,8757.79,9066.65,6448.68567336
2020-03-06 00:00:00,9059.00,9187.85,8990.01,9153.79,4136.42339429
2020-03-07 00:00:00,9154.10,9219.13,8859.49,8893.93,2805.59157140
2020-03-08 00:00:00,8901.12,8901.12,7995.48,8033.70,9068.89040196
2020-03-09 00:00:00,8035.79,8191.13,7636.00,7936.25,12177.39425093
2020-03-10 00:00:00,7937.20,8158.42,7733.99,7885.92,8274.95375730
2020-03-11 00:00:00,7893.63,7988.78,7591.99,7934.57,7289.61145281
2020-03-12 00:00:00,7956.29,7969.90,4776.59,4841.67,58513.38918903
2020-03-13 00:00:00,4841.67,5990.35,3850.00,5622.74,54419.64133553
2020-03-14 00:00:00,5623.16,5663.01,5051.00,5169.37,15370.86814960
2020-03-15 00:00:00,5167.38,5965.77,5092.34,5343.64,16589.30386378
2020-03-16 00:00:00,5353.04,5353.04,4435.89,5033.42,34905.46359769
2020-03-17 00:00:00,5051.41,5569.90,4936.00,5324.99,17517.84242049
2020-03-18 00:00:00,5340.95,5452.43,5006.87,5406.92,22559.23112903
2020-03-19 00:00:00,5413.00,6433.98,5266.38,6181.18,24783.73487365
2020-03-20 00:00:00,6192.94,7139.00,5670.00,6210.14,30082.50248252
2020-03-21 00:00:00,6207.66,6461.91,5866.44,6187.78,11796.72656887
2020-03-22 00:00:00,6199.17,6419.00,5705.00,5813.15,10813.38456907
2020-03-23 00:00:00,5816.57,6629.79,5686.34,6493.51,19053.80456405
2020-03-24 00:00:00,6494.70,6893.00,6400.01,6768.64,19719.09402414
2020-03-25 00:00:00,6768.64,6989.04,6457.17,6692.22,16675.73512097
2020-03-26 00:00:00,6695.47,6798.89,6528.07,6760.72,7393.70723365
2020-03-27 00:00:00,6765.15,6872.67,6210.00,6376.03,10816.28556504
2020-03-28 00:00:00,6376.03,6376.03,6030.51,6253.08,11613.49398164
2020-03-29 00:00:00,6275.11,6278.24,5869.00,5870.90,9298.93905110
2020-03-30 00:00:00,5878.47,6630.00,5856.00,6407.77,14974.44416300
2020-03-31 00:00:00,6408.95,6527.24,6337.42,6421.14,6342.29832651
2020-04-01 00:00:00,6428.74,6710.21,6137.71,6652.07,11319.14793815
2020-04-02 00:00:00,6669.95,7236.39,6575.13,6801.99,17212.82067331
2020-04-03 00:00:00,6789.63,7047.96,6610.00,6742.57,10570.10640235
2020-04-04 00:00:00,6737.36,7014.00,6655.54,6879.61,6018.51563233
2020-04-05 00:00:00,6887.22,6914.01,6678.51,6775.20,3981.97692417
2020-04-06 00:00:00,6780.57,7376.59,6773.75,7352.43,13683.03789416
2020-04-07 00:00:00,7335.85,7469.00,7077.00,7202.73,11669.01426524
2020-04-08 00:00:00,7204.78,7428.95,7152.00,7367.36,8720.21050049
2020-04-09 00:00:00,7370.85,7376.59,7107.38,7293.93,8324.92177270
2020-04-10 00:00:00,7299.12,7306.10,6750.15,6877.03,10727.86685616
2020-04-11 00:00:00,6866.03,6955.59,6771.24,6883.18,3326.67476213
2020-04-12 00:00:00,6882.75,7201.76,6790.74,6908.24,7264.51928043
2020-04-13 00:00:00,6908.21,6914.01,6542.91,6864.22,10837.57453223
2020-04-14 00:00:00,6864.66,6991.00,6766.96,6879.75,7275.68657382
2020-04-15 00:00:00,6868.88,6940.00,6598.55,6619.00,8109.73234254
2020-04-16 00:00:00,6619.00,7224.18,6472.67,7111.67,15726.69637377
2020-04-17 00:00:00,7121.35,7158.22,6995.39,7024.19,8539.61835086
2020-04-18 00:00:00,7020.13,7306.15,7020.13,7262.26,5102.50261952
2020-04-19 00:00:00,7265.94,7276.21,7057.46,7126.40,4662.19209244
2020-04-20 00:00:00,7124.27,7220.00,6757.75,6841.00,11365.00931766
2020-04-21 00:00:00,6833.00,6950.98,6774.48,6854.98,5570.95619043
2020-04-22 00:00:00,6850.60,7171.26,6819.59,7137.79,6273.40631495
2020-04-23 00:00:00,7138.29,7756.69,7031.07,7484.58,14779.54814354
2020-04-24 00:00:00,7494.20,7612.91,7391.57,7505.53,7357.10670681
2020-04-25 00:00:00,7518.81,7723.77,7432.80,7547.56,3800.82773036
2020-04-26 00:00:00,7565.00,7718.00,7485.00,7701.73,5247.54081807
2020-04-27 00:00:00,7708.87,7813.68,7637.03,7786.41,6878.02253788
2020-04-28 00:00:00,7794.22,7798.42,7650.00,7767.79,7248.95596950
2020-04-29 00:00:00,7762.07,8970.00,7717.14,8790.32,26396.09715679
2020-04-30 00:00:00,8789.79,9485.26,8407.00,8627.32,24057.73933525
2020-05-01 00:00:00,8629.72,9075.00,8616.17,8832.44,11379.68574201
2020-05-02 00:00:00,8836.00,9022.00,8760.00,8983.79,5524.26706572
2020-05-03 00:00:00,8982.56,9207.82,8723.78,8915.98,9218.27490900
2020-05-04 00:00:00,8924.14,8974.34,8528.42,8882.87,10018.97499887
2020-05-05 00:00:00,8889.24,9120.00,8760.10,9034.85,9592.13446226
2020-05-06 00:00:00,9040.00,9417.95,8921.03,9154.32,15110.94181329
2020-05-07 00:00:00,9163.63,10074.00,9030.03,10000.00,25012.90031203
2020-05-08 00:00:00,10008.19,10048.38,9725.00,9801.35,19203.48379461
2020-05-09 00:00:00,9809.04,9914.00,9515.40,9546.56,11278.63371513
2020-05-10 00:00:00,9527.31,9565.20,8109.00,8731.17,31639.42874341
2020-05-11 00:00:00,8740.88,9182.97,8181.00,8571.98,34465.18657226
2020-05-12 00:00:00,8574.19,8984.87,8534.97,8825.46,14010.26120550
2020-05-13 00:00:00,8816.99,9418.46,8804.47,9315.50,12762.85161682
2020-05-14 00:00:00,9323.73,9945.34,9254.85,9793.50,19936.18545561
2020-05-15 00:00:00,9809.91,9844.66,9112.00,9306.21,17324.14460144
2020-05-16 00:00:00,9307.43,9590.00,9216.08,9389.07,6170.09609719
2020-05-17 00:00:00,9377.79,9894.88,9326.53,9665.70,9515.79358021
2020-05-18 00:00:00,9672.95,9966.12,9451.20,9721.91,12362.32763823
2020-05-19 00:00:00,9730.00,9903.89,9455.05,9787.65,12149.68534917
2020-05-20 00:00:00,9776.30,9843.87,9100.00,9516.51,12351.42817701
2020-05-21 00:00:00,9505.61,9573.29,8800.00,9062.47,16879.82890788
2020-05-22 00:00:00,9062.25,9272.97,8924.91,9171.96,7261.28419694
2020-05-23 00:00:00,9171.96,9316.12,9084.83,9183.46,3477.27850858
2020-05-24 00:00:00,9183.93,9310.91,8669.00,8718.77,8855.47763284
2020-05-25 00:00:00,8710.12,8984.16,8630.00,8903.56,8919.92378955
2020-05-26 00:00:00,8903.22,9012.00,8690.00,8840.91,5923.00523696
2020-05-27 00:00:00,8835.79,9230.21,8810.99,9210.00,6867.67101935
2020-05-28 00:00:00,9209.99,9625.01,9105.79,9577.38,11523.40889483
2020-05-29 00:00:00,9581.49,9610.00,9330.00,9421.04,7226.77389995
2020-05-30 00:00:00,9428.52,9758.27,9326.28,9705.10,6781.84196225
2020-05-31 00:00:00,9705.10,9711.70,9373.96,9446.19,5697.99838373
2020-06-01 00:00:00,9444.61,10429.26,9416.50,10203.64,12109.14149664
2020-06-02 00:00:00,10203.64,10241.26,9135.68,9525.73,22725.11942099
2020-06-03 00:00:00,9522.52,9699.95,9380.99,9668.99,6928.76322878
2020-06-04 00:00:00,9668.00,9888.00,9430.00,9791.92,8938.76888870
2020-06-05 00:00:00,9791.00,9856.48,9592.74,9619.99,7157.37095675
2020-06-06 00:00:00,9616.17,9744.39,9525.76,9669.85,4047.26924742
2020-06-07 00:00:00,9673.08,9829.31,9356.00,9750.04,6762.65158822
2020-06-08 00:00:00,9759.04,9813.67,9645.00,9783.00,5379.07801648
2020-06-09 00:00:00,9786.64,9897.46,9566.81,9776.84,6922.79788471
2020-06-10 00:00:00,9782.30,10011.40,9578.00,9894.32,7107.20140335
2020-06-11 00:00:00,9894.32,9981.24,9078.91,9264.26,16389.44455357
2020-06-12 00:00:00,9265.95,9555.00,9230.00,9463.07,6934.13533535
2020-06-13 00:00:00,9465.92,9500.00,9345.71,9473.46,2938.68222067
2020-06-14 00:00:00,9478.93,9479.59,9235.01,9329.99,3477.25235863
2020-06-15 00:00:00,9329.99,9505.40,8900.00,9435.15,11765.11353390
2020-06-16 00:00:00,9435.41,9596.31,9374.90,9530.30,6864.21822439
2020-06-17 00:00:00,9530.62,9566.53,9230.32,9461.29,5902.36636044
2020-06-18 00:00:00,9459.82,9478.69,9250.00,9374.78,3997.01284654
2020-06-19 00:00:00,9374.83,9429.99,9225.15,9304.32,5305.90771910
2020-06-20 00:00:00,9287.60,9400.00,9138.00,9355.46,3071.79384829
2020-06-21 00:00:00,9355.93,9421.26,9271.52,9283.03,1435.21189641
2020-06-22 00:00:00,9287.89,9798.76,9267.20,9683.12,6615.64540882
2020-06-23 00:00:00,9688.26,9725.30,9571.00,9622.81,4866.11470545
2020-06-24 00:00:00,9617.88,9666.35,9193.99,9286.06,10072.57541802
2020-06-25 00:00:00,9286.30,9343.49,8989.00,9239.48,8701.24617460
2020-06-26 00:00:00,9237.98,9289.71,9024.61,9158.26,7912.38375487
2020-06-27 00:00:00,9158.13,9189.00,8830.63,9009.30,4399.67602419
2020-06-28 00:00:00,9008.33,9191.72,8933.06,9118.01,3231.85728086
2020-06-29 00:00:00,9118.80,9240.36,9014.92,9188.88,4942.72533003
2020-06-30 00:00:00,9187.85,9201.95,9060.00,9132.96,2781.63125132
2020-07-01 00:00:00,9136.89,9300.00,9089.80,9233.38,4321.56559235
2020-07-02 00:00:00,9230.97,9268.54,8939.00,9092.92,6866.04897352
2020-07-03 00:00:00,9091.68,9127.11,9027.17,9063.08,3510.00353809
2020-07-04 00:00:00,9053.87,9196.00,9045.94,9138.52,2180.37237178
2020-07-05 00:00:00,9142.16,9147.37,8905.00,9076.82,3067.87780852
2020-07-06 00:00:00,9077.18,9376.34,9060.50,9348.22,5361.35284949
2020-07-07 00:00:00,9346.90,9385.81,9201.78,9257.16,4702.82565367
2020-07-08 00:00:00,9257.21,9479.57,9228.91,9437.16,6275.54666358
2020-07-09 00:00:00,9441.76,9448.50,9157.11,9234.90,4575.44853951
2020-07-10 00:00:00,9234.91,9318.92,9053.14,9283.53,3910.32678996
2020-07-11 00:00:00,9291.00,9304.95,9180.00,9238.30,1453.16535935
2020-07-12 00:00:00,9234.07,9347.76,9153.48,9306.17,2037.15363045
2020-07-13 00:00:00,9304.94,9351.17,9190.49,9233.10,3875.17319052
2020-07-14 00:00:00,9234.19,9282.08,9095.00,9251.59,4479.91060569
2020-07-15 00:00:00,9256.33,9276.98,9153.38,9190.07,3810.04841103
2020-07-16 00:00:00,9191.00,9217.50,9026.51,9132.87,5541.85389383
2020-07-17 00:00:00,9134.44,9184.28,9073.53,9156.50,3593.49712953
2020-07-18 00:00:00,9150.51,9214.63,9122.72,9177.43,1358.28531978
2020-07-19 00:00:00,9175.70,9243.36,9106.30,9211.99,1585.39916859
2020-07-20 00:00:00,9213.15,9224.73,9128.21,9162.43,3064.80739401
2020-07-21 00:00:00,9161.77,9442.89,9152.23,9391.25,5559.47430975
2020-07-22 00:00:00,9395.98,9573.00,9280.80,9539.51,5520.76262356
2020-07-23 00:00:00,9537.23,9690.00,9453.38,9617.20,10413.94384743
2020-07-24 00:00:00,9614.85,9650.55,9474.35,9547.91,8012.90509154
2020-07-25 00:00:00,9549.34,9751.82,9532.79,9710.98,5065.44989566
2020-07-26 00:00:00,9712.45,10200.00,9657.00,9944.65,9090.21430682
2020-07-27 00:00:00,9941.25,11417.11,9933.77,11046.19,27736.83221358
2020-07-28 00:00:00,11049.40,11263.85,10583.48,10939.27,17062.37380128
2020-07-29 00:00:00,10931.91,11358.47,10855.81,11111.17,12452.86303565
2020-07-30 00:00:00,11105.01,11189.00,10832.00,11112.12,10456.84804792
2020-07-31 00:00:00,11110.84,11457.95,10973.80,11356.74,10417.50746157
2020-08-01 00:00:00,11357.98,11883.36,11228.00,11817.49,11195.80752332
2020-08-02 00:00:00,11808.21,12100.00,10559.59,11071.66,12656.41102944
2020-08-03 00:00:00,11074.92,11480.00,10933.26,11236.39,6984.67078032
2020-08-04 00:00:00,11236.39,11420.00,11000.79,11192.42,5522.11051757
2020-08-05 00:00:00,11193.48,11795.86,11094.35,11755.24,7514.79142531
2020-08-06 00:00:00,11759.90,11913.50,11575.57,11770.08,9855.99436305
2020-08-07 00:00:00,11770.26,11920.00,11219.00,11600.85,10503.36174678
2020-08-08 00:00:00,11601.75,11817.95,11527.00,11776.90,3983.74888665
2020-08-09 00:00:00,11767.93,11808.28,11527.92,11683.03,2649.48917649
2020-08-10 00:00:00,11684.60,12080.00,11510.00,11895.12,7701.72806914
2020-08-11 00:00:00,11896.37,11945.05,11130.00,11392.64,10470.68807136
2020-08-12 00:00:00,11386.50,11625.00,11150.00,11565.35,5668.60180464
2020-08-13 00:00:00,11567.74,11806.61,11270.91,11793.26,6839.55121466
2020-08-14 00:00:00,11797.55,11862.00,11652.01,11779.77,5526.79649808
2020-08-15 00:00:00,11771.97,11986.93,11667.70,11852.20,3983.17592982
2020-08-16 00:00:00,11858.60,11938.55,11685.97,11914.02,2494.17000289
2020-08-17 00:00:00,11916.83,12473.00,11771.44,12298.38,9778.32856833
2020-08-18 00:00:00,12301.27,12408.53,11823.00,11958.10,8818.18784117
2020-08-19 00:00:00,11950.00,12022.18,11574.40,11757.55,9401.50118445
2020-08-20 00:00:00,11762.18,11894.12,11675.29,11859.37,4191.75792092
2020-08-21 00:00:00,11857.18,11887.67,11485.49,11531.74,6391.17972721
2020-08-22 00:00:00,11527.81,11694.02,11367.00,11667.70,3401.42192253
2020-08-23 00:00:00,11678.17,11715.09,11524.70,11644.65,1632.87091819
2020-08-24 00:00:00,11653.70,11832.55,11588.61,11761.80,2887.05808264
2020-08-25 00:00:00,11750.40,11772.22,11112.75,11328.88,7073.69374623
2020-08-26 00:00:00,11328.50,11549.80,11250.14,11469.30,4273.08016903
2020-08-27 00:00:00,11462.91,11602.92,11122.72,11330.00,7796.15569663
2020-08-28 00:00:00,11332.26,11555.61,11277.95,11536.58,6046.49746388
2020-08-29 00:00:00,11538.74,11592.00,11423.64,11471.71,2095.93600275
2020-08-30 00:00:00,11471.71,11715.69,11458.62,11708.97,2328.65701886
2020-08-31 00:00:00,11713.11,11780.00,11573.39,11655.00,4534.21810201
2020-09-01 00:00:00,11658.48,12065.82,11515.00,11923.96,7960.82238043
2020-09-02 00:00:00,11919.53,11956.45,11155.32,11398.44,13056.07287751
2020-09-03 00:00:00,11395.10,11477.35,9987.86,10160.00,18554.73121203
2020-09-04 00:00:00,10160.00,10646.75,9902.43,10456.32,17415.36005733
2020-09-05 00:00:00,10460.20,10567.90,9850.00,10167.19,12165.47308504
2020-09-06 00:00:00,10165.47,10353.39,10000.00,10260.17,5121.25180431
2020-09-07 00:00:00,10258.43,10415.66,9880.00,10377.14,8725.09203962
2020-09-08 00:00:00,10377.50,10446.18,9825.07,10123.96,10560.87470567
2020-09-09 00:00:00,10126.01,10353.39,9981.38,10232.80,5872.21951240
2020-09-10 00:00:00,10221.76,10495.75,10220.00,10342.59,10223.19117775
2020-09-11 00:00:00,10341.38,10409.44,10200.50,10393.04,5245.74244486
2020-09-12 00:00:00,10400.46,10482.42,10275.00,10443.33,2509.23983418
2020-09-13 00:00:00,10446.40,10576.78,10214.90,10334.78,4325.10556518
2020-09-14 00:00:00,10338.82,10765.03,10250.13,10675.15,7325.23245633
2020-09-15 00:00:00,10671.40,10940.01,10611.17,10783.83,6456.66295267
2020-09-16 00:00:00,10785.00,11100.00,10662.81,10951.54,8300.23983202
2020-09-17 00:00:00,10950.15,11054.00,10739.23,10940.47,5525.71740992
2020-09-18 00:00:00,10947.35,11040.18,10816.54,10931.20,4398.92439287
2020-09-19 00:00:00,10935.49,11183.01,10890.53,11077.22,2253.35153789
2020-09-20 00:00:00,11070.84,11079.25,10755.90,10923.50,3250.01749577
2020-09-21 00:00:00,10921.53,10996.98,10286.56,10411.29,9948.02125053
2020-09-22 00:00:00,10418.83,10573.05,10353.39,10534.31,4800.59855196
2020-09-23 00:00:00,10525.72,10541.39,10138.30,10233.42,5711.36066207
2020-09-24 00:00:00,10236.86,10795.53,10193.20,10744.02,6703.91881646
2020-09-25 00:00:00,10738.46,10762.65,10553.14,10689.81,6346.72379355
2020-09-26 00:00:00,10694.23,10830.00,10655.29,10729.09,2550.31630347
2020-09-27 00:00:00,10731.09,10807.14,10593.58,10780.66,2286.86162473
2020-09-28 00:00:00,10779.99,10950.00,10628.52,10689.48,4991.57062725
2020-09-29 00:00:00,10681.41,10865.00,10636.66,10836.42,4029.39173043
2020-09-30 00:00:00,10840.00,10847.50,10658.56,10778.22,4304.62269490
2020-10-01 00:00:00,10780.83,10940.22,10437.08,10622.71,8678.34728292
2020-10-02 00:00:00,10611.17,10667.53,10380.00,10578.54,8333.45852437
2020-10-03 00:00:00,10571.60,10605.79,10500.00,10553.66,1134.79775814
2020-10-04 00:00:00,10543.17,10699.88,10524.81,10669.63,1057.77530355
2020-10-05 00:00:00,10666.16,10805.82,10620.71,10795.00,3618.01529204
2020-10-06 00:00:00,10797.36,10801.86,10525.00,10606.33,4800.69513633
2020-10-07 00:00:00,10602.31,10682.56,10547.71,10669.14,5560.24913562
2020-10-08 00:00:00,10669.10,10957.00,10535.06,10925.20,6969.04085121
2020-10-09 00:00:00,10927.02,11118.49,10826.40,11052.00,5355.33959365
2020-10-10 00:00:00,11060.46,11496.06,11059.62,11301.20,3270.37027031
2020-10-11 00:00:00,11300.97,11447.44,11272.11,11372.93,2177.65085818
2020-10-12 00:00:00,11372.48,11731.70,11175.99,11535.98,7088.22778528
2020-10-13 00:00:00,11539.42,11567.40,11314.53,11427.98,5097.96082433
2020-10-14 00:00:00,11440.28,11555.10,11287.42,11428.84,3788.25075923
2020-10-15 00:00:00,11430.49,11623.60,11250.01,11511.11,4864.42955616
2020-10-16 00:00:00,11506.53,11548.65,11200.00,11321.86,4309.22448566
2020-10-17 00:00:00,11331.88,11415.48,11264.01,11365.80,1124.42019876
2020-10-18 00:00:00,11363.40,11526.34,11352.79,11519.97,1047.16869132
2020-10-19 00:00:00,11518.58,11840.00,11409.94,11764.14,5459.93398846
2020-10-20 00:00:00,11759.20,12059.94,11680.00,11921.11,5859.83732437
2020-10-21 00:00:00,11921.33,13235.00,11899.10,12802.67,20093.61486293
2020-10-22 00:00:00,12802.63,13208.25,12686.73,12983.26,9277.56218571
2020-10-23 00:00:00,12983.26,13037.26,12729.82,12941.59,4996.39791976
2020-10-24 00:00:00,12940.03,13182.83,12887.38,13122.73,2820.82333324
2020-10-25 00:00:00,13115.18,13363.53,12903.74,13039.09,3658.60280875
2020-10-26 00:00:00,13041.12,13250.00,12773.50,13066.73,5725.19571956
2020-10-27 00:00:00,13065.10,13788.00,13057.09,13647.90,11242.75450774
2020-10-28 00:00:00,13642.31,13864.89,12892.00,13274.73,10670.86461819
2020-10-29 00:00:00,13275.82,13650.00,12993.00,13468.44,8894.95694501
2020-10-30 00:00:00,13456.14,13675.56,13129.26,13562.13,8981.11986042
2020-10-31 00:00:00,13569.42,14100.00,13420.97,13816.08,6337.39292768
2020-11-01 00:00:00,13799.44,13907.47,13629.31,13762.00,2534.08581497
2020-11-02 00:00:00,13762.00,13842.50,13220.00,13563.72,7065.41110933
2020-11-03 00:00:00,13578.82,14083.76,13287.70,14041.58,7225.86635614
2020-11-04 00:00:00,14041.58,14277.50,13520.87,14160.59,10926.32680544
2020-11-05 00:00:00,14168.49,15770.58,14100.00,15605.04,18422.63186045
2020-11-06 00:00:00,15608.32,15968.98,15196.01,15598.09,13479.46706771
2020-11-07 00:00:00,15603.28,15778.60,14351.00,14838.97,10933.92419186
2020-11-08 00:00:00,14829.32,15664.90,14727.19,15489.15,5046.49916395
2020-11-09 00:00:00,15484.68,15854.48,14824.66,15332.04,14466.07953692
2020-11-10 00:00:00,15349.32,15482.76,15092.47,15313.65,8966.48171393
2020-11-11 00:00:00,15314.94,15991.01,15290.85,15707.89,10013.26427187
2020-11-12 00:00:00,15702.00,16369.99,15481.00,16300.00,16261.47118864
2020-11-13 00:00:00,16300.00,16494.52,15970.33,16335.58,7843.22421583
2020-11-14 00:00:00,16339.06,16341.89,15715.10,16086.34,5046.32670498
2020-11-15 00:00:00,16092.80,16170.00,15786.46,15975.49,3225.70533016
2020-11-16 00:00:00,15975.49,16894.93,15875.50,16724.62,7511.71484029
2020-11-17 00:00:00,16727.85,17868.00,16570.00,17680.63,9824.73852957
2020-11-18 00:00:00,17681.77,18483.00,17041.47,17785.95,15717.92072069
2020-11-19 00:00:00,17792.96,18189.97,17346.62,17825.47,10506.69646215
2020-11-20 00:00:00,17822.37,18824.88,17755.81,18687.65,10020.01351326
2020-11-21 00:00:00,18685.08,18977.00,18333.45,18725.00,5937.50536305
2020-11-22 00:00:00,18726.43,18770.55,17600.00,18435.20,6417.21771734
2020-11-23 00:00:00,18432.60,18786.31,18001.95,18383.35,9412.08722183
2020-11-24 00:00:00,18386.92,19442.13,18068.56,19160.85,13262.83116668
2020-11-25 00:00:00,19175.13,19490.00,18470.91,18732.43,8962.62225501
2020-11-26 00:00:00,18727.24,18911.04,16218.00,17160.09,21424.98655676
2020-11-27 00:00:00,17168.31,17471.89,16435.47,17154.39,8964.83242941
2020-11-28 00:00:00,17160.38,17896.03,16875.01,17741.79,4471.52202455
2020-11-29 00:00:00,17724.41,18352.47,17534.87,18192.03,3736.15917940
2020-11-30 00:00:00,18196.75,19864.15,18196.75,19700.19,10612.67092499
2020-12-01 00:00:00,19703.53,19918.01,18100.00,18771.43,11799.58943351
2020-12-02 00:00:00,18773.21,19346.90,18334.00,19226.55,6749.36401948
2020-12-03 00:00:00,19220.09,19621.00,18881.62,19448.40,6196.52507218
2020-12-04 00:00:00,19439.94,19552.50,18573.89,18673.76,6261.69674357
2020-12-05 00:00:00,18650.08,19185.17,18500.00,19162.16,2376.72322359
2020-12-06 00:00:00,19162.17,19418.39,18870.62,19380.58,2503.45426290
2020-12-07 00:00:00,19385.13,19431.00,18905.00,19173.50,4323.27044132
2020-12-08 00:00:00,19183.13,19300.55,18163.52,18316.43,5979.96623279
2020-12-09 00:00:00,18311.31,18654.92,17640.33,18556.64,8906.94524733
2020-12-10 00:00:00,18546.38,18562.13,17908.00,18250.30,6784.45549144
2020-12-11 00:00:00,18250.30,18290.43,17569.58,18040.02,6687.92267389
2020-12-12 00:00:00,18031.23,18956.46,18022.55,18815.63,3515.32704607
2020-12-13 00:00:00,18806.83,19416.64,18628.10,19162.36,4251.96121032
2020-12-14 00:00:00,19151.82,19346.90,18979.21,19274.33,3618.37690457
2020-12-15 00:00:00,19274.33,19567.84,19050.00,19434.87,6750.77219425
2020-12-16 00:00:00,19434.55,21576.76,19277.66,21365.70,14974.62184371
2020-12-17 00:00:00,21358.96,23777.00,21244.04,22814.24,22626.69253048
2020-12-18 00:00:00,22829.89,23284.68,22360.93,23136.14,11360.33890442
2020-12-19 00:00:00,23142.05,24217.38,22719.78,23842.99,8672.03769610
2020-12-20 00:00:00,23842.38,24298.04,23092.77,23470.85,5095.96264009
2020-12-21 00:00:00,23470.85,24123.83,21864.86,22732.01,12675.12801873
2020-12-22 00:00:00,22750.07,23843.21,22383.59,23835.10,9367.60948339
2020-12-23 00:00:00,23819.08,24096.90,22624.92,23247.71,11541.96937133
2020-12-24 00:00:00,23215.00,23779.14,22700.10,23726.28,7185.48205493
2020-12-25 00:00:00,23747.22,24777.00,23403.82,24705.15,6469.22897257
2020-12-26 00:00:00,24714.01,26809.50,24485.32,26466.28,7491.46184626
2020-12-27 00:00:00,26472.89,28377.94,25770.00,26259.60,13234.33412894
2020-12-28 00:00:00,26242.82,27473.49,26079.60,27037.91,7987.77761059
2020-12-29 00:00:00,27037.90,27395.00,25831.85,27370.00,9577.27829174
2020-12-30 00:00:00,27370.00,29010.32,27328.37,28881.30,11741.73338120
2020-12-31 00:00:00,28893.21,29300.00,27930.75,28992.79,9477.67661813
2021-01-01 00:00:00,28999.63,29700.00,28720.00,29402.64,8781.46555456
2021-01-02 00:00:00,29410.77,33333.00,29050.00,32216.53,17867.87889850
2021-01-03 00:00:00,32216.51,34800.00,31977.45,33097.83,14160.58128010
2021-01-04 00:00:00,33068.83,33669.76,27734.00,32005.88,22446.94000548
2021-01-05 00:00:00,32054.23,34500.00,29936.26,34039.05,14806.49650719
2021-01-06 00:00:00,34081.24,37050.83,33348.27,36849.94,19219.28788972
2021-01-07 00:00:00,36875.96,40402.46,36327.50,39510.49,23102.26120863
2021-01-08 00:00:00,39510.59,42000.00,36618.36,40667.07,22183.95174233
2021-01-09 00:00:00,40682.76,41422.77,38788.16,40239.06,8535.84731272
2021-01-10 00:00:00,40239.06,41450.00,34322.07,38173.73,16218.99740520
2021-01-11 00:00:00,38164.88,38261.39,30261.13,35455.58,40786.96425433
2021-01-12 00:00:00,35449.71,36639.23,32479.91,34035.02,18267.87445007
2021-01-13 00:00:00,34035.02,37800.00,32327.76,37393.49,13662.38751261
2021-01-14 00:00:00,37393.49,40112.78,36717.23,39134.35,10923.50473340
2021-01-15 00:00:00,39147.98,39694.00,34380.00,36756.57,13499.11727006
2021-01-16 00:00:00,36778.66,37944.12,35350.00,36000.00,7688.58269814
2021-01-17 00:00:00,36013.51,36839.00,33833.55,35819.25,6821.71255949
2021-01-18 00:00:00,35826.36,37449.86,34777.85,36616.95,6251.21454140
2021-01-19 00:00:00,36665.82,37874.71,35888.00,35917.62,6578.85825052
2021-01-20 00:00:00,35888.13,36440.10,33400.00,35496.91,12160.46753333
2021-01-21 00:00:00,35516.17,35620.96,30044.16,30818.18,21214.64125810
2021-01-22 00:00:00,30817.86,33864.85,28800.00,32992.06,17019.58345080
2021-01-23 00:00:00,32989.10,33468.46,31426.11,32117.49,5255.74586786
2021-01-24 00:00:00,32098.38,33075.75,30960.77,32288.83,4658.70962563
2021-01-25 00:00:00,32289.06,34888.00,31939.12,32261.22,10038.75547087
2021-01-26 00:00:00,32264.15,32953.28,30847.40,32504.53,11554.91101117
2021-01-27 00:00:00,32521.65,32580.12,29150.49,30424.62,22403.70666206
2021-01-28 00:00:00,30427.34,33870.58,29899.99,33484.87,17879.35697563
2021-01-29 00:00:00,33488.66,38620.00,31990.00,34249.64,31439.61903418
2021-01-30 00:00:00,34265.71,34931.39,32860.00,34323.00,7281.28566632
2021-01-31 00:00:00,34300.19,34380.21,32193.70,33141.38,4750.12315608
2021-02-01 00:00:00,33110.32,34736.10,32333.01,33532.74,8374.05662032
2021-02-02 00:00:00,33497.16,36008.67,33431.67,35522.16,7225.86501969
2021-02-03 00:00:00,35496.91,37732.87,35382.45,37691.63,8777.33287657
2021-02-04 00:00:00,37693.00,38748.52,36197.65,36996.32,11762.80234811
2021-02-05 00:00:00,36984.28,38359.69,36618.36,38320.00,5211.97488137
2021-02-06 00:00:00,38320.00,41025.48,38230.81,39282.10,8635.66020711
2021-02-07 00:00:00,39274.80,39727.44,37412.93,38858.39,5973.24016085
2021-02-08 00:00:00,38870.36,46712.12,38050.97,46416.45,19053.71343569
2021-02-09 00:00:00,46445.51,48216.09,45000.00,46505.20,12505.08248337
2021-02-10 00:00:00,46493.90,47364.09,43746.06,44854.63,9483.32895640
2021-02-11 00:00:00,44854.63,48696.84,44040.96,47981.48,9390.81635484
2021-02-12 00:00:00,48044.88,49000.00,46231.16,47395.84,5970.13590277
2021-02-13 00:00:00,47424.25,48220.00,46133.00,47228.48,4271.67215148
2021-02-14 00:00:00,47258.66,49714.66,47081.02,48662.50,5201.69392560
2021-02-15 00:00:00,48620.48,49048.82,45914.75,47942.57,6924.33408866
2021-02-16 00:00:00,47954.05,50602.53,47036.02,49166.53,8376.07608814
2021-02-17 00:00:00,49136.70,52640.00,48896.19,52174.28,9571.64796874
2021-02-18 00:00:00,52141.23,52566.98,50869.61,51579.54,6330.14291878
2021-02-19 00:00:00,51560.46,56399.99,50627.32,55988.58,9229.78250415
2021-02-20 00:00:00,56000.59,57553.81,54000.00,55936.04,5187.25046252
2021-02-21 00:00:00,55919.75,58354.14,55537.99,57492.91,3562.96950963
2021-02-22 00:00:00,57485.74,57564.19,47400.00,54173.65,17002.83273081
2021-02-23 00:00:00,54173.64,54196.58,44845.72,48887.93,17766.39814895
2021-02-24 00:00:00,48927.33,51459.51,47000.00,49754.00,8774.36674339
2021-02-25 00:00:00,49715.13,52079.16,46723.00,47088.58,7920.69294708
2021-02-26 00:00:00,47070.18,48476.62,44151.97,46314.83,8126.22740854
2021-02-27 00:00:00,46324.15,48365.31,45050.00,46109.98,3071.56836645
2021-02-28 00:00:00,46142.10,46659.88,43021.00,45240.96,6668.91811403
2021-03-01 00:00:00,45261.56,49831.52,45020.25,49629.33,8512.75943780
2021-03-02 00:00:00,49641.89,50250.00,47069.52,48516.35,4945.78880692
2021-03-03 00:00:00,48438.00,52652.82,48168.45,50379.68,6151.48715250
2021-03-04 00:00:00,50376.05,51817.54,47500.00,48360.50,5641.61213573
2021-03-05 00:00:00,48353.09,49471.24,46294.00,48739.21,5219.24690875
2021-03-06 00:00:00,48774.67,49200.00,47082.29,48904.63,2141.06029528
2021-03-07 00:00:00,48933.12,51477.53,48933.12,50967.30,2818.44991057
2021-03-08 00:00:00,50952.55,52427.80,49316.98,52427.80,4419.56113432
2021-03-09 00:00:00,52427.80,54939.26,51857.00,54929.02,5428.89224399
2021-03-10 00:00:00,54927.29,57402.89,53010.00,55852.29,6916.27818124
2021-03-11 00:00:00,55918.09,58155.99,54269.00,57772.09,6640.48776529
2021-03-12 00:00:00,57847.92,58098.50,55011.00,57271.04,5232.31057076
2021-03-13 00:00:00,57297.67,61781.83,56080.96,61165.19,6187.83400169
2021-03-14 00:00:00,61177.03,61700.00,58959.57,59016.39,3274.12215493
2021-03-15 00:00:00,58956.90,60595.13,54555.00,55644.37,7725.21404982
2021-03-16 00:00:00,55616.42,56950.00,53221.00,56908.34,7733.22669474
2021-03-17 00:00:00,56928.38,58968.80,54124.00,58901.80,5840.07702599
2021-03-18 00:00:00,58939.73,60083.25,57000.00,57648.05,5516.46389423
2021-03-19 00:00:00,57648.01,59450.95,56279.34,58072.00,3523.48233151
2021-03-20 00:00:00,58029.94,59957.00,57815.61,58138.39,2382.94564802
2021-03-21 00:00:00,58072.87,58632.52,55500.00,57381.79,3628.79780904
2021-03-22 00:00:00,57410.54,58461.78,53715.00,54070.92,6566.96696309
2021-03-23 00:00:00,54117.71,55866.44,52933.03,54361.57,4996.46365198
2021-03-24 00:00:00,54360.07,57207.33,51638.76,52287.52,6867.56433680
2021-03-25 00:00:00,52281.77,53271.59,50360.00,51326.11,6682.61740401
2021-03-26 00:00:00,51292.65,55114.86,51263.38,55081.37,4874.25111496
2021-03-27 00:00:00,55081.26,56686.15,53948.35,55839.42,2609.96757961
2021-03-28 00:00:00,55817.85,56573.04,54677.51,55790.92,2073.44919140
2021-03-29 00:00:00,55790.28,58402.68,54892.42,57600.10,5360.42566319
2021-03-30 00:00:00,57623.66,59388.66,57011.00,58760.59,3392.33861916
2021-03-31 00:00:00,58767.75,59816.17,56713.45,58782.58,4595.25252072
2021-04-01 00:00:00,58789.96,59490.00,57935.42,58728.53,2786.58091029
2021-04-02 00:00:00,58744.00,60103.04,58450.00,59003.60,2564.60002070
2021-04-03 00:00:00,58967.61,59801.39,56922.00,57064.42,1663.26835296
2021-04-04 00:00:00,57064.13,58501.00,56466.25,58212.18,1440.63181986
2021-04-05 00:00:00,58213.69,59280.00,56800.00,59125.00,2402.43713513
2021-04-06 00:00:00,59135.36,59473.90,57216.00,58018.30,2711.39784733
2021-04-07 00:00:00,58024.90,58668.00,55441.93,55932.83,5454.57661606
2021-04-08 00:00:00,55912.38,58145.49,55680.40,58096.60,4586.80685854
2021-04-09 00:00:00,58066.18,58890.25,57657.43,58109.56,2660.64809651
2021-04-10 00:00:00,58129.02,61222.22,57870.00,59766.93,3917.95081704
2021-04-11 00:00:00,59773.19,60679.00,59165.15,59979.26,1822.72044967
2021-04-12 00:00:00,59972.26,61234.56,59361.11,59831.66,3707.43645474
2021-04-13 00:00:00,59814.87,63769.00,59780.00,63564.48,5711.52676941
2021-04-14 00:00:00,63605.69,64895.22,61327.00,62986.09,6002.89354304
2021-04-15 00:00:00,62954.20,63855.37,61998.90,63239.19,3433.44934498
2021-04-16 00:00:00,63247.24,63580.40,60042.04,61436.24,5778.81668659
2021-04-17 00:00:00,61436.23,62596.48,59676.67,60032.29,3091.48365756
2021-04-18 00:00:00,60048.82,60433.81,51541.16,56280.60,12869.85937399
2021-04-19 00:00:00,56260.83,57633.00,54252.88,55694.55,5791.23906226
2021-04-20 00:00:00,55694.55,57119.00,53400.00,56503.19,5863.88283884
2021-04-21 00:00:00,56493.02,56850.00,53628.79,53806.24,4578.25708723
2021-04-22 00:00:00,53823.48,55491.80,50450.01,51683.95,7838.95634691
2021-04-23 00:00:00,51693.98,52131.34,47555.00,51176.65,11649.31918465
2021-04-24 00:00:00,51177.77,51227.38,48713.34,50118.94,3445.13658315
2021-04-25 00:00:00,50126.34,50608.94,47004.20,49128.43,4167.43570798
2021-04-26 00:00:00,49122.75,54404.78,48823.01,54073.41,6046.79682802
2021-04-27 00:00:00,54015.32,55519.37,53325.75,55091.39,4111.12521596
2021-04-28 00:00:00,55094.73,56500.00,53811.49,54901.97,4542.50992013
2021-04-29 00:00:00,54898.45,55239.33,52379.90,53593.97,4172.67670698
2021-04-30 00:00:00,53585.93,58008.00,53087.15,57775.27,4809.18204712
2021-05-01 00:00:00,57790.66,58549.00,57049.63,57851.91,2248.55545142
2021-05-02 00:00:00,57893.01,57967.01,56064.51,56622.66,1887.08427188
2021-05-03 00:00:00,56599.91,59000.00,56500.00,57222.37,3636.51735676
2021-05-04 00:00:00,57227.64,57250.85,53080.69,53236.84,5747.19401914
2021-05-05 00:00:00,53221.75,57976.62,52924.50,57509.93,5504.55788108
2021-05-06 00:00:00,57517.08,58420.83,55283.00,56447.39,5144.23317131
2021-05-07 00:00:00,56425.82,58743.85,55288.11,57381.73,4234.70954424
2021-05-08 00:00:00,57371.02,59564.24,56977.50,58984.75,2928.99345356
2021-05-09 00:00:00,58964.89,59300.62,56256.00,58305.24,2589.62561937
2021-05-10 00:00:00,58336.16,59603.00,53500.00,55880.72,6589.42714030
2021-05-11 00:00:00,55854.43,56972.33,54500.00,56763.70,4203.16906929
2021-05-12 00:00:00,56763.70,58021.26,48530.00,49386.56,6367.35410217
2021-05-13 00:00:00,49419.44,51420.72,45700.00,49694.96,9096.38363317
2021-05-14 00:00:00,49711.64,51572.00,48875.69,49880.43,4011.08190380
2021-05-15 00:00:00,49883.89,50710.93,46448.53,46708.89,3613.92837843
2021-05-16 00:00:00,46753.40,49800.00,43769.40,46444.75,5750.08326356
2021-05-17 00:00:00,46446.42,46648.50,42100.00,43593.39,12262.72268102
2021-05-18 00:00:00,43581.27,45872.05,42023.69,42877.75,6275.91387222
2021-05-19 00:00:00,42900.85,43601.63,30066.00,36780.43,32468.86397019
2021-05-20 00:00:00,36793.39,43000.00,35000.00,40640.90,14703.03041947
2021-05-21 00:00:00,40566.13,42297.89,33520.00,37335.16,13106.84060164
2021-05-22 00:00:00,37318.43,38887.99,35260.00,37500.54,5720.00562166
2021-05-23 00:00:00,37474.34,38311.74,31107.46,34706.79,9376.29208573
2021-05-24 00:00:00,34735.35,39960.00,34426.21,38839.86,10213.18324641
2021-05-25 00:00:00,38848.36,40000.00,36486.85,38397.72,5765.34726030
2021-05-26 00:00:00,38385.87,40904.00,37859.74,39309.56,4205.61283515
2021-05-27 00:00:00,39299.46,40429.47,37212.90,38503.47,4113.43820958
2021-05-28 00:00:00,38578.50,38905.12,34710.23,35692.46,6167.02059154
2021-05-29 00:00:00,35691.36,37348.01,33650.00,34632.08,4457.16762006
2021-05-30 00:00:00,34644.09,36516.99,33425.00,35677.72,2979.71977699
2021-05-31 00:00:00,35675.30,37540.96,34195.20,37341.41,4383.79233382
2021-06-01 00:00:00,37279.89,37927.44,35699.98,36693.30,4348.75448360
2021-06-02 00:00:00,36693.30,38256.30,35933.19,37589.36,4270.10341121
2021-06-03 00:00:00,37585.12,39490.00,37176.06,39219.88,4058.94293164
2021-06-04 00:00:00,39242.94,39277.36,35576.67,36887.32,5786.18608707
2021-06-05 00:00:00,36851.58,37927.93,34849.65,35532.14,4106.34880652
2021-06-06 00:00:00,35532.59,36510.58,35250.00,35808.85,2526.73361997
2021-06-07 00:00:00,35810.69,36808.30,33321.09,33582.62,4913.04022502
2021-06-08 00:00:00,33567.51,34085.61,31025.00,33411.69,9044.64846998
2021-06-09 00:00:00,33413.19,37556.25,32423.72,37400.00,8539.58734220
2021-06-10 00:00:00,37414.64,38446.24,35824.69,36707.54,5761.72488740
2021-06-11 00:00:00,36724.97,37680.65,35958.49,37341.11,3741.23051559
2021-06-12 00:00:00,37338.91,37445.55,34630.00,35542.76,3727.95235350
2021-06-13 00:00:00,35563.66,39386.43,34783.90,39013.76,3601.91766642
2021-06-14 00:00:00,39035.52,41050.00,38758.40,40532.79,6281.28059699
2021-06-15 00:00:00,40544.19,41341.57,39526.47,40171.47,4078.80197440
2021-06-16 00:00:00,40166.93,40506.59,38095.41,38353.99,4008.51296381
2021-06-17 00:00:00,38361.38,39553.05,37350.00,38097.68,3569.25261640
2021-06-18 00:00:00,38110.25,38208.68,35143.68,35840.00,4240.40486721
2021-06-19 00:00:00,35849.18,36440.00,34718.21,35507.06,3129.33472247
2021-06-20 00:00:00,35494.70,36125.00,33337.00,35589.77,3958.11811992
2021-06-21 00:00:00,35598.66,35763.80,31238.69,31634.16,8580.06222043
2021-06-22 00:00:00,31628.83,33315.85,28600.00,32545.26,9778.51694548
2021-06-23 00:00:00,32547.57,35000.00,31670.89,33652.28,5855.58129399
2021-06-24 00:00:00,33693.99,35289.00,32314.37,34649.32,4725.82718452
2021-06-25 00:00:00,34652.68,35517.22,31271.02,31597.75,5099.26353351
2021-06-26 00:00:00,31595.95,32714.46,30082.79,32269.38,3300.16005776
2021-06-27 00:00:00,32293.98,34772.94,32015.82,34699.50,3260.56534452
2021-06-28 00:00:00,34716.02,35357.13,33878.23,34487.11,3369.99371686
2021-06-29 00:00:00,34494.42,36623.79,34240.00,35907.93,3179.50783988
2021-06-30 00:00:00,35900.05,36099.82,34049.36,35037.23,3381.04539530
2021-07-01 00:00:00,35059.71,35071.34,32700.88,33564.21,3118.76325902
2021-07-02 00:00:00,33537.11,33981.51,32700.05,33811.56,2086.83881625
2021-07-03 00:00:00,33810.46,34959.72,33333.10,34688.30,1244.49692391
2021-07-04 00:00:00,34672.08,35960.00,34404.29,35289.21,1204.00371528
2021-07-05 00:00:00,35255.00,35258.70,33143.00,33704.21,2254.35340918
2021-07-06 00:00:00,33730.76,35100.49,33510.58,34244.09,2386.50511711
2021-07-07 00:00:00,34231.95,35059.02,33800.00,33882.47,1540.04244824
2021-07-08 00:00:00,33858.33,33943.02,32101.00,32898.79,2945.85492495
2021-07-09 00:00:00,32892.94,34115.44,32285.73,33826.43,1636.57507041
2021-07-10 00:00:00,33830.73,34261.04,33014.21,33517.60,1442.42483187
2021-07-11 00:00:00,33521.48,34635.82,33335.49,34258.53,1635.01765874
2021-07-12 00:00:00,34266.84,34677.00,32660.00,33105.00,1879.53733471
2021-07-13 00:00:00,33091.53,33340.00,32190.00,32728.00,1870.57403303
2021-07-14 00:00:00,32737.56,33111.72,31589.35,32823.55,2753.09806091
2021-07-15 00:00:00,32818.68,33179.00,31121.57,31848.65,2470.21303625
2021-07-16 00:00:00,31885.70,32264.53,31012.93,31388.17,1912.46866725
2021-07-17 00:00:00,31376.30,31950.00,31176.66,31529.68,1550.07201059
2021-07-18 00:00:00,31509.33,32440.98,31100.00,31776.65,1256.54606075
2021-07-19 00:00:00,31794.49,31881.71,30400.00,30829.29,2506.27744084
2021-07-20 00:00:00,30822.08,31068.62,29296.39,29786.58,3413.24206454
2021-07-21 00:00:00,29792.99,32875.42,29500.00,32138.45,4842.16399723
2021-07-22 00:00:00,32115.82,32609.83,31703.15,32300.88,2392.46948134
2021-07-23 00:00:00,32306.98,33684.17,32000.00,33684.17,1976.38421775
2021-07-24 00:00:00,33685.00,34534.32,33419.31,34301.78,1440.46627864
2021-07-25 00:00:00,34301.86,35448.97,33874.03,35428.28,2063.49425027
2021-07-26 00:00:00,35438.93,40581.30,35282.70,37291.24,8840.39875048
2021-07-27 00:00:00,37271.44,39539.50,36386.19,39475.41,5896.66715588
2021-07-28 00:00:00,39446.94,40927.53,38786.80,40036.32,3943.47800378
2021-07-29 00:00:00,40024.80,40662.80,39239.95,40037.51,2306.03838571
2021-07-30 00:00:00,40045.21,42335.50,38331.37,42234.89,3651.71579023
2021-07-31 00:00:00,42236.72,42411.32,41007.51,41490.13,1507.86822076
2021-08-01 00:00:00,41489.16,42614.85,39424.27,39839.00,2042.01706796
2021-08-02 00:00:00,39875.20,40459.31,38687.62,39165.55,2407.96526999
2021-08-03 00:00:00,39157.52,39792.83,37639.00,38177.07,3279.64493738
2021-08-04 00:00:00,38173.75,39973.94,37481.00,39741.12,4080.83535873
2021-08-05 00:00:00,39742.77,41401.96,37300.00,40894.67,5804.40706860
2021-08-06 00:00:00,40893.77,43381.00,39879.47,42856.59,2937.38483944
2021-08-07 00:00:00,42857.09,44763.14,42251.00,44612.94,4886.93838098
2021-08-08 00:00:00,44624.40,45355.00,43298.84,43858.42,3647.13062980
2021-08-09 00:00:00,43836.05,46529.02,42811.26,46292.89,4961.58828106
2021-08-10 00:00:00,46282.30,46759.00,44643.00,45609.70,2390.08850832
2021-08-11 00:00:00,45596.21,46787.60,45353.02,45539.85,2606.12636675
2021-08-12 00:00:00,45536.80,46236.70,43800.02,44444.45,2463.50628392
2021-08-13 00:00:00,44413.35,47929.18,44253.97,47860.58,2934.74203072
2021-08-14 00:00:00,47855.00,48190.00,46000.00,47119.73,1908.95141153
2021-08-15 00:00:00,47130.97,47424.00,45500.27,47028.30,1726.79562797
2021-08-16 00:00:00,47024.96,48075.22,45654.14,45930.51,2410.15099528
2021-08-17 00:00:00,45930.48,47183.37,44417.51,44694.35,3286.27326450
2021-08-18 00:00:00,44631.47,46041.62,44218.73,44721.13,2247.93415783
2021-08-19 00:00:00,44734.16,47114.99,43935.54,46764.30,2776.23768490
2021-08-20 00:00:00,46759.29,49436.10,46645.77,49356.00,2815.55159523
2021-08-21 00:00:00,49332.31,49833.02,48300.00,48884.34,1768.24156609
2021-08-22 00:00:00,48883.84,49540.01,48080.17,49301.86,985.76533304
2021-08-23 00:00:00,49296.71,50562.11,49010.00,49561.37,2419.86814706
2021-08-24 00:00:00,49516.08,49893.50,47593.66,47731.33,2217.80305724
2021-08-25 00:00:00,47670.80,49273.93,47100.00,49011.75,1902.72053396
2021-08-26 00:00:00,49022.39,49387.60,46309.33,46856.29,2091.10982610
2021-08-27 00:00:00,46857.86,49187.00,46363.00,49100.49,1943.55725598
2021-08-28 00:00:00,49100.49,49325.00,48244.88,48935.36,692.70588551
2021-08-29 00:00:00,48947.10,49666.00,47798.29,48808.72,1044.48189034
2021-08-30 00:00:00,48782.56,48915.29,46855.41,47003.44,1676.48255108
2021-08-31 00:00:00,46969.05,48270.33,46699.00,47156.09,2239.16770320
2021-09-01 00:00:00,47118.02,49134.00,46532.42,48853.49,2194.63007880
2021-09-02 00:00:00,48830.93,50390.00,48625.00,49274.79,2267.93197524
2021-09-03 00:00:00,49284.93,51050.00,48351.60,50025.04,2226.78294854
2021-09-04 00:00:00,50033.50,50570.94,49388.26,49943.16,869.28839285
2021-09-05 00:00:00,49965.32,51900.00,49500.00,51809.28,986.48708300
2021-09-06 00:00:00,51809.28,52810.00,51024.32,52708.20,2057.32862241
2021-09-07 00:00:00,52719.43,52956.47,42900.01,46866.82,6811.92218815
2021-09-08 00:00:00,46894.30,47386.72,44436.93,46091.94,3309.09834404
2021-09-09 00:00:00,46070.43,47419.95,45550.00,46392.81,2595.98696952
2021-09-10 00:00:00,46368.11,47029.08,44125.00,44857.38,2392.57110617
2021-09-11 00:00:00,44858.20,45993.32,44767.75,45176.66,906.80620376
2021-09-12 00:00:00,45162.96,46491.63,44752.96,46035.00,1015.76215832
2021-09-13 00:00:00,46039.42,46895.82,43400.00,44974.34,2308.42207379
2021-09-14 00:00:00,44983.77,47273.38,44704.18,47103.18,1643.95662405
2021-09-15 00:00:00,47123.81,48465.77,46702.26,48150.94,1307.24871087
2021-09-16 00:00:00,48188.12,48505.00,47035.00,47760.64,1886.04173385
2021-09-17 00:00:00,47773.44,48179.00,46712.14,47305.18,1558.52317573
2021-09-18 00:00:00,47316.21,48834.00,47052.90,48326.74,1452.50623073
2021-09-19 00:00:00,48307.05,48389.52,46860.00,47245.25,999.59599085
2021-09-20 00:00:00,47257.86,47334.54,42453.97,43035.99,4240.48541968
2021-09-21 00:00:00,43003.07,43643.34,39573.21,40596.54,5961.58790269
2021-09-22 00:00:00,40702.07,44031.85,40580.18,43589.53,3040.94514066
2021-09-23 00:00:00,43586.00,45013.17,43105.00,44903.50,2317.75578384
2021-09-24 00:00:00,44893.70,45159.90,40693.27,42848.50,4348.92828394
2021-09-25 00:00:00,42835.88,43010.69,41689.60,42722.19,879.19677382
2021-09-26 00:00:00,42699.10,43956.38,40808.00,43204.73,1659.78466242
2021-09-27 00:00:00,43162.82,44377.70,42130.00,42189.81,1936.64957217
2021-09-28 00:00:00,42154.87,42778.93,40888.00,41049.00,2246.85357977
2021-09-29 00:00:00,41024.21,42595.93,40750.00,41542.90,1804.77808474
2021-09-30 00:00:00,41537.56,44117.74,41427.87,43834.43,2614.50420927
2021-10-01 00:00:00,43835.47,48500.00,43291.07,48171.86,3446.87226506
2021-10-02 00:00:00,48185.61,48361.83,47468.15,47685.80,1361.84402667
2021-10-03 00:00:00,47644.63,49225.55,47119.87,48235.93,1164.60296870
2021-10-04 00:00:00,48231.04,49530.53,46900.00,49242.14,2737.78053315
2021-10-05 00:00:00,49283.89,51914.68,49075.00,51501.19,2206.59644303
2021-10-06 00:00:00,51521.89,55800.00,50428.64,55345.79,4441.90271751
2021-10-07 00:00:00,55360.10,55360.32,53289.57,53787.60,2349.70121453
2021-10-08 00:00:00,53816.16,56168.00,53623.02,53957.21,2217.75513685
2021-10-09 00:00:00,53952.82,55512.05,53674.69,54976.92,1061.02324334
2021-10-10 00:00:00,54984.49,56561.00,51000.00,54714.95,1735.42193508
2021-10-11 00:00:00,54657.00,57855.79,54462.45,57485.20,1955.78560334
2021-10-12 00:00:00,57490.00,57701.00,53909.00,55995.49,3224.83970306
2021-10-13 00:00:00,56004.61,57773.89,54231.00,57374.55,3359.69683046
2021-10-14 00:00:00,57395.84,58550.00,56830.56,57371.58,1879.45401231
2021-10-15 00:00:00,57370.48,62944.94,56877.00,61657.35,4205.42307030
2021-10-16 00:00:00,61703.45,62352.00,60100.27,60870.26,1263.44800176
2021-10-17 00:00:00,60885.27,61712.00,58933.00,61538.97,1261.12996084
2021-10-18 00:00:00,61519.52,62679.00,59013.00,62034.65,5754.55184160
2021-10-19 00:00:00,62014.99,64499.00,61350.00,64241.61,3253.73979225
2021-10-20 00:00:00,64282.20,67016.50,63529.00,65990.31,3070.68430005
2021-10-21 00:00:00,66027.81,66664.10,61850.00,62219.44,3891.52853281
2021-10-22 00:00:00,62207.51,63757.28,59953.74,60702.68,3159.42528548
2021-10-23 00:00:00,60698.54,61737.38,59633.61,61338.76,1056.07965827
2021-10-24 00:00:00,61306.64,61497.33,59510.00,60910.16,1204.84773547
2021-10-25 00:00:00,60883.96,63733.93,60670.00,63101.43,1730.14621615
2021-10-26 00:00:00,63101.43,63299.30,59830.00,60328.22,1965.54522515
2021-10-27 00:00:00,60331.40,61489.00,58100.01,58465.90,3479.73809611
2021-10-28 00:00:00,58471.06,62524.00,56425.00,60592.76,3769.75506439
2021-10-29 00:00:00,60608.95,62971.54,60154.53,62301.59,3884.64236172
2021-10-30 00:00:00,62278.92,62376.32,60660.02,61932.30,1542.31917477
2021-10-31 00:00:00,61904.96,62438.85,60000.00,61359.44,1548.12901591
2021-11-01 00:00:00,61356.57,62500.00,59500.00,60922.85,2507.39797107
2021-11-02 00:00:00,60949.78,64300.00,60669.91,63260.00,3336.52681752
2021-11-03 00:00:00,63260.00,63567.21,60018.46,62930.72,2148.47086339
2021-11-04 00:00:00,62945.38,63136.82,60725.00,61457.25,1507.54272229
2021-11-05 00:00:00,61430.02,62666.52,60769.17,61031.91,1569.40792218
2021-11-06 00:00:00,61008.19,61609.50,60109.91,61542.44,1268.51181970
2021-11-07 00:00:00,61542.43,63300.00,61396.57,63300.00,1115.66885061
2021-11-08 00:00:00,63300.00,67803.55,63300.00,67559.00,2715.42386367
2021-11-09 00:00:00,67547.49,68564.40,66250.00,66945.72,2136.85836086
2021-11-10 00:00:00,66928.42,69000.00,62856.71,64921.43,3419.11869317
2021-11-11 00:00:00,64919.18,65625.44,64140.00,64821.33,1583.28379977
2021-11-12 00:00:00,64783.13,65497.53,62294.84,64158.41,2519.30730563
2021-11-13 00:00:00,64140.23,64980.00,63400.00,64417.52,830.13101807
2021-11-14 00:00:00,64403.43,65509.87,63595.76,65509.87,1247.88451724
2021-11-15 00:00:00,65509.87,66387.40,63348.91,63606.09,2000.82362240
2021-11-16 00:00:00,63621.61,63628.00,58563.00,60142.31,4632.77331708
2021-11-17 00:00:00,60115.12,60888.50,58400.00,60373.65,3716.81055911
2021-11-18 00:00:00,60376.94,60978.39,56516.44,56917.66,6160.70975752
2021-11-19 00:00:00,56924.94,58402.05,55640.00,58128.55,3277.02585927
2021-11-20 00:00:00,58126.46,59896.54,57424.27,59768.54,1172.15930996
2021-11-21 00:00:00,59785.85,60090.55,58525.84,58678.47,895.67509480
2021-11-22 00:00:00,58679.27,59516.78,55628.57,56294.11,2943.16337271
2021-11-23 00:00:00,56283.80,57897.54,55128.60,57579.99,2732.08480061
2021-11-24 00:00:00,57583.91,57750.20,55894.62,57185.06,1809.45432912
2021-11-25 00:00:00,57169.19,59445.45,57044.42,58990.14,1362.17480499
2021-11-26 00:00:00,59004.88,59207.36,53524.03,53789.35,5221.84056738
2021-11-27 00:00:00,53794.32,55382.00,53653.45,54774.66,1360.56586778
2021-11-28 00:00:00,54764.24,57482.42,53308.93,57338.55,1377.55454862
2021-11-29 00:00:00,57327.32,58931.07,56750.00,57845.12,2069.73496900
2021-11-30 00:00:00,57843.33,59250.00,55918.80,56974.12,3562.71762735
2021-12-01 00:00:00,57027.28,59099.64,56469.22,57251.59,2515.54071956
2021-12-02 00:00:00,57232.71,57413.52,55839.85,56547.96,2758.14469791
2021-12-03 00:00:00,56534.26,57652.00,51556.01,53743.69,2964.76818531
2021-12-04 00:00:00,53685.47,53877.77,41967.50,49234.97,10025.68966854
2021-12-05 00:00:00,49240.81,49777.62,47836.34,49463.22,5156.66613697
2021-12-06 00:00:00,49484.00,50986.00,47111.00,50555.00,4652.11767659
2021-12-07 00:00:00,50550.09,51991.00,50062.13,50627.32,1719.31761862
2021-12-08 00:00:00,50635.87,51249.41,48656.20,50543.30,1598.43571319
2021-12-09 00:00:00,50535.15,50839.01,47332.43,47593.12,2585.43270776
2021-12-10 00:00:00,47573.43,50132.88,46886.00,47142.42,2705.17070403
2021-12-11 00:00:00,47179.53,49539.40,46789.00,49400.54,1323.03955982
2021-12-12 00:00:00,49420.51,50800.00,48675.00,50124.38,1233.78838616
2021-12-13 00:00:00,50102.31,50226.20,45750.00,46725.02,3337.44792896
2021-12-14 00:00:00,46736.70,48689.30,46310.40,48389.96,2016.58981458
2021-12-15 00:00:00,48386.95,49514.85,46560.00,48876.84,2593.35180959
2021-12-16 00:00:00,48876.84,49449.00,47506.21,47663.42,1456.25725801
2021-12-17 00:00:00,47654.99,48018.52,45478.74,46210.92,2077.28024679
2021-12-18 00:00:00,46141.63,47370.14,45501.00,46881.87,827.39374258
2021-12-19 00:00:00,46854.18,48307.34,46450.00,46704.67,1275.49937089
2021-12-20 00:00:00,46671.66,47547.50,45572.94,46915.00,1726.01603262
2021-12-21 00:00:00,46926.72,49353.49,46667.08,48929.86,1674.16446918
2021-12-22 00:00:00,48907.75,49600.00,48449.87,48618.99,1306.16574192
2021-12-23 00:00:00,48618.99,51386.66,48051.10,50850.00,1715.35802664
2021-12-24 00:00:00,50850.00,51864.56,50442.34,50841.48,1446.08883091
2021-12-25 00:00:00,50857.42,51179.36,50190.90,50442.22,823.04872916
2021-12-26 00:00:00,50421.51,51292.65,49458.85,50791.21,1015.22197466
2021-12-27 00:00:00,50885.32,52098.60,50479.44,50718.11,1102.98343745
2021-12-28 00:00:00,50708.05,50719.59,47300.00,47543.30,2215.26863352
2021-12-29 00:00:00,47597.70,48157.41,46099.94,46483.36,2089.30815829
2021-12-30 00:00:00,46474.59,47916.32,45934.37,47150.71,2162.27044303
2021-12-31 00:00:00,47110.30,48589.47,45655.31,46214.37,1798.55260406
2022-01-01 00:00:00,46230.00,47960.98,46199.90,47777.42,741.52060313
2022-01-02 00:00:00,47745.25,47989.00,46660.00,47350.22,702.09475540
2022-01-03 00:00:00,47290.55,47586.58,45692.13,46439.89,1140.17908832
2022-01-04 00:00:00,46464.01,47526.00,45539.05,45820.00,1832.61283694
2022-01-05 00:00:00,45828.77,46855.06,42413.59,43435.80,3397.54577759
2022-01-06 00:00:00,43417.31,43782.86,42414.00,43097.60,2450.11309350
2022-01-07 00:00:00,43093.40,43135.35,40600.00,41535.66,2984.20586087
2022-01-08 00:00:00,41576.73,42315.31,40517.05,41690.77,1581.47361959
2022-01-09 00:00:00,41697.32,42796.49,41200.00,41875.81,1532.58823403
2022-01-10 00:00:00,41853.98,42256.55,39558.70,41845.42,3494.01378649
2022-01-11 00:00:00,41842.22,43144.74,41284.11,42736.00,2442.65415081
2022-01-12 00:00:00,42754.44,44337.26,42471.17,43933.50,2502.76210107
2022-01-13 00:00:00,43935.01,44456.34,42321.00,42571.94,1993.88324273
2022-01-14 00:00:00,42579.44,43468.95,41782.21,43102.35,1386.83275834
2022-01-15 00:00:00,43085.76,43826.80,42387.86,43102.01,707.65852297
2022-01-16 00:00:00,43084.77,43495.59,42615.00,43107.70,621.95302734
2022-01-17 00:00:00,43099.08,43209.47,41581.00,42255.07,1060.00938797
2022-01-18 00:00:00,42230.09,42685.25,41290.06,42377.40,1638.87085963
2022-01-19 00:00:00,42378.23,42589.90,41145.23,41683.21,1664.70405269
2022-01-20 00:00:00,41733.21,43518.69,40554.14,40736.05,2425.15260695
2022-01-21 00:00:00,40654.72,41115.58,35423.00,36495.46,6201.04610092
2022-01-22 00:00:00,36447.37,36825.98,34000.00,35091.11,4510.37218636
2022-01-23 00:00:00,35084.79,36574.47,34624.59,36293.62,2533.70397599
2022-01-24 00:00:00,36262.21,38050.00,32950.72,36724.99,6335.15428027
2022-01-25 00:00:00,36721.59,37552.30,35722.43,36975.91,2793.69107911
2022-01-26 00:00:00,37006.76,38946.00,36279.21,36829.32,3663.15557069
2022-01-27 00:00:00,36824.02,37251.00,35511.32,37208.36,3103.82301099
2022-01-28 00:00:00,37179.62,38022.11,36173.98,37748.36,2420.65410706
2022-01-29 00:00:00,37713.14,38741.67,37327.79,38192.65,1296.90892268
2022-01-30 00:00:00,38176.45,38378.88,37372.59,37941.82,708.79481272
2022-01-31 00:00:00,37914.10,38776.33,36631.66,38491.92,2009.13000337
2022-02-01 00:00:00,38483.56,39285.00,38033.78,38733.04,2073.93871710
2022-02-02 00:00:00,38768.08,38883.96,36618.36,36923.50,1672.70719509
2022-02-03 00:00:00,36924.50,37391.74,36264.55,37320.11,1624.39014671
2022-02-04 00:00:00,37330.75,41760.39,37064.28,41579.57,3901.59890405
2022-02-05 00:00:00,41608.82,41983.12,40975.00,41427.72,1892.23797403
2022-02-06 00:00:00,41422.70,42701.86,41141.81,42420.24,854.67571444
2022-02-07 00:00:00,42420.24,44524.18,41682.11,43869.04,2601.46944039
2022-02-08 00:00:00,43895.60,45501.00,42701.19,44091.56,2591.80146351
2022-02-09 00:00:00,44106.95,44865.72,43164.00,44426.84,1625.88352507
2022-02-10 00:00:00,44426.24,45850.00,43209.07,43524.60,2692.62339808
2022-02-11 00:00:00,43540.15,43969.72,41983.12,42406.19,2170.37239741
2022-02-12 00:00:00,42392.22,43034.00,41740.06,42241.11,892.34533043
2022-02-13 00:00:00,42232.68,42779.60,41882.54,42077.74,515.45574228
2022-02-14 00:00:00,42078.53,42871.68,41575.00,42540.30,1270.88651697
2022-02-15 00:00:00,42567.27,44785.66,42469.96,44582.48,1772.92325828
2022-02-16 00:00:00,44590.75,44590.75,43312.83,43901.48,1251.83359420
2022-02-17 00:00:00,43901.49,44204.78,40088.88,40556.11,2437.49036088
2022-02-18 00:00:00,40532.66,40996.31,39450.00,39996.99,2212.71492010
2022-02-19 00:00:00,40008.75,40471.27,39587.08,40109.02,695.65429600
2022-02-20 00:00:00,40108.62,40151.62,37974.18,38373.90,1283.51154740
2022-02-21 00:00:00,38384.09,39494.11,36810.72,37076.60,3501.42036418
2022-02-22 00:00:00,37036.98,38463.88,36368.99,38269.94,2388.75903515
2022-02-23 00:00:00,38269.94,39303.24,37060.16,37274.18,1778.27525833
2022-02-24 00:00:00,37253.26,39720.00,34324.05,38376.88,6302.85095659
2022-02-25 00:00:00,38360.93,39727.97,38027.61,39231.64,2202.85182731
2022-02-26 00:00:00,39242.64,40330.99,38600.00,39146.66,912.72408690
2022-02-27 00:00:00,39146.66,39886.92,37015.74,37712.68,1701.81704307
2022-02-28 00:00:00,37717.10,44256.08,37468.99,43178.98,3160.61807044
2022-03-01 00:00:00,43221.71,44981.22,42847.85,44443.96,2831.29722228
2022-03-02 00:00:00,44443.98,45332.38,43350.00,43936.72,2043.55683949
2022-03-03 00:00:00,43936.73,44118.53,41832.34,42476.26,2253.43076958
2022-03-04 00:00:00,42476.25,42540.57,38590.95,39175.56,2493.65743037
2022-03-05 00:00:00,39170.19,39620.30,38600.30,39416.79,806.91142871
2022-03-06 00:00:00,39390.31,39701.00,38100.00,38438.89,1194.37373381
2022-03-07 00:00:00,38404.97,39557.26,37169.52,38016.47,1949.69691981
2022-03-08 00:00:00,38002.23,39377.00,37885.05,38753.65,1864.90461382
2022-03-09 00:00:00,38761.13,42591.68,38667.65,41960.02,1980.29362461
2022-03-10 00:00:00,41952.13,42053.95,38545.19,39444.45,2506.23482676
2022-03-11 00:00:00,39433.48,40237.22,38244.76,38729.79,2063.22335158
2022-03-12 00:00:00,38729.79,39458.58,38653.89,38822.02,962.85566586
2022-03-13 00:00:00,38798.68,39312.50,37595.62,37790.54,737.88013225
2022-03-14 00:00:00,37763.37,39913.42,37567.19,39665.71,1439.76768221
2022-03-15 00:00:00,39688.55,39896.13,38142.35,39302.70,1638.68402951
2022-03-16 00:00:00,39302.80,41693.97,38865.67,41142.76,5987.10388902
2022-03-17 00:00:00,41142.76,41497.24,40449.06,40963.22,1657.76165332
2022-03-18 00:00:00,40963.22,42362.00,40068.88,41794.37,2125.12318171
2022-03-19 00:00:00,41781.96,42405.01,41553.88,42235.31,976.88885105
2022-03-20 00:00:00,42240.43,42324.06,40930.20,41242.14,1061.35307364
2022-03-21 00:00:00,41293.19,41588.70,40516.86,41043.14,1779.49806583
2022-03-22 00:00:00,41018.36,43337.41,40901.13,42393.41,2375.42465350
2022-03-23 00:00:00,42393.62,43021.73,41779.11,42925.41,1906.72354645
2022-03-24 00:00:00,42912.21,44240.00,42636.54,44025.99,2173.30497451
2022-03-25 00:00:00,44025.99,45137.12,43616.88,44320.60,1725.07156990
2022-03-26 00:00:00,44340.49,44815.31,44101.00,44535.65,494.72420210
2022-03-27 00:00:00,44553.24,46950.00,44456.90,46864.39,1548.88890527
2022-03-28 00:00:00,46854.96,48234.00,46672.25,47152.38,2691.93784761
2022-03-29 00:00:00,47152.38,48128.87,46941.84,47459.03,1716.32392308
2022-03-30 00:00:00,47459.03,47721.41,46572.15,47068.08,1627.54321756
2022-03-31 00:00:00,47086.07,47624.18,45234.00,45517.27,1372.96510736
2022-04-01 00:00:00,45522.53,46739.81,44244.00,46307.81,1953.21952857
2022-04-02 00:00:00,46306.38,47218.17,45650.00,45820.28,724.30875007
2022-04-03 00:00:00,45820.28,47458.48,45565.64,46401.57,1063.62873240
2022-04-04 00:00:00,46414.88,46891.17,45124.79,46598.20,1496.64154125
2022-04-05 00:00:00,46514.43,47201.00,45342.33,45502.73,1127.69043708
2022-04-06 00:00:00,45512.95,45548.77,43086.80,43191.59,3073.55689716
2022-04-07 00:00:00,43172.83,43896.45,42741.52,43454.53,1381.67737796
2022-04-08 00:00:00,43467.82,43986.09,42120.00,42290.11,1453.74466100
2022-04-09 00:00:00,42258.22,42807.63,42131.51,42767.89,525.17354399
2022-04-10 00:00:00,42774.85,43450.72,41888.88,42133.85,862.61310467
2022-04-11 00:00:00,42159.45,42415.57,39218.15,39524.86,2288.47921183
2022-04-12 00:00:00,39545.37,40691.01,39273.65,40097.46,2111.92057359
2022-04-13 00:00:00,40099.51,41557.61,39584.86,41147.74,1563.48448746
2022-04-14 00:00:00,41159.29,41504.29,39582.53,39961.53,1169.49381805
2022-04-15 00:00:00,39962.60,40869.99,39788.97,40563.18,752.39943803
2022-04-16 00:00:00,40576.41,40701.00,40014.79,40395.67,365.72624783
2022-04-17 00:00:00,40379.81,40602.69,39565.68,39691.27,485.00371860
2022-04-18 00:00:00,39660.62,41101.00,38547.12,40814.60,2421.08185584
2022-04-19 00:00:00,40814.60,41754.05,40578.58,41505.77,1457.11081239
2022-04-20 00:00:00,41476.89,42220.04,40893.21,41375.85,1359.54131303
2022-04-21 00:00:00,41378.77,42978.95,39770.00,40470.76,2163.31405365
2022-04-22 00:00:00,40497.00,40808.66,39197.64,39726.03,2136.99977120
2022-04-23 00:00:00,39700.55,39983.98,39301.00,39421.59,398.24448783
2022-04-24 00:00:00,39438.51,39944.65,38987.00,39467.40,663.70417243
2022-04-25 00:00:00,39464.67,40602.85,38202.91,40441.11,2220.04402771
2022-04-26 00:00:00,40452.52,40800.00,37701.00,38137.67,2909.72251989
2022-04-27 00:00:00,38105.68,39494.73,37885.75,39256.05,1769.00930667
2022-04-28 00:00:00,39254.40,40387.00,38880.44,39754.20,1842.00508443
2022-04-29 00:00:00,39753.28,39923.61,38174.27,38593.42,1600.89916681
2022-04-30 00:00:00,38599.30,38786.95,37597.36,37639.80,728.27961992
2022-05-01 00:00:00,37638.78,38672.20,37400.00,38488.34,1248.04269032
2022-05-02 00:00:00,38484.46,39153.13,38045.79,38521.01,1434.10079893
2022-05-03 00:00:00,38506.38,38641.57,37515.83,37729.95,1157.92207652
2022-05-04 00:00:00,37735.35,40050.19,37665.46,39685.23,2297.27213438
2022-05-05 00:00:00,39685.23,39840.37,35579.40,36533.93,3736.73012912
2022-05-06 00:00:00,36542.41,36648.20,35268.69,36019.22,2594.53333069
2022-05-07 00:00:00,36019.15,36123.99,34777.85,35463.46,1224.39699253
2022-05-08 00:00:00,35465.46,35496.55,33710.16,34025.50,2670.39981616
2022-05-09 00:00:00,34051.20,34224.35,30015.00,30082.00,7631.12166167
2022-05-10 00:00:00,30066.48,32650.00,29731.03,30999.97,7402.30231296
2022-05-11 00:00:00,31002.27,32148.15,27757.77,29000.00,11180.84883589
2022-05-12 00:00:00,28999.99,30090.70,25401.05,28896.19,16578.81059900
2022-05-13 00:00:00,28932.69,30974.60,28686.37,29238.81,6010.27363922
2022-05-14 00:00:00,29239.41,30281.49,28561.23,30033.96,2910.99216303
2022-05-15 00:00:00,30041.16,31411.48,29440.71,31295.03,2085.06630084
2022-05-16 00:00:00,31275.27,31275.27,29060.00,29832.45,3112.79429009
2022-05-17 00:00:00,29847.53,30753.96,29400.00,30425.36,2143.92566327
2022-05-18 00:00:00,30423.90,30670.00,28615.23,28681.26,2318.15544994
2022-05-19 00:00:00,28681.15,30505.14,28656.46,30290.33,2516.77484526
2022-05-20 00:00:00,30271.22,30725.56,28690.13,29176.70,2337.17319044
2022-05-21 00:00:00,29176.70,29621.01,28914.70,29421.05,490.42738451
2022-05-22 00:00:00,29400.34,30457.58,29209.03,30264.66,1318.89417974
2022-05-23 00:00:00,30264.66,30628.00,28839.29,29081.76,2158.65047198
2022-05-24 00:00:00,29081.76,29810.38,28632.40,29632.15,1490.23613231
2022-05-25 00:00:00,29626.53,30189.70,29313.78,29510.15,1563.30877003
2022-05-26 00:00:00,29511.95,29853.34,28003.00,29183.06,2835.00522362
2022-05-27 00:00:00,29183.39,29360.34,28253.57,28589.48,2109.94198208
2022-05-28 00:00:00,28606.08,29231.90,28498.73,29010.82,721.54694670
2022-05-29 00:00:00,29010.82,29561.04,28814.46,29448.94,909.19180016
2022-05-30 00:00:00,29454.69,32195.68,29276.15,31731.22,3257.54873650
2022-05-31 00:00:00,31677.13,32375.81,31181.26,31762.76,1621.62249868
2022-06-01 00:00:00,31777.06,31962.79,29309.84,29787.40,2629.80184718
2022-06-02 00:00:00,29791.96,30688.82,29568.13,30437.18,1226.29074296
2022-06-03 00:00:00,30437.77,30670.07,29232.99,29669.39,1151.14514737
2022-06-04 00:00:00,29688.17,29948.84,29444.21,29853.51,472.40386055
2022-06-05 00:00:00,29834.06,30153.18,29514.96,29888.98,563.06294053
2022-06-06 00:00:00,29905.46,31737.31,29868.16,31351.21,2494.10424691
2022-06-07 00:00:00,31351.10,31536.11,29184.25,31115.82,3672.30493412
2022-06-08 00:00:00,31108.30,31310.53,29831.85,30185.58,1909.67240307
2022-06-09 00:00:00,30190.31,30672.56,29920.56,30089.03,953.92926451
2022-06-10 00:00:00,30068.53,30333.81,28832.83,29065.66,2545.34126907
2022-06-11 00:00:00,29065.66,29403.62,28085.75,28390.94,1587.19524670
2022-06-12 00:00:00,28397.38,28523.06,26500.00,26585.10,2588.83347441
2022-06-13 00:00:00,26538.63,26845.63,21910.26,22450.43,12621.88318574
2022-06-14 00:00:00,22407.53,23288.88,20816.35,22097.30,8576.80050998
2022-06-15 00:00:00,22077.83,22756.00,20079.72,22555.27,13481.53959307
2022-06-16 00:00:00,22563.82,22957.01,20200.00,20382.88,4889.12430380
2022-06-17 00:00:00,20387.66,21325.06,20220.16,20440.70,3615.09731757
2022-06-18 00:00:00,20428.19,20758.00,17592.78,18956.80,7958.38532206
2022-06-19 00:00:00,18952.14,20783.48,17930.70,20552.82,5100.88311828
2022-06-20 00:00:00,20557.20,21036.89,19616.10,20555.44,5112.85052521
2022-06-21 00:00:00,20555.44,21708.76,20332.07,20712.29,3543.16812013
2022-06-22 00:00:00,20710.01,20863.44,19743.99,19963.68,4210.49538322
2022-06-23 00:00:00,19977.24,21204.14,19869.63,21093.42,2677.89902823
2022-06-24 00:00:00,21102.75,21538.40,20713.77,21215.42,2444.77217091
2022-06-25 00:00:00,21229.66,21586.67,20890.00,21486.80,1196.38466227
2022-06-26 00:00:00,21486.67,21868.00,20968.85,21028.69,1437.60709463
2022-06-27 00:00:00,21029.19,21516.85,20491.28,20699.72,1648.58803237
2022-06-28 00:00:00,20722.27,21178.73,20176.00,20261.34,2048.68451940
2022-06-29 00:00:00,20253.88,20398.99,19827.00,20093.18,1605.32356204
2022-06-30 00:00:00,20098.00,20131.06,18595.60,19924.89,4907.84854025
2022-07-01 00:00:00,19960.61,20895.08,18944.69,19239.47,4424.08855864
2022-07-02 00:00:00,19263.41,19425.08,18960.00,19228.25,1478.97411836
2022-07-03 00:00:00,19232.76,19616.43,18763.96,19294.46,1438.93649433
2022-07-04 00:00:00,19296.88,20319.88,19032.44,20209.53,2016.08200690
2022-07-05 00:00:00,20209.02,20720.00,19281.82,20168.63,2882.22647228
2022-07-06 00:00:00,20164.65,20648.76,19750.16,20547.45,2093.38193195
2022-07-07 00:00:00,20546.29,21847.25,20237.58,21643.56,3422.57159508
2022-07-08 00:00:00,21620.85,22401.00,21164.07,21584.14,3352.94753796
2022-07-09 00:00:00,21592.69,21955.18,21311.36,21588.35,865.38701575
2022-07-10 00:00:00,21581.98,21593.73,20629.99,20856.08,1398.91806277
2022-07-11 00:00:00,20851.14,20858.75,19869.00,19949.71,1381.03847332
2022-07-12 00:00:00,19948.55,20036.24,19237.42,19321.14,1738.03082444
2022-07-13 00:00:00,19337.91,20367.88,18905.55,20232.35,3196.86413812
2022-07-14 00:00:00,20225.24,20880.00,19608.47,20577.23,2574.75885317
2022-07-15 00:00:00,20569.17,21186.35,20368.70,20835.39,1581.83012930
2022-07-16 00:00:00,20823.70,21577.00,20472.68,21195.49,1740.63926769
2022-07-17 00:00:00,21198.34,21664.52,20751.08,20801.85,1497.20354125
2022-07-18 00:00:00,20786.76,22760.04,20757.29,22435.04,4288.35687434
2022-07-19 00:00:00,22439.63,23800.00,21578.45,23405.02,4682.35297064
2022-07-20 00:00:00,23392.04,24280.30,22893.95,23208.53,4052.68459237
2022-07-21 00:00:00,23217.00,23430.33,22340.34,23163.34,2267.47408756
2022-07-22 00:00:00,23166.09,23760.87,22512.42,22682.26,2025.58385843
2022-07-23 00:00:00,22696.19,23005.68,21944.47,22468.69,1010.85783614
2022-07-24 00:00:00,22468.70,23006.77,22272.23,22595.81,681.19673676
2022-07-25 00:00:00,22589.47,22673.68,21250.00,21306.56,2128.78016831
2022-07-26 00:00:00,21314.26,21344.09,20700.13,21259.78,1965.57798404
2022-07-27 00:00:00,21266.14,23112.90,21047.70,22969.04,2976.18882906
2022-07-28 00:00:00,22972.22,24198.95,22600.00,23853.11,3463.79018298
2022-07-29 00:00:00,23856.91,24445.00,23438.50,23785.31,2536.49166787
2022-07-30 00:00:00,23777.85,24676.00,23523.29,23644.58,1739.57494563
2022-07-31 00:00:00,23652.53,24190.09,23241.00,23322.53,1624.15172546
2022-08-01 00:00:00,23287.38,23511.50,22861.00,23282.92,1310.17180502
2022-08-02 00:00:00,23291.67,23468.33,22665.98,23001.52,1441.50641868
2022-08-03 00:00:00,22997.07,23642.14,22686.12,22835.88,1306.29502305
2022-08-04 00:00:00,22830.37,23228.77,22400.00,22615.24,1537.96629545
2022-08-05 00:00:00,22630.14,23478.00,22587.94,23326.40,2070.35989801
2022-08-06 00:00:00,23326.50,23354.54,22919.76,22956.61,672.14529689
2022-08-07 00:00:00,22946.00,23411.55,22855.14,23187.62,691.38337380
2022-08-08 00:00:00,23177.72,24246.06,23169.64,23821.68,1845.04091771
2022-08-09 00:00:00,23811.29,23927.44,22880.22,23164.78,1206.11169091
2022-08-10 00:00:00,23151.68,24228.00,22668.57,23964.00,2251.38844100
2022-08-11 00:00:00,23961.00,24921.00,23867.00,23959.00,1964.20432050
2022-08-12 00:00:00,23957.00,24459.00,23615.00,24407.00,1258.79271631
2022-08-13 00:00:00,24421.00,24900.00,24301.00,24456.00,891.42169723
2022-08-14 00:00:00,24459.00,25053.00,24161.00,24320.00,1360.86975366
2022-08-15 00:00:00,24324.00,25212.00,23782.00,24110.00,1764.96054871
2022-08-16 00:00:00,24103.00,24250.00,23673.00,23867.00,761.78640254
2022-08-17 00:00:00,23866.00,24448.00,23176.00,23340.00,1814.51630224
2022-08-18 00:00:00,23348.00,23593.00,23103.00,23201.00,888.93580166
2022-08-19 00:00:00,23192.00,23202.00,20785.00,20841.00,3558.42097480
2022-08-20 00:00:00,20840.00,21368.00,20769.00,21146.00,1475.27766281
2022-08-21 00:00:00,21150.00,21778.00,21070.00,21514.00,1070.76255950
2022-08-22 00:00:00,21517.00,21530.00,20901.00,21411.00,1428.98968096
2022-08-23 00:00:00,21404.00,21672.00,20899.00,21520.00,1237.15547461
2022-08-24 00:00:00,21523.00,21892.00,21142.00,21372.00,1825.65585841
2022-08-25 00:00:00,21364.00,21813.00,21319.00,21571.00,1134.96366241
2022-08-26 00:00:00,21550.00,21870.00,20119.00,20250.00,3482.09137780
2022-08-27 00:00:00,20242.00,20376.00,19766.00,20045.00,1322.83765891
2022-08-28 00:00:00,20044.00,20159.00,19526.00,19557.00,883.35771116
2022-08-29 00:00:00,19571.00,20415.00,19557.00,20302.00,1226.53390450
2022-08-30 00:00:00,20300.00,20575.00,19552.00,19819.00,2061.62816733
2022-08-31 00:00:00,19836.00,20490.00,19822.00,20059.00,2271.16555773
2022-09-01 00:00:00,20049.00,20202.00,19573.00,20128.00,1841.61890225
2022-09-02 00:00:00,20133.00,20440.00,19762.00,19959.00,1704.54970941
2022-09-03 00:00:00,19950.00,20053.00,19667.00,19840.00,454.45221631
2022-09-04 00:00:00,19840.00,20025.00,19586.00,20007.00,468.46460815
2022-09-05 00:00:00,20014.00,20051.00,19634.00,19794.00,975.96352852
2022-09-06 00:00:00,19799.00,20181.00,18669.00,18789.00,3216.97354596
2022-09-07 00:00:00,18808.00,19456.00,18540.00,19276.00,1946.27402334
2022-09-08 00:00:00,19301.00,19454.00,19023.00,19322.00,1759.19295086
2022-09-09 00:00:00,19327.00,21610.00,19303.00,21371.00,4009.32373236
2022-09-10 00:00:00,21371.00,21814.00,21125.00,21672.00,1355.39296702
2022-09-11 00:00:00,21663.00,21871.00,21360.00,21835.00,844.39459098
2022-09-12 00:00:00,21836.00,22485.00,21565.00,22401.00,2496.98699671
2022-09-13 00:00:00,22396.00,22781.00,19862.00,20177.00,3927.08003147
2022-09-14 00:00:00,20175.00,20526.00,19623.00,20233.00,2793.90630535
2022-09-15 00:00:00,20226.00,20432.00,19500.00,19691.00,2531.57116280
2022-09-16 00:00:00,19704.00,19887.00,19330.00,19802.00,2514.42684614
2022-09-17 00:00:00,19802.00,20187.00,19757.00,20114.00,947.27782708
2022-09-18 00:00:00,20116.00,20116.00,19343.00,19419.00,1609.63965374
2022-09-19 00:00:00,19418.00,19679.00,18271.00,19538.00,3418.21694020
2022-09-20 00:00:00,19535.00,19634.00,18717.00,18878.00,2544.25288865
2022-09-21 00:00:00,18877.00,19902.00,18157.00,18466.00,5332.93776764
2022-09-22 00:00:00,18458.00,19541.00,18368.00,19403.00,2607.04175970
2022-09-23 00:00:00,19411.00,19491.00,18533.00,19294.00,2593.18338023
2022-09-24 00:00:00,19291.00,19309.00,18817.00,18921.00,922.02394143
2022-09-25 00:00:00,18919.00,19182.00,18636.00,18810.00,979.44306377
2022-09-26 00:00:00,18809.00,19313.00,18690.00,19226.00,3167.38799752
2022-09-27 00:00:00,19233.00,20381.00,18822.00,19075.00,4423.71693902
2022-09-28 00:00:00,19085.00,19770.00,18461.00,19413.00,3817.64021997
2022-09-29 00:00:00,19413.00,19630.00,18852.00,19592.00,1812.62118977
2022-09-30 00:00:00,19593.00,20171.00,19152.00,19425.00,2413.78432301
2022-10-01 00:00:00,19419.00,19484.00,19174.00,19312.00,378.60698732
2022-10-02 00:00:00,19306.00,19395.00,18931.00,19051.00,518.03380521
2022-10-03 00:00:00,19060.00,19715.00,18975.00,19636.00,1109.13176723
2022-10-04 00:00:00,19633.00,20469.00,19497.00,20343.00,2455.54289220
2022-10-05 00:00:00,20343.00,20366.00,19735.00,20162.00,1789.84892196
2022-10-06 00:00:00,20161.00,20447.00,19864.00,19951.00,1438.88952495
2022-10-07 00:00:00,19960.00,20056.00,19335.00,19532.00,1290.58016407
2022-10-08 00:00:00,19533.00,19624.00,19259.00,19420.00,517.31876324
2022-10-09 00:00:00,19421.00,19604.00,19324.00,19445.00,707.27451611
2022-10-10 00:00:00,19436.00,19525.00,19029.00,19131.00,1052.98301829
2022-10-11 00:00:00,19131.00,19265.00,18853.00,19059.00,1332.93245318
2022-10-12 00:00:00,19061.00,19229.00,18967.00,19157.00,870.27070879
2022-10-13 00:00:00,19156.00,19504.00,18183.00,19377.00,2920.78208384
2022-10-14 00:00:00,19374.00,19947.00,19083.00,19181.00,1313.80111372
2022-10-15 00:00:00,19184.00,19229.00,18990.00,19066.00,331.43098278
2022-10-16 00:00:00,19072.00,19425.00,19067.00,19264.00,417.01160964
2022-10-17 00:00:00,19262.00,19672.00,19160.00,19547.00,1141.62350258
2022-10-18 00:00:00,19547.00,19700.00,19099.00,19334.00,1524.52635389
2022-10-19 00:00:00,19329.00,19356.00,19078.00,19126.00,1302.59535401
2022-10-20 00:00:00,19128.00,19340.00,18913.00,19043.00,1491.66449329
2022-10-21 00:00:00,19043.00,19245.00,18660.00,19165.00,1923.43991085
2022-10-22 00:00:00,19166.00,19250.00,19118.00,19206.00,455.42088912
2022-10-23 00:00:00,19208.00,19689.00,19079.00,19574.00,1195.62013587
2022-10-24 00:00:00,19576.00,19588.00,19169.00,19332.00,1155.86348440
2022-10-25 00:00:00,19332.00,20418.00,19222.00,20087.00,2804.51314609
2022-10-26 00:00:00,20096.00,21012.00,20062.00,20775.00,2711.06904662
2022-10-27 00:00:00,20771.00,20872.00,20210.00,20296.00,1669.88399576
2022-10-28 00:00:00,20295.00,20750.00,20008.00,20599.00,1827.61380674
2022-10-29 00:00:00,20596.00,21078.00,20566.00,20821.00,1213.18946622
2022-10-30 00:00:00,20820.00,20931.00,20525.00,20628.00,679.83876303
2022-10-31 00:00:00,20631.00,20833.00,20243.00,20498.00,1880.02456732
2022-11-01 00:00:00,20493.00,20681.00,20334.00,20480.00,1276.69180973
2022-11-02 00:00:00,20480.00,20802.00,20055.00,20154.00,2292.08236192
2022-11-03 00:00:00,20152.00,20387.00,20039.00,20209.00,1004.11893277
2022-11-04 00:00:00,20209.00,21290.00,20184.00,21153.00,3501.47535754
2022-11-05 00:00:00,21152.00,21473.00,21089.00,21301.00,774.12522007
2022-11-06 00:00:00,21299.00,21364.00,20899.00,20907.00,551.95849001
2022-11-07 00:00:00,20899.00,21070.00,20400.00,20590.00,1417.99563473
2022-11-08 00:00:00,20591.00,20669.00,17114.00,18550.00,12035.90178845
2022-11-09 00:00:00,18546.00,18588.00,15632.00,15877.00,8350.56544560
2022-11-10 00:00:00,15900.00,18150.00,15748.00,17551.00,8375.25692463
2022-11-11 00:00:00,17548.00,17645.00,16394.00,17007.00,5636.75561159
2022-11-12 00:00:00,17020.00,17054.00,16610.00,16788.00,1882.26415655
2022-11-13 00:00:00,16788.00,17240.00,16263.00,16310.00,2703.91194662
2022-11-14 00:00:00,16300.00,17130.00,15784.00,16589.00,7964.34006887
2022-11-15 00:00:00,16586.00,17095.00,16511.00,16874.00,5633.39934780
2022-11-16 00:00:00,16875.00,16980.00,16371.00,16654.00,4035.80042365
2022-11-17 00:00:00,16655.00,16724.00,16412.00,16686.00,2458.66689134
2022-11-18 00:00:00,16687.00,16971.00,16540.00,16683.00,2673.28041964
2022-11-19 00:00:00,16683.00,16799.00,16548.00,16690.00,1377.39639710
2022-11-20 00:00:00,16687.00,16730.00,16169.00,16256.00,1827.05676561
2022-11-21 00:00:00,16250.00,16269.00,15479.00,15766.00,5633.48780213
2022-11-22 00:00:00,15757.00,16281.00,15613.00,16197.00,3718.55455894
2022-11-23 00:00:00,16199.00,16647.00,16150.00,16603.00,3505.29313128
2022-11-24 00:00:00,16594.00,16783.00,16456.00,16591.00,2141.48446170
2022-11-25 00:00:00,16589.00,16604.00,16339.00,16508.00,2043.43507991
2022-11-26 00:00:00,16511.00,16685.00,16387.00,16454.00,1503.64131011
2022-11-27 00:00:00,16451.00,16587.00,16402.00,16424.00,1189.79470656
2022-11-28 00:00:00,16420.00,16477.00,16004.00,16210.00,3254.70177817
2022-11-29 00:00:00,16205.00,16529.00,16102.00,16434.00,2310.87079583
2022-11-30 00:00:00,16437.00,17223.00,16430.00,17170.00,4442.42726142
2022-12-01 00:00:00,17166.00,17250.00,16864.00,16977.00,3207.29094124
2022-12-02 00:00:00,16976.00,17102.00,16800.00,17095.00,2329.03284999
2022-12-03 00:00:00,17095.00,17150.00,16868.00,16886.00,1177.01264514
2022-12-04 00:00:00,16893.00,17195.00,16890.00,17114.00,1603.55160130
2022-12-05 00:00:00,17113.00,17418.00,16879.00,16968.00,2251.51957602
2022-12-06 00:00:00,16968.00,17101.00,16914.00,17087.00,1303.37122474
2022-12-07 00:00:00,17091.00,17131.00,16736.00,16836.00,1185.39328287
2022-12-08 00:00:00,16838.00,17296.00,16734.00,17229.00,1724.69349744
2022-12-09 00:00:00,17229.00,17353.00,17073.00,17128.00,1226.70564841
2022-12-10 00:00:00,17129.00,17223.00,17100.00,17128.00,677.74180701
2022-12-11 00:00:00,17128.00,17264.00,17080.00,17091.00,1239.35778560
2022-12-12 00:00:00,17089.00,17240.00,16881.00,17209.00,1695.05652530
2022-12-13 00:00:00,17214.00,18106.00,17093.00,17772.00,3838.86501115
2022-12-14 00:00:00,17771.00,18373.00,17667.00,17803.00,3836.86554644
2022-12-15 00:00:00,17806.00,17853.00,17288.00,17362.00,1887.37172156
2022-12-16 00:00:00,17361.00,17525.00,16572.00,16633.00,2853.96835966
2022-12-17 00:00:00,16635.00,16794.00,16596.00,16781.00,1114.37024438
2022-12-18 00:00:00,16780.00,16850.00,16676.00,16749.00,695.99091766
2022-12-19 00:00:00,16744.00,16815.00,16293.00,16446.00,2157.44154575
2022-12-20 00:00:00,16441.00,17046.00,16402.00,16898.00,2115.97889225
2022-12-21 00:00:00,16899.00,16919.00,16719.00,16824.00,1618.76729861
2022-12-22 00:00:00,16823.00,16863.00,16570.00,16821.00,1946.30526969
2022-12-23 00:00:00,16821.00,16916.00,16750.00,16779.00,2138.44668760
2022-12-24 00:00:00,16779.00,16848.00,16779.00,16839.00,960.32660970
2022-12-25 00:00:00,16839.00,16850.00,16731.00,16828.00,717.96557265
2022-12-26 00:00:00,16828.00,16933.00,16801.00,16917.00,731.85697007
2022-12-27 00:00:00,16920.00,16961.00,16588.00,16700.00,2204.70406525
2022-12-28 00:00:00,16699.00,16772.00,16465.00,16540.00,2220.78816676
2022-12-29 00:00:00,16540.00,16650.00,16486.00,16628.00,1560.43976985
2022-12-30 00:00:00,16628.00,16650.00,16337.00,16603.00,2223.64394181
2022-12-31 00:00:00,16602.00,16627.00,16471.00,16528.00,602.43437164
2023-01-01 00:00:00,16530.00,16622.00,16496.00,16615.00,473.83273801
2023-01-02 00:00:00,16615.00,16782.00,16552.00,16673.00,1046.72743680
2023-01-03 00:00:00,16668.00,16766.00,16605.00,16670.00,1388.07196613
2023-01-04 00:00:00,16673.00,16984.00,16652.00,16849.00,2038.03012252
2023-01-05 00:00:00,16847.00,16871.00,16755.00,16826.00,1131.61941681
2023-01-06 00:00:00,16826.00,17024.00,16669.00,16950.00,1738.57975267
2023-01-07 00:00:00,16951.00,16975.00,16907.00,16945.00,523.75442441
2023-01-08 00:00:00,16946.00,17163.00,16915.00,17119.00,816.57209307
2023-01-09 00:00:00,17124.00,17393.00,17108.00,17179.00,2213.34824624
2023-01-10 00:00:00,17177.00,17490.00,17147.00,17446.00,1354.43514717
2023-01-11 00:00:00,17448.00,17992.00,17318.00,17930.00,1904.45231601
2023-01-12 00:00:00,17948.00,19114.00,17911.00,18853.00,5124.55845338
2023-01-13 00:00:00,18852.00,19991.00,18720.00,19931.00,3765.27425920
2023-01-14 00:00:00,19936.00,21247.00,19895.00,20960.00,6843.48563958
2023-01-15 00:00:00,20961.00,21052.00,20549.00,20885.00,1352.72025796
2023-01-16 00:00:00,20879.00,21456.00,20634.00,21189.00,3236.95717404
2023-01-17 00:00:00,21186.00,21594.00,20863.00,21134.00,2302.39736137
2023-01-18 00:00:00,21136.00,21646.00,20358.00,20670.00,3794.75671744
2023-01-19 00:00:00,20678.00,21185.00,20654.00,21086.00,2391.67069084
2023-01-20 00:00:00,21085.00,22750.00,20869.00,22678.00,2937.14734339
2023-01-21 00:00:00,22670.00,23362.00,22442.00,22783.00,3013.23007247
2023-01-22 00:00:00,22791.00,23076.00,22314.00,22717.00,1548.97073883
2023-01-23 00:00:00,22708.00,23167.00,22525.00,22922.00,1699.03647700
2023-01-24 00:00:00,22922.00,23162.00,22473.00,22637.00,1953.73212508
2023-01-25 00:00:00,22636.00,23815.00,22334.00,23054.00,2582.12043347
2023-01-26 00:00:00,23063.00,23282.00,22866.00,23010.00,1472.74474346
2023-01-27 00:00:00,23011.00,23500.00,22541.00,23083.00,2086.70647505
2023-01-28 00:00:00,23082.00,23187.00,22894.00,23033.00,834.35222550
2023-01-29 00:00:00,23031.00,23954.00,22981.00,23746.00,1620.98279529
2023-01-30 00:00:00,23748.00,23799.00,22504.00,22831.00,2081.82272658
2023-01-31 00:00:00,22831.00,23318.00,22724.00,23127.00,1557.98459142
2023-02-01 00:00:00,23134.00,23810.00,22768.00,23735.00,2468.52240577
2023-02-02 00:00:00,23736.00,24258.00,23377.00,23498.00,2609.58252721
2023-02-03 00:00:00,23503.00,23719.00,23212.00,23434.00,1742.07112849
2023-02-04 00:00:00,23421.00,23582.00,23266.00,23330.00,778.73091268
2023-02-05 00:00:00,23328.00,23428.00,22766.00,22937.00,1525.50154971
2023-02-06 00:00:00,22942.00,23148.00,22643.00,22763.00,1731.60284453
2023-02-07 00:00:00,22761.00,23338.00,22751.00,23252.00,2758.47564405
2023-02-08 00:00:00,23246.00,23439.00,22686.00,22961.00,1236.37140064
2023-02-09 00:00:00,22965.00,23003.00,21700.00,21802.00,2260.78508530
2023-02-10 00:00:00,21803.00,21939.00,21454.00,21639.00,1503.99323818
2023-02-11 00:00:00,21631.00,21904.00,21610.00,21868.00,699.37255295
2023-02-12 00:00:00,21868.00,22086.00,21649.00,21789.00,1481.78576998
2023-02-13 00:00:00,21790.00,21897.00,21376.00,21790.00,1923.03740841
2023-02-14 00:00:00,21790.00,22316.00,21569.00,22211.00,2032.44280719
2023-02-15 00:00:00,22208.00,24374.00,22064.00,24332.00,2316.23830307
2023-02-16 00:00:00,24332.00,25270.00,23520.00,23521.00,3634.80024930
2023-02-17 00:00:00,23518.00,25014.00,23369.00,24580.00,3328.63120407
2023-02-18 00:00:00,24577.00,24869.00,24450.00,24640.00,721.18871725
2023-02-19 00:00:00,24638.00,25183.00,24211.00,24296.00,1717.15816149
2023-02-20 00:00:00,24271.00,25118.00,23862.00,24843.00,1828.53775073
2023-02-21 00:00:00,24843.00,25250.00,24165.00,24450.00,2506.05738181
2023-02-22 00:00:00,24450.00,24474.00,23594.00,24188.00,1951.95970979
2023-02-23 00:00:00,24188.00,24590.00,23636.00,23939.00,2000.28221308
2023-02-24 00:00:00,23939.00,24124.00,22865.00,23189.00,2782.78873072
2023-02-25 00:00:00,23186.00,23215.00,22770.00,23161.00,863.37221739
2023-02-26 00:00:00,23166.00,23678.00,23068.00,23562.00,1019.20088770
2023-02-27 00:00:00,23560.00,23890.00,23126.00,23493.00,1768.12573577
2023-02-28 00:00:00,23497.00,23594.00,23048.00,23136.00,1185.70463735
2023-03-01 00:00:00,23146.00,23990.00,23040.00,23634.00,1748.04686969
2023-03-02 00:00:00,23632.00,23791.00,23206.00,23466.00,1090.90317933
2023-03-03 00:00:00,23469.00,23477.00,22000.00,22359.00,2878.02219561
2023-03-04 00:00:00,22359.00,22401.00,22170.00,22347.00,608.34767678
2023-03-05 00:00:00,22347.00,22652.00,22212.00,22428.00,944.66432972
2023-03-06 00:00:00,22427.00,22590.00,22263.00,22407.00,1156.23472957
2023-03-07 00:00:00,22414.00,22547.00,21931.00,22200.00,1837.72234137
2023-03-08 00:00:00,22197.00,22275.00,21590.00,21704.00,1477.18402948
2023-03-09 00:00:00,21697.00,21824.00,20043.00,20367.00,3373.14910671
2023-03-10 00:00:00,20368.00,20368.00,19569.00,20220.00,4695.23685366
2023-03-11 00:00:00,20226.00,20874.00,19893.00,20618.00,3590.95407524
2023-03-12 00:00:00,20615.00,22269.00,20456.00,22183.00,3599.49467653
2023-03-13 00:00:00,22190.00,24618.00,21900.00,24209.00,6738.26574302
2023-03-14 00:00:00,24210.00,26533.00,24070.00,24750.00,7966.02323163
2023-03-15 00:00:00,24745.00,25273.00,23940.00,24368.00,4368.44571382
2023-03-16 00:00:00,24361.00,25217.00,24229.00,25050.00,2430.85019301
2023-03-17 00:00:00,25051.00,27818.00,24954.00,27466.00,5166.28277037
2023-03-18 00:00:00,27466.00,27776.00,26707.00,26980.00,2933.79686267
2023-03-19 00:00:00,26992.00,28474.00,26900.00,28054.00,2615.71251826
2023-03-20 00:00:00,28081.00,28567.00,27231.00,27815.00,3998.09358215
2023-03-21 00:00:00,27808.00,28497.00,27436.00,28192.00,2955.11628597
2023-03-22 00:00:00,28184.00,28936.00,26688.00,27320.00,5024.21040571
2023-03-23 00:00:00,27320.00,28818.00,27187.00,28343.00,3199.65451220
2023-03-24 00:00:00,28352.00,29380.00,27043.00,27493.00,2789.44951461
2023-03-25 00:00:00,27497.00,27810.00,27210.00,27499.00,963.83840741
2023-03-26 00:00:00,27493.00,28217.00,27453.00,28004.00,1100.20331067
2023-03-27 00:00:00,27992.00,28051.00,26541.00,27142.00,2258.96393636
2023-03-28 00:00:00,27142.00,27514.00,26647.00,27272.00,2137.04196923
2023-03-29 00:00:00,27272.00,28650.00,27258.00,28353.00,2161.81292594
2023-03-30 00:00:00,28353.00,29170.00,27706.00,28039.00,2912.72588690
2023-03-31 00:00:00,28036.00,28653.00,27533.00,28476.00,2301.18236248
2023-04-01 00:00:00,28476.00,28816.00,28237.00,28469.00,656.33679146
2023-04-02 00:00:00,28469.00,28544.00,27891.00,28186.00,689.98223995
2023-04-03 00:00:00,28179.00,28506.00,27236.00,27816.00,2393.22622900
2023-04-04 00:00:00,27820.00,28447.00,27686.00,28178.00,1294.59736105
2023-04-05 00:00:00,28179.00,28782.00,27823.00,28183.00,1576.30733991
2023-04-06 00:00:00,28181.00,28199.00,27723.00,28051.00,1064.88009436
2023-04-07 00:00:00,28054.00,28118.00,27797.00,27931.00,436.47964010
2023-04-08 00:00:00,27931.00,28174.00,27891.00,27969.00,417.76313910
2023-04-09 00:00:00,27968.00,28544.00,27833.00,28340.00,718.54765779
2023-04-10 00:00:00,28353.00,29789.00,28184.00,29652.00,2711.67320655
2023-04-11 00:00:00,29657.00,30575.00,29617.00,30246.00,2689.40489510
2023-04-12 00:00:00,30255.00,30503.00,29689.00,29903.00,1926.94195052
2023-04-13 00:00:00,29914.00,30614.00,29889.00,30410.00,1503.93427177
2023-04-14 00:00:00,30411.00,31035.00,30001.00,30498.00,2540.14059427
2023-04-15 00:00:00,30498.00,30620.00,30249.00,30332.00,560.64010658
2023-04-16 00:00:00,30327.00,30567.00,30157.00,30330.00,656.81163772
2023-04-17 00:00:00,30328.00,30337.00,29247.00,29448.00,2077.00292863
2023-04-18 00:00:00,29452.00,30483.00,29122.00,30395.00,1827.46761436
2023-04-19 00:00:00,30388.00,30423.00,28603.00,28827.00,3869.09654939
2023-04-20 00:00:00,28814.00,29098.00,28005.00,28238.00,2450.06329929
2023-04-21 00:00:00,28240.00,28362.00,27140.00,27254.00,2455.89969552
2023-04-22 00:00:00,27253.00,27883.00,27137.00,27817.00,1010.44737158
2023-04-23 00:00:00,27820.00,27820.00,27347.00,27596.00,798.04552773
2023-04-24 00:00:00,27594.00,27998.00,26981.00,27512.00,2236.65500868
2023-04-25 00:00:00,27515.00,28392.00,27197.00,28300.00,1874.16625132
2023-04-26 00:00:00,28306.00,30022.00,27242.00,28428.00,5277.18704400
2023-04-27 00:00:00,28427.00,29887.00,28389.00,29485.00,3748.60576512
2023-04-28 00:00:00,29486.00,29600.00,28922.00,29333.00,2449.07497740
2023-04-29 00:00:00,29339.00,29460.00,29061.00,29247.00,932.47961185
2023-04-30 00:00:00,29252.00,29961.00,29115.00,29235.00,1415.25506091
2023-05-01 00:00:00,29254.00,29344.00,27666.00,28079.00,2913.86283351
2023-05-02 00:00:00,28079.00,28894.00,27876.00,28680.00,1935.55649138
2023-05-03 00:00:00,28682.00,29276.00,28138.00,29033.00,2838.45231646
2023-05-04 00:00:00,29043.00,29378.00,28691.00,28851.00,1656.27922902
2023-05-05 00:00:00,28860.00,29701.00,28832.00,29547.00,1923.16974421
2023-05-06 00:00:00,29537.00,29851.00,28422.00,28911.00,1443.17174676
2023-05-07 00:00:00,28909.00,29194.00,28444.00,28472.00,1021.45715582
2023-05-08 00:00:00,28485.00,28667.00,27290.00,27690.00,2936.79913382
2023-05-09 00:00:00,27688.00,27841.00,27372.00,27650.00,1573.53076474
2023-05-10 00:00:00,27648.00,28328.00,26842.00,27618.00,2848.94252300
2023-05-11 00:00:00,27624.00,27640.00,26720.00,26991.00,2126.87109348
2023-05-12 00:00:00,26987.00,27093.00,25800.00,26811.00,4842.98246111
2023-05-13 00:00:00,26816.00,27052.00,26710.00,26789.00,1269.30464643
2023-05-14 00:00:00,26805.00,27202.00,26598.00,26933.00,1325.63421938
2023-05-15 00:00:00,26933.00,27666.00,26736.00,27166.00,1805.12956433
2023-05-16 00:00:00,27166.00,27300.00,26868.00,27037.00,1730.33763378
2023-05-17 00:00:00,27037.00,27488.00,26550.00,27404.00,2653.36761994
2023-05-18 00:00:00,27413.00,27481.00,26374.00,26818.00,1987.57678586
2023-05-19 00:00:00,26824.00,27176.00,26651.00,26893.00,1277.23274821
2023-05-20 00:00:00,26889.00,27153.00,26840.00,27115.00,603.01939692
2023-05-21 00:00:00,27123.00,27277.00,26688.00,26750.00,654.14743859
2023-05-22 00:00:00,26753.00,27078.00,26547.00,26856.00,1111.87388791
2023-05-23 00:00:00,26854.00,27478.00,26810.00,27226.00,1174.41963411
2023-05-24 00:00:00,27225.00,27225.00,26076.00,26325.00,2214.54386081
2023-05-25 00:00:00,26325.00,26611.00,25878.00,26478.00,1646.82583790
2023-05-26 00:00:00,26486.00,26937.00,26338.00,26718.00,1666.10237235
2023-05-27 00:00:00,26716.00,26893.00,26566.00,26872.00,636.46388614
2023-05-28 00:00:00,26875.00,28248.00,26785.00,28072.00,1665.64922634
2023-05-29 00:00:00,28071.00,28452.00,27542.00,27749.00,1684.67833372
2023-05-30 00:00:00,27748.00,28054.00,27570.00,27706.00,1567.55117507
2023-05-31 00:00:00,27701.00,27840.00,26857.00,27219.00,1863.47625267
2023-06-01 00:00:00,27220.00,27356.00,26625.00,26826.00,2004.35720265
2023-06-02 00:00:00,26821.00,27300.00,26519.00,27251.00,1671.43445600
2023-06-03 00:00:00,27250.00,27332.00,26937.00,27076.00,772.42193183
2023-06-04 00:00:00,27072.00,27451.00,26963.00,27125.00,789.89956410
2023-06-05 00:00:00,27114.00,27138.00,25389.00,25739.00,3837.59032264
2023-06-06 00:00:00,25730.00,27357.00,25350.00,27236.00,3965.21160442
2023-06-07 00:00:00,27252.00,27388.00,26140.00,26348.00,2996.80495663
2023-06-08 00:00:00,26347.00,26809.00,26225.00,26510.00,1530.42554212
2023-06-09 00:00:00,26507.00,26778.00,26289.00,26484.00,1059.79847008
2023-06-10 00:00:00,26486.00,26528.00,25420.00,25857.00,3074.54228424
2023-06-11 00:00:00,25857.00,26209.00,25657.00,25941.00,1020.99238041
2023-06-12 00:00:00,25940.00,26103.00,25634.00,25906.00,1761.02544893
2023-06-13 00:00:00,25906.00,26422.00,25718.00,25934.00,1895.96796692
2023-06-14 00:00:00,25935.00,26078.00,24819.00,25127.00,2747.12869314
2023-06-15 00:00:00,25125.00,25729.00,24756.00,25573.00,2880.44240822
2023-06-16 00:00:00,25567.00,26485.00,25188.00,26333.00,2556.84039324
2023-06-17 00:00:00,26333.00,26785.00,26173.00,26507.00,1155.48522656
2023-06-18 00:00:00,26513.00,26685.00,26267.00,26340.00,1005.71439822
2023-06-19 00:00:00,26336.00,27050.00,26260.00,26842.00,1828.96524085
2023-06-20 00:00:00,26840.00,28441.00,26651.00,28315.00,3123.51386312
2023-06-21 00:00:00,28316.00,30755.00,28280.00,30009.00,6043.64316714
2023-06-22 00:00:00,30010.00,30505.00,29600.00,29889.00,3777.43149847
2023-06-23 00:00:00,29891.00,31458.00,29820.00,30716.00,4388.38562374
2023-06-24 00:00:00,30703.00,30821.00,30287.00,30548.00,1211.73495461
2023-06-25 00:00:00,30550.00,31047.00,30295.00,30477.00,1480.27114787
2023-06-26 00:00:00,30480.00,30657.00,29941.00,30274.00,2062.07924358
2023-06-27 00:00:00,30278.00,31025.00,30235.00,30696.00,2087.55806488
2023-06-28 00:00:00,30697.00,30712.00,29868.00,30079.00,1867.54566498
2023-06-29 00:00:00,30078.00,30825.00,30041.00,30444.00,1924.61834450
2023-06-30 00:00:00,30445.00,31268.00,29508.00,30469.00,4944.39013815
2023-07-01 00:00:00,30469.00,30647.00,30321.00,30592.00,603.93483950
2023-07-02 00:00:00,30590.00,30785.00,30175.00,30616.00,1091.40198046
2023-07-03 00:00:00,30616.00,31378.00,30587.00,31158.00,1549.49344257
2023-07-04 00:00:00,31165.00,31327.00,30637.00,30771.00,848.52450967
2023-07-05 00:00:00,30767.00,30866.00,30206.00,30501.00,1179.48935068
2023-07-06 00:00:00,30498.00,31500.00,29868.00,29912.00,3087.63379638
2023-07-07 00:00:00,29901.00,30445.00,29722.00,30348.00,1886.47101822
2023-07-08 00:00:00,30348.00,30383.00,30056.00,30293.00,602.99398251
2023-07-09 00:00:00,30293.00,30439.00,30073.00,30167.00,640.48477925
2023-07-10 00:00:00,30170.00,31037.00,29964.00,30421.00,1899.48550714
2023-07-11 00:00:00,30417.00,30804.00,30310.00,30621.00,1275.01882493
2023-07-12 00:00:00,30631.00,30960.00,30219.00,30382.00,1734.61976884
2023-07-13 00:00:00,30383.00,31818.00,30259.00,31471.00,3038.41085113
2023-07-14 00:00:00,31474.00,31635.00,29961.00,30331.00,2687.88498106
2023-07-15 00:00:00,30328.00,30403.00,30260.00,30301.00,483.23087175
2023-07-16 00:00:00,30300.00,30442.00,30067.00,30253.00,999.67578186
2023-07-17 00:00:00,30247.00,30341.00,29675.00,30154.00,1810.61231990
2023-07-18 00:00:00,30144.00,30244.00,29521.00,29868.00,1637.26704348
2023-07-19 00:00:00,29862.00,30188.00,29757.00,29919.00,1446.88422668
2023-07-20 00:00:00,29917.00,30414.00,29567.00,29806.00,1431.36195596
2023-07-21 00:00:00,29806.00,30051.00,29735.00,29908.00,1197.73385418
2023-07-22 00:00:00,29908.00,29995.00,29640.00,29789.00,630.39179913
2023-07-23 00:00:00,29790.00,30342.00,29742.00,30085.00,766.46726746
2023-07-24 00:00:00,30085.00,30099.00,28842.00,29177.00,2817.83813249
2023-07-25 00:00:00,29176.00,29362.00,29054.00,29224.00,1213.49129440
2023-07-26 00:00:00,29224.00,29678.00,29100.00,29354.00,1517.24148332
2023-07-27 00:00:00,29353.00,29563.00,29081.00,29219.00,1313.64370824
2023-07-28 00:00:00,29214.00,29525.00,29121.00,29317.00,1241.48419113
2023-07-29 00:00:00,29316.00,29404.00,29251.00,29360.00,402.48554375
2023-07-30 00:00:00,29360.00,29446.00,29034.00,29279.00,792.17888595
2023-07-31 00:00:00,29279.00,29511.00,29115.00,29231.00,899.87088387
2023-08-01 00:00:00,29221.00,29715.00,28574.00,29696.00,2302.77018850
2023-08-02 00:00:00,29697.00,30025.00,28929.00,29164.00,1990.07126609
2023-08-03 00:00:00,29157.00,29395.00,28925.00,29176.00,1359.65240342
2023-08-04 00:00:00,29175.00,29306.00,28784.00,29077.00,1430.63487436
2023-08-05 00:00:00,29075.00,29107.00,28950.00,29049.00,339.31235387
2023-08-06 00:00:00,29049.00,29159.00,28962.00,29042.00,494.23722676
2023-08-07 00:00:00,29041.00,29244.00,28671.00,29181.00,1440.49544476
2023-08-08 00:00:00,29186.00,30210.00,29107.00,29764.00,2548.20876694
2023-08-09 00:00:00,29776.00,30119.00,29352.00,29565.00,1342.08176495
2023-08-10 00:00:00,29565.00,29703.00,29294.00,29423.00,1091.25819091
2023-08-11 00:00:00,29424.00,29525.00,29222.00,29398.00,839.58343645
2023-08-12 00:00:00,29398.00,29465.00,29350.00,29415.00,349.63678295
2023-08-13 00:00:00,29415.00,29443.00,29254.00,29284.00,357.15476053
2023-08-14 00:00:00,29280.00,29659.00,29086.00,29408.00,1281.10781710
2023-08-15 00:00:00,29408.00,29455.00,29060.00,29172.00,1081.01044207
2023-08-16 00:00:00,29171.00,29224.00,28693.00,28701.00,1798.07617139
2023-08-17 00:00:00,28692.00,28757.00,26266.00,26642.00,4949.55887437
2023-08-18 00:00:00,26632.00,26813.00,25601.00,26051.00,2639.68823694
2023-08-19 00:00:00,26051.00,26264.00,25798.00,26097.00,1021.34929591
2023-08-20 00:00:00,26097.00,26297.00,25979.00,26192.00,711.93303045
2023-08-21 00:00:00,26193.00,26240.00,25828.00,26125.00,1609.35464365
2023-08-22 00:00:00,26125.00,26137.00,25350.00,26042.00,1785.38604286
2023-08-23 00:00:00,26048.00,26800.00,25805.00,26431.00,2472.52719071
2023-08-24 00:00:00,26429.00,26562.00,25852.00,26168.00,1678.62815790
2023-08-25 00:00:00,26169.00,26281.00,25748.00,26048.00,1924.70792940
2023-08-26 00:00:00,26050.00,26102.00,25976.00,26008.00,249.04301850
2023-08-27 00:00:00,26007.00,26168.00,25962.00,26090.00,399.56936642
2023-08-28 00:00:00,26087.00,26223.00,25856.00,26103.00,1212.34458122
2023-08-29 00:00:00,26103.00,28142.00,25913.00,27726.00,4581.62209762
2023-08-30 00:00:00,27722.00,27757.00,27006.00,27300.00,2084.64468373
2023-08-31 00:00:00,27302.00,27537.00,25683.00,25932.00,2809.73176445
2023-09-01 00:00:00,25927.00,26134.00,25333.00,25798.00,1970.68901860
2023-09-02 00:00:00,25801.00,25980.00,25753.00,25870.00,557.92664336
2023-09-03 00:00:00,25870.00,26112.00,25807.00,25970.00,719.53811642
2023-09-04 00:00:00,25972.00,26081.00,25646.00,25819.00,1083.70424928
2023-09-05 00:00:00,25827.00,25862.00,25547.00,25783.00,1006.67988402
2023-09-06 00:00:00,25779.00,26000.00,25386.00,25748.00,1278.20847185
2023-09-07 00:00:00,25750.00,26417.00,25600.00,26245.00,1647.35197985
2023-09-08 00:00:00,26256.00,26429.00,25652.00,25908.00,1649.47774994
2023-09-09 00:00:00,25908.00,25927.00,25801.00,25899.00,436.09095941
2023-09-10 00:00:00,25899.00,26018.00,25588.00,25836.00,876.91159297
2023-09-11 00:00:00,25839.00,25881.00,24920.00,25155.00,2016.08262659
2023-09-12 00:00:00,25157.00,26529.00,25129.00,25844.00,3217.44248767
2023-09-13 00:00:00,25842.00,26395.00,25762.00,26226.00,1566.27745586
2023-09-14 00:00:00,26229.00,26849.00,26143.00,26529.00,2087.02602594
2023-09-15 00:00:00,26529.00,26878.00,26228.00,26607.00,1388.80900435
2023-09-16 00:00:00,26609.00,26767.00,26459.00,26571.00,609.71380340
2023-09-17 00:00:00,26571.00,26618.00,26414.00,26535.00,522.97891573
2023-09-18 00:00:00,26533.00,27422.00,26382.00,26770.00,2015.82966670
2023-09-19 00:00:00,26766.00,27486.00,26682.00,27214.00,1886.73059609
2023-09-20 00:00:00,27220.00,27389.00,26852.00,27128.00,2264.83849151
2023-09-21 00:00:00,27124.00,27177.00,26376.00,26563.00,1557.05559404
2023-09-22 00:00:00,26568.00,26733.00,26479.00,26581.00,683.49903344
2023-09-23 00:00:00,26577.00,26634.00,26519.00,26583.00,263.32261736
2023-09-24 00:00:00,26582.00,26730.00,26148.00,26248.00,778.78029835
2023-09-25 00:00:00,26215.00,26436.00,25977.00,26297.00,1307.38610948
2023-09-26 00:00:00,26298.00,26386.00,26085.00,26208.00,884.58189615
2023-09-27 00:00:00,26203.00,26823.00,26095.00,26361.00,1845.69530452
2023-09-28 00:00:00,26361.00,27297.00,26325.00,27026.00,2763.60813176
2023-09-29 00:00:00,27029.00,27235.00,26682.00,26911.00,1536.61509999
2023-09-30 00:00:00,26910.00,27093.00,26884.00,26966.00,532.60685570
2023-10-01 00:00:00,26965.00,28053.00,26959.00,27995.00,1264.64540463
2023-10-02 00:00:00,27995.00,28592.00,27333.00,27507.00,2577.97315012
2023-10-03 00:00:00,27509.00,27670.00,27170.00,27435.00,1304.18286171
2023-10-04 00:00:00,27431.00,27831.00,27221.00,27790.00,1275.01105837
2023-10-05 00:00:00,27787.00,28125.00,27369.00,27417.00,1535.57836693
2023-10-06 00:00:00,27420.00,28301.00,27185.00,27948.00,1718.75354746
2023-10-07 00:00:00,27945.00,28034.00,27864.00,27971.00,355.00216419
2023-10-08 00:00:00,27976.00,28104.00,27715.00,27933.00,559.68781341
2023-10-09 00:00:00,27930.00,27996.00,27280.00,27594.00,1186.72451465
2023-10-10 00:00:00,27598.00,27733.00,27294.00,27395.00,1183.58370853
2023-10-11 00:00:00,27394.00,27474.00,26533.00,26874.00,2042.77738655
2023-10-12 00:00:00,26870.00,26933.00,26545.00,26756.00,1099.96996575
2023-10-13 00:00:00,26744.00,27108.00,26675.00,26867.00,1292.12786710
2023-10-14 00:00:00,26867.00,26981.00,26800.00,26855.00,421.71980002
2023-10-15 00:00:00,26858.00,27299.00,26814.00,27174.00,758.25452068
2023-10-16 00:00:00,27161.00,29900.00,27123.00,28518.00,4785.41944077
2023-10-17 00:00:00,28520.00,28627.00,28081.00,28408.00,1864.88114061
2023-10-18 00:00:00,28408.00,28984.00,28156.00,28328.00,1413.07638125
2023-10-19 00:00:00,28327.00,28916.00,28138.00,28733.00,1546.73974905
2023-10-20 00:00:00,28734.00,30233.00,28595.00,29688.00,2771.39284798
2023-10-21 00:00:00,29682.00,30364.00,29483.00,29927.00,918.26190297
2023-10-22 00:00:00,29921.00,30247.00,29678.00,30002.00,921.90910142
2023-10-23 00:00:00,30007.00,34283.00,29898.00,33074.00,5126.76615313
2023-10-24 00:00:00,33090.00,35198.00,32852.00,33917.00,5503.07515361
2023-10-25 00:00:00,33928.00,35138.00,33686.00,34498.00,2514.83797747
2023-10-26 00:00:00,34494.00,34834.00,33738.00,34165.00,2077.76612107
2023-10-27 00:00:00,34148.00,34245.00,33407.00,33906.00,2094.03774293
2023-10-28 00:00:00,33902.00,34506.00,33878.00,34091.00,772.85563761
2023-10-29 00:00:00,34090.00,34755.00,33945.00,34538.00,949.33336318
2023-10-30 00:00:00,34549.00,34860.00,34095.00,34495.00,1843.15676539
2023-10-31 00:00:00,34489.00,34730.00,34061.00,34661.00,1565.28762452
2023-11-01 00:00:00,34667.00,35612.00,34102.00,35440.00,2098.16618447
2023-11-02 00:00:00,35440.00,35968.00,34320.00,34937.00,1636.75756043
2023-11-03 00:00:00,34947.00,34947.00,34132.00,34727.00,1346.42679593
2023-11-04 00:00:00,34734.00,35276.00,34609.00,35086.00,789.13294208
2023-11-05 00:00:00,35086.00,35396.00,34495.00,35045.00,816.10442470
2023-11-06 00:00:00,35043.00,35290.00,34766.00,35042.00,1069.01973133
2023-11-07 00:00:00,35061.00,35891.00,34530.00,35414.00,1785.96420873
2023-11-08 00:00:00,35417.00,36150.00,35111.00,35640.00,1364.35565296
2023-11-09 00:00:00,35633.00,37978.00,35578.00,36693.00,3016.28242591
2023-11-10 00:00:00,36700.00,37558.00,36343.00,37319.00,1622.63844082
2023-11-11 00:00:00,37350.00,37422.00,36673.00,37152.00,808.30673359
2023-11-12 00:00:00,37136.00,37237.00,36758.00,37086.00,549.56241452
2023-11-13 00:00:00,37085.00,37421.00,36355.00,36485.00,1510.51918187
2023-11-14 00:00:00,36474.00,36749.00,35002.00,35564.00,1717.04521008
2023-11-15 00:00:00,35558.00,37975.00,35378.00,37877.00,2493.86082433
2023-11-16 00:00:00,37886.00,37960.00,35539.00,36165.00,2074.97812228
2023-11-17 00:00:00,36167.00,36800.00,35891.00,36625.00,1897.08043126
2023-11-18 00:00:00,36626.00,36851.00,36211.00,36590.00,600.63676547
2023-11-19 00:00:00,36591.00,37520.00,36420.00,37426.00,1248.86330778
2023-11-20 00:00:00,37426.00,37769.00,36716.00,37480.00,2466.92303789
2023-11-21 00:00:00,37473.00,37664.00,35758.00,35758.00,2635.34338929
2023-11-22 00:00:00,35762.00,37865.00,35651.00,37424.00,2070.17231920
2023-11-23 00:00:00,37432.00,37649.00,36886.00,37301.00,1022.40658624
2023-11-24 00:00:00,37312.00,38437.00,37266.00,37746.00,1802.03174883
2023-11-25 00:00:00,37750.00,37908.00,37619.00,37809.00,420.03700069
2023-11-26 00:00:00,37811.00,37837.00,37173.00,37460.00,956.68366321
2023-11-27 00:00:00,37467.00,37574.00,36727.00,37240.00,1461.30815081
2023-11-28 00:00:00,37256.00,38420.00,36883.00,37839.00,2929.17942076
2023-11-29 00:00:00,37842.00,38457.00,37597.00,37863.00,1596.97584281
2023-11-30 00:00:00,37864.00,38173.00,37510.00,37719.00,1238.49574253
2023-12-01 00:00:00,37731.00,39000.00,37628.00,38707.00,1584.74431912
2023-12-02 00:00:00,38707.00,39725.00,38663.00,39474.00,1009.37914772
2023-12-03 00:00:00,39474.00,40210.00,39304.00,39989.00,1030.43113816
2023-12-04 00:00:00,39988.00,42404.00,39988.00,41985.00,2457.14266074
2023-12-05 00:00:00,41979.00,44490.00,41415.00,44075.00,2381.71882149
2023-12-06 00:00:00,44087.00,44282.00,43419.00,43764.00,1590.89524265
2023-12-07 00:00:00,43764.00,44044.00,42849.00,43291.00,1537.57678097
2023-12-08 00:00:00,43296.00,44729.00,43078.00,44193.00,1710.26021181
2023-12-09 00:00:00,44210.00,44362.00,43605.00,43712.00,1039.35957631
2023-12-10 00:00:00,43710.00,44038.00,43582.00,43786.00,872.82567587
2023-12-11 00:00:00,43786.00,43801.00,40181.00,41242.00,4261.48533556
2023-12-12 00:00:00,41232.00,42071.00,40649.00,41458.00,1610.56081406
2023-12-13 00:00:00,41483.00,43440.00,40589.00,42888.00,2644.83644066
2023-12-14 00:00:00,42899.00,43409.00,41509.00,43031.00,2002.07782305
2023-12-15 00:00:00,43047.00,43082.00,41664.00,41925.00,1753.91862839
2023-12-16 00:00:00,41926.00,42676.00,41639.00,42246.00,702.47727547
2023-12-17 00:00:00,42228.00,42364.00,41266.00,41345.00,1244.14076490
2023-12-18 00:00:00,41337.00,42732.00,40513.00,42650.00,2330.26582426
2023-12-19 00:00:00,42664.00,43456.00,41794.00,42258.00,2275.97294212
2023-12-20 00:00:00,42257.00,44291.00,42207.00,43665.00,2554.20268131
2023-12-21 00:00:00,43667.00,44240.00,43305.00,43873.00,1843.00224824
2023-12-22 00:00:00,43871.00,44409.00,43430.00,44002.00,1262.69067420
2023-12-23 00:00:00,44011.00,44027.00,43347.00,43733.00,762.80816546
2023-12-24 00:00:00,43730.00,43954.00,42700.00,43033.00,934.47643082
2023-12-25 00:00:00,43015.00,43807.00,42771.00,43591.00,808.86227682
2023-12-26 00:00:00,43587.00,43605.00,41639.00,42510.00,2476.91150728
2023-12-27 00:00:00,42511.00,43698.00,42121.00,43473.00,2029.37372014
2023-12-28 00:00:00,43468.00,43812.00,42288.00,42583.00,1410.60181535
2023-12-29 00:00:00,42587.00,43128.00,41306.00,42072.00,2740.01043427
2023-12-30 00:00:00,42069.00,42599.00,41529.00,42148.00,931.22212329
2023-12-31 00:00:00,42148.00,42867.00,41976.00,42258.00,1192.72615807
2024-01-01 00:00:00,42258.00,44192.00,42188.00,44187.00,1633.49861779
2024-01-02 00:00:00,44187.00,45922.00,44167.00,44970.00,3948.65907593
2024-01-03 00:00:00,44972.00,45510.00,41454.00,42865.00,3980.82805610
2024-01-04 00:00:00,42863.00,44795.00,42656.00,44186.00,2918.11934919
2024-01-05 00:00:00,44195.00,44366.00,42500.00,44184.00,3155.46638326
2024-01-06 00:00:00,44189.00,44253.00,43440.00,43999.00,980.53899688
2024-01-07 00:00:00,43988.00,44500.00,43636.00,43944.00,1747.44187033
2024-01-08 00:00:00,43936.00,47281.00,43213.00,46995.00,3636.86100020
2024-01-09 00:00:00,47012.00,47897.00,44903.00,46124.00,4033.07482445
2024-01-10 00:00:00,46103.00,47751.00,44304.00,46681.00,4041.55249105
2024-01-11 00:00:00,46678.00,49048.00,45600.00,46360.00,4473.02341050
2024-01-12 00:00:00,46343.00,46516.00,41509.00,42778.00,5206.89076802
2024-01-13 00:00:00,42772.00,43246.00,42440.00,42843.00,1045.15461483
2024-01-14 00:00:00,42834.00,43060.00,41704.00,41715.00,1256.25694151
2024-01-15 00:00:00,41701.00,43324.00,41680.00,42493.00,1455.98525511
2024-01-16 00:00:00,42483.00,43566.00,42056.00,43131.00,2368.79032451
2024-01-17 00:00:00,43128.00,43187.00,42172.00,42738.00,1669.71805706
2024-01-18 00:00:00,42738.00,42871.00,40600.00,41283.00,2233.62523855
2024-01-19 00:00:00,41250.00,42152.00,40258.00,41628.00,2637.87840623
2024-01-20 00:00:00,41622.00,41854.00,41428.00,41673.00,751.43386965
2024-01-21 00:00:00,41658.00,41849.00,41485.00,41560.00,466.94666893
2024-01-22 00:00:00,41555.00,41649.00,39437.00,39528.00,3032.78218553
2024-01-23 00:00:00,39515.00,40133.00,38505.00,39868.00,2741.44335926
2024-01-24 00:00:00,39849.00,40515.00,39461.00,40074.00,2648.46142608
2024-01-25 00:00:00,40074.00,40278.00,39531.00,39916.00,2295.83198262
2024-01-26 00:00:00,39929.00,42233.00,39808.00,41818.00,3525.68226372
2024-01-27 00:00:00,41817.00,42187.00,41396.00,42124.00,788.19903211
2024-01-28 00:00:00,42126.00,42824.00,41629.00,42026.00,1354.31455222
2024-01-29 00:00:00,42027.00,43305.00,41804.00,43305.00,2305.13461431
2024-01-30 00:00:00,43302.00,43853.00,42692.00,42946.00,2291.56721174
2024-01-31 00:00:00,42945.00,43738.00,42264.00,42558.00,3286.47977633
2024-02-01 00:00:00,42548.00,43263.00,41859.00,43071.00,1870.52097244
2024-02-02 00:00:00,43075.00,43451.00,42538.00,43183.00,1896.67516524
2024-02-03 00:00:00,43183.00,43352.00,42876.00,42994.00,759.46228085
2024-02-04 00:00:00,42991.00,43097.00,42243.00,42570.00,774.92253866
2024-02-05 00:00:00,42568.00,43515.00,42244.00,42659.00,2029.09192619
2024-02-06 00:00:00,42657.00,43366.00,42521.00,43092.00,1541.85229531
2024-02-07 00:00:00,43093.00,44389.00,42764.00,44346.00,1666.78621772
2024-02-08 00:00:00,44342.00,45587.00,44325.00,45300.00,3101.76569244
2024-02-09 00:00:00,45299.00,48201.00,45252.00,47161.00,3267.79290468
2024-02-10 00:00:00,47156.00,48186.00,46894.00,47770.00,1059.76317922
2024-02-11 00:00:00,47770.00,48601.00,47593.00,48313.00,950.74155544
2024-02-12 00:00:00,48313.00,50333.00,47720.00,49937.00,2595.07694979
2024-02-13 00:00:00,49937.00,50385.00,48325.00,49720.00,2127.39796350
2024-02-14 00:00:00,49728.00,52093.00,49267.00,51844.00,2470.06233311
2024-02-15 00:00:00,51841.00,52884.00,51364.00,51942.00,2580.54668239
2024-02-16 00:00:00,51935.00,52600.00,51615.00,52161.00,1766.36935764
2024-02-17 00:00:00,52163.00,52210.00,50647.00,51664.00,999.96707794
2024-02-18 00:00:00,51661.00,52393.00,51196.00,52130.00,925.21142925
2024-02-19 00:00:00,52155.00,52496.00,51694.00,51789.00,1123.41042877
2024-02-20 00:00:00,51776.00,53015.00,50770.00,52275.00,2464.04913744
2024-02-21 00:00:00,52272.00,52397.00,50611.00,51843.00,2252.90787810
2024-02-22 00:00:00,51857.00,52049.00,50921.00,51253.00,2025.24575372
2024-02-23 00:00:00,51252.00,51507.00,50519.00,50743.00,1923.68472986
2024-02-24 00:00:00,50738.00,51683.00,50581.00,51562.00,508.41676974
2024-02-25 00:00:00,51564.00,51958.00,51282.00,51722.00,587.08498174
2024-02-26 00:00:00,51738.00,54969.00,50909.00,54524.00,2566.50806379
2024-02-27 00:00:00,54534.00,57615.00,54500.00,57068.00,4197.17042096
2024-02-28 00:00:00,57065.00,64000.00,56724.00,62512.00,5991.00971487
2024-02-29 00:00:00,62512.00,63684.00,60365.00,61161.00,4398.26024998
2024-03-01 00:00:00,61161.00,63265.00,60801.00,62444.00,2116.10682875
2024-03-02 00:00:00,62433.00,62488.00,61645.00,62042.00,856.26122565
2024-03-03 00:00:00,62034.00,63249.00,61402.00,63142.00,1242.89272950
2024-03-04 00:00:00,63140.00,68577.00,62376.00,68359.00,4423.23610151
2024-03-05 00:00:00,68359.00,69210.00,59313.00,63796.00,7391.45419230
2024-03-06 00:00:00,63815.00,67645.00,62843.00,66120.00,4235.32811565
2024-03-07 00:00:00,66124.00,68061.00,65623.00,66941.00,3354.92016734
2024-03-08 00:00:00,66928.00,70184.00,66264.00,68285.00,4423.05734977
2024-03-09 00:00:00,68285.00,68685.00,68050.00,68463.00,856.10732179
2024-03-10 00:00:00,68464.00,69999.00,68196.00,69026.00,1987.10943818
2024-03-11 00:00:00,69013.00,72910.00,67120.00,72118.00,5028.35031787
2024-03-12 00:00:00,72105.00,73054.00,68636.00,71473.00,4051.75855118
2024-03-13 00:00:00,71473.00,73679.00,71340.00,73121.00,3647.59207209
2024-03-14 00:00:00,73130.00,73794.00,68555.00,71371.00,4144.37504552
2024-03-15 00:00:00,71387.00,72415.00,65569.00,69516.00,4952.41009755
2024-03-16 00:00:00,69505.00,70069.00,64780.00,65248.00,2215.16496436
2024-03-17 00:00:00,65245.00,68867.00,64522.00,68352.00,2040.41028069
2024-03-18 00:00:00,68344.00,68902.00,66585.00,67613.00,2891.66816826
2024-03-19 00:00:00,67603.00,68123.00,61447.00,61897.00,5318.12575849
2024-03-20 00:00:00,61919.00,68168.00,60760.00,67872.00,4989.90459203
2024-03-21 00:00:00,67842.00,68249.00,64537.00,65485.00,2935.80449282
2024-03-22 00:00:00,65477.00,66631.00,62332.00,63807.00,2420.55836222
2024-03-23 00:00:00,63812.00,66027.00,63016.00,64001.00,1252.51357681
2024-03-24 00:00:00,64007.00,67613.00,63807.00,67188.00,1391.93505712
2024-03-25 00:00:00,67208.00,71213.00,66407.00,69898.00,3049.19168605
2024-03-26 00:00:00,69889.00,71572.00,69257.00,69997.00,2479.94799343
2024-03-27 00:00:00,69999.00,71754.00,68362.00,69421.00,2306.37023009
2024-03-28 00:00:00,69406.00,71587.00,68863.00,70803.00,2146.14929567
2024-03-29 00:00:00,70769.00,70929.00,69073.00,69903.00,1131.13270761
2024-03-30 00:00:00,69934.00,70344.00,69586.00,69613.00,589.84093164
2024-03-31 00:00:00,69616.00,71391.00,69594.00,71285.00,857.97967024
2024-04-01 00:00:00,71296.00,71296.00,68073.00,69699.00,2032.76552736
2024-04-02 00:00:00,69694.00,69706.00,64545.00,65469.00,3531.62054860
2024-04-03 00:00:00,65471.00,66942.00,64511.00,65988.00,1876.12270366
2024-04-04 00:00:00,65984.00,69328.00,65100.00,68538.00,2332.36734433
2024-04-05 00:00:00,68522.00,68767.00,65999.00,67857.00,2200.99431004
2024-04-06 00:00:00,67851.00,69680.00,67476.00,68917.00,729.56296087
2024-04-07 00:00:00,68907.00,70310.00,68858.00,69358.00,1123.92861936
2024-04-08 00:00:00,69336.00,72756.00,69073.00,71613.00,2247.97574988
2024-04-09 00:00:00,71623.00,71748.00,68217.00,69135.00,2320.07201561
2024-04-10 00:00:00,69100.00,71150.00,67482.00,70630.00,2494.31665671
2024-04-11 00:00:00,70638.00,71287.00,69555.00,70015.00,1976.13409975
2024-04-12 00:00:00,70019.00,71236.00,65230.00,67150.00,2855.33007160
2024-04-13 00:00:00,67146.00,67930.00,61308.00,64054.00,3638.57218138
2024-04-14 00:00:00,64039.00,65859.00,62162.00,65749.00,2675.95110563
2024-04-15 00:00:00,65748.00,66900.00,62340.00,63438.00,2619.50946939
2024-04-16 00:00:00,63467.00,64376.00,61654.00,63830.00,2685.27308755
2024-04-17 00:00:00,63821.00,64636.00,59672.00,61278.00,3227.19219541
2024-04-18 00:00:00,61256.00,64182.00,60830.00,63515.00,2353.15232284
2024-04-19 00:00:00,63512.00,65506.00,59629.00,63821.00,3756.32419865
2024-04-20 00:00:00,63847.00,65450.00,63136.00,64990.00,1178.86192275
2024-04-21 00:00:00,64978.00,65710.00,64294.00,64950.00,871.65106463
2024-04-22 00:00:00,64951.00,67241.00,64545.00,66855.00,2019.58758121
2024-04-23 00:00:00,66845.00,67201.00,65837.00,66421.00,1200.34622413
2024-04-24 00:00:00,66413.00,67057.00,63554.00,64259.00,2072.24874267
2024-04-25 00:00:00,64254.00,65286.00,62785.00,64493.00,1851.69406596
2024-04-26 00:00:00,64488.00,64793.00,63306.00,63745.00,1213.85952947
2024-04-27 00:00:00,63746.00,63903.00,62405.00,63429.00,833.17012398
2024-04-28 00:00:00,63417.00,64310.00,62811.00,63098.00,807.23701868
2024-04-29 00:00:00,63106.00,64181.00,61764.00,63832.00,1496.50152656
2024-04-30 00:00:00,63849.00,64714.00,59068.00,60632.00,2740.34760244
2024-05-01 00:00:00,60611.00,60786.00,56500.00,58256.00,3523.30096206
2024-05-02 00:00:00,58272.00,59623.00,56932.00,59099.00,1700.09551590
2024-05-03 00:00:00,59076.00,63340.00,58829.00,62915.00,2560.04102097
2024-05-04 00:00:00,62907.00,64522.00,62585.00,63899.00,1400.47938778
2024-05-05 00:00:00,63901.00,64625.00,62947.00,64021.00,918.78327523
2024-05-06 00:00:00,64024.00,65513.00,62720.00,63164.00,1643.13715228
2024-05-07 00:00:00,63159.00,64389.00,62278.00,62320.00,1357.12199145
2024-05-08 00:00:00,62310.00,62996.00,60873.00,61181.00,1469.20210523
2024-05-09 00:00:00,61143.00,63409.00,60634.00,63075.00,1386.15467473
2024-05-10 00:00:00,63072.00,63876.00,60176.00,60793.00,2229.56085163
2024-05-11 00:00:00,60799.00,61454.00,60474.00,60816.00,516.41893738
2024-05-12 00:00:00,60813.00,61848.00,60600.00,61462.00,638.44732414
2024-05-13 00:00:00,61446.00,63444.00,60758.00,62934.00,1831.88901336
2024-05-14 00:00:00,62917.00,63075.00,61108.00,61543.00,1560.76591250
2024-05-15 00:00:00,61552.00,66471.00,61322.00,66242.00,3794.61266735
2024-05-16 00:00:00,66234.00,66766.00,64598.00,65252.00,1760.07421083
2024-05-17 00:00:00,65252.00,67482.00,65129.00,67053.00,1703.98497047
2024-05-18 00:00:00,67059.00,67391.00,66663.00,66930.00,526.31056179
2024-05-19 00:00:00,66923.00,67654.00,65901.00,66275.00,535.79306702
2024-05-20 00:00:00,66255.00,71500.00,66074.00,71401.00,2681.31745309
2024-05-21 00:00:00,71435.00,71958.00,69156.00,70136.00,1968.84633605
2024-05-22 00:00:00,70155.00,70649.00,68879.00,69118.00,1537.25078005
2024-05-23 00:00:00,69151.00,70024.00,66343.00,67945.00,2160.78304618
2024-05-24 00:00:00,67915.00,69254.00,66623.00,68548.00,1132.91119417
2024-05-25 00:00:00,68549.00,69580.00,68503.00,69275.00,499.49995762
2024-05-26 00:00:00,69288.00,69500.00,68136.00,68489.00,610.50115500
2024-05-27 00:00:00,68471.00,70601.00,68225.00,69392.00,1406.51067265
2024-05-28 00:00:00,69363.00,69513.00,67193.00,68327.00,2285.11775116
2024-05-29 00:00:00,68347.00,68852.00,67096.00,67564.00,1273.08586449
2024-05-30 00:00:00,67566.00,69524.00,67105.00,68338.00,1757.50551322
2024-05-31 00:00:00,68330.00,69010.00,66624.00,67477.00,1880.05905818
2024-06-01 00:00:00,67513.00,67810.00,67387.00,67723.00,368.62403719
2024-06-02 00:00:00,67722.00,68405.00,67281.00,67752.00,544.36062430
2024-06-03 00:00:00,67744.00,70268.00,67590.00,68801.00,2391.37592427
2024-06-04 00:00:00,68798.00,71074.00,68553.00,70564.00,2051.63351034
2024-06-05 00:00:00,70546.00,71759.00,69600.00,71119.00,2051.76991040
2024-06-06 00:00:00,71109.00,71629.00,70116.00,70775.00,1673.76086776
2024-06-07 00:00:00,70771.00,71949.00,68450.00,69326.00,3140.97127160
2024-06-08 00:00:00,69321.00,69538.00,69150.00,69306.00,428.02241418
2024-06-09 00:00:00,69306.00,69840.00,69131.00,69640.00,464.35226548
2024-06-10 00:00:00,69649.00,70167.00,69173.00,69501.00,830.15464417
2024-06-11 00:00:00,69506.00,69548.00,66011.00,67306.00,2436.68224536
2024-06-12 00:00:00,67306.00,70007.00,66911.00,68243.00,2448.03512812
2024-06-13 00:00:00,68240.00,68433.00,66242.00,66733.00,1996.65148870
2024-06-14 00:00:00,66765.00,67314.00,64936.00,65996.00,2391.47091898
2024-06-15 00:00:00,65995.00,66415.00,65828.00,66182.00,659.40470208
2024-06-16 00:00:00,66181.00,66914.00,66010.00,66622.00,738.03468970
2024-06-17 00:00:00,66622.00,67260.00,65066.00,66475.00,2463.17065550
2024-06-18 00:00:00,66475.00,66559.00,64032.00,65145.00,2210.70701056
2024-06-19 00:00:00,65141.00,65702.00,64664.00,64946.00,927.57952823
2024-06-20 00:00:00,64947.00,66455.00,64516.00,64845.00,2185.32362168
2024-06-21 00:00:00,64841.00,65004.00,63356.00,64102.00,1656.40021868
2024-06-22 00:00:00,64116.00,64491.00,63917.00,64233.00,277.84084542
2024-06-23 00:00:00,64245.00,64490.00,63136.00,63154.00,633.14997106
2024-06-24 00:00:00,63152.00,63302.00,58456.00,60252.00,3965.34722322
2024-06-25 00:00:00,60250.00,62395.00,60223.00,61789.00,2662.52829079
2024-06-26 00:00:00,61798.00,62458.00,60675.00,60807.00,1392.69465818
2024-06-27 00:00:00,60820.00,62323.00,60561.00,61622.00,1601.14628175
2024-06-28 00:00:00,61609.00,62151.00,59923.00,60315.00,1742.50478624
2024-06-29 00:00:00,60312.00,61114.00,60296.00,60879.00,580.79352981
2024-06-30 00:00:00,60882.00,62931.00,60620.00,62676.00,969.08894969
2024-07-01 00:00:00,62676.00,63794.00,62465.00,62829.00,1936.67850292
2024-07-02 00:00:00,62822.00,63211.00,61731.00,62033.00,1129.73936644
2024-07-03 00:00:00,62046.00,62196.00,59334.00,60142.00,2033.06355480
2024-07-04 00:00:00,60165.00,60430.00,56748.00,57045.00,2423.25294936
2024-07-05 00:00:00,57030.00,57500.00,53550.00,56632.00,3234.22856310
2024-07-06 00:00:00,56632.00,58488.00,56044.00,58251.00,1203.36563905
2024-07-07 00:00:00,58253.00,58441.00,55729.00,55829.00,1080.88868598
2024-07-08 00:00:00,55852.00,58200.00,54296.00,56710.00,3198.87849576
2024-07-09 00:00:00,56697.00,58278.00,56300.00,58033.00,2404.89549090
2024-07-10 00:00:00,58028.00,59459.00,57152.00,57733.00,1861.63028273
2024-07-11 00:00:00,57700.00,59516.00,57072.00,57348.00,2085.43922834
2024-07-12 00:00:00,57345.00,58539.00,56551.00,57889.00,2139.09979841
2024-07-13 00:00:00,57907.00,59853.00,57783.00,59226.00,1402.77014751
2024-07-14 00:00:00,59257.00,61424.00,59257.00,60823.00,1472.24156208
2024-07-15 00:00:00,60827.00,64926.00,60685.00,64769.00,3739.21959674
2024-07-16 00:00:00,64759.00,65403.00,62446.00,65081.00,3199.09903583
2024-07-17 00:00:00,65081.00,66129.00,63890.00,64091.00,1880.49090986
2024-07-18 00:00:00,64104.00,65108.00,63227.00,63964.00,1526.40752618
2024-07-19 00:00:00,63977.00,67466.00,63303.00,66705.00,3112.28542050
2024-07-20 00:00:00,66705.00,67617.00,66284.00,67155.00,1186.52410101
2024-07-21 00:00:00,67164.00,68364.00,65833.00,68158.00,1881.46231613
2024-07-22 00:00:00,68170.00,68486.00,66583.00,67562.00,2375.20572016
2024-07-23 00:00:00,67561.00,67776.00,65452.00,65944.00,2417.17885430
2024-07-24 00:00:00,65943.00,67112.00,65117.00,65376.00,1796.81531975
2024-07-25 00:00:00,65363.00,66135.00,63424.00,65796.00,2022.67493049
2024-07-26 00:00:00,65794.00,68214.00,65712.00,67921.00,1786.03393977
2024-07-27 00:00:00,67952.00,69404.00,66637.00,67892.00,1875.17940599
2024-07-28 00:00:00,67837.00,68298.00,67064.00,68264.00,861.95803297
2024-07-29 00:00:00,68240.00,70016.00,66445.00,66780.00,2363.69521213
2024-07-30 00:00:00,66765.00,66983.00,65302.00,66171.00,1561.08596850
2024-07-31 00:00:00,66170.00,66814.00,64507.00,64612.00,1629.25774256
2024-08-01 00:00:00,64612.00,65568.00,62233.00,65293.00,2890.60704678
2024-08-02 00:00:00,65293.00,65548.00,61169.00,61421.00,3479.04685468
2024-08-03 00:00:00,61419.00,62151.00,59839.00,60672.00,1821.49896119
2024-08-04 00:00:00,60669.00,61073.00,57155.00,58142.00,2394.63310114
2024-08-05 00:00:00,58137.00,58280.00,49577.00,54014.00,8238.87212141
2024-08-06 00:00:00,54040.00,57058.00,53977.00,56053.00,3769.72498337
2024-08-07 00:00:00,56048.00,57737.00,54568.00,55136.00,3993.76663285
2024-08-08 00:00:00,55132.00,62729.00,54748.00,61699.00,3876.67202263
2024-08-09 00:00:00,61733.00,61740.00,59571.00,60860.00,2241.31073361
2024-08-10 00:00:00,60842.00,61476.00,60270.00,60952.00,1018.51751275
2024-08-11 00:00:00,60940.00,61868.00,58315.00,58725.00,1496.95386612
2024-08-12 00:00:00,58718.00,60700.00,57681.00,59362.00,3412.56068233
2024-08-13 00:00:00,59361.00,61600.00,58455.00,60620.00,2874.93115361
2024-08-14 00:00:00,60607.00,61809.00,58456.00,58697.00,3027.98966223
2024-08-15 00:00:00,58694.00,59851.00,56138.00,57557.00,3240.34341745
2024-08-16 00:00:00,57556.00,59841.00,57104.00,58883.00,2945.17331922
2024-08-17 00:00:00,58883.00,59704.00,58828.00,59487.00,913.41960834
2024-08-18 00:00:00,59487.00,60271.00,58414.00,58430.00,1375.04482657
2024-08-19 00:00:00,58440.00,59631.00,57844.00,59497.00,2045.09787264
2024-08-20 00:00:00,59462.00,61424.00,58553.00,59012.00,2569.37875690
2024-08-21 00:00:00,59012.00,61838.00,58816.00,61159.00,2508.01462281
2024-08-22 00:00:00,61169.00,61416.00,59774.00,60383.00,1929.30627319
2024-08-23 00:00:00,60383.00,64988.00,60348.00,64085.00,3470.07123728
2024-08-24 00:00:00,64095.00,64506.00,63594.00,64174.00,1163.89809817
2024-08-25 00:00:00,64176.00,65103.00,63814.00,64262.00,918.66616491
2024-08-26 00:00:00,64248.00,64502.00,62826.00,62852.00,1460.73492982
2024-08-27 00:00:00,62822.00,63236.00,58090.00,59427.00,2540.60072662
2024-08-28 00:00:00,59433.00,60212.00,57866.00,59033.00,2782.47691366
2024-08-29 00:00:00,59033.00,61182.00,58701.00,59365.00,2511.22388288
2024-08-30 00:00:00,59363.00,59905.00,57721.00,59113.00,2039.74822306
2024-08-31 00:00:00,59113.00,59431.00,58750.00,58967.00,738.75417566
2024-09-01 00:00:00,58967.00,59060.00,57205.00,57310.00,1650.43196007
2024-09-02 00:00:00,57278.00,59411.00,57131.00,59133.00,1642.91265395
2024-09-03 00:00:00,59123.00,59803.00,57402.00,57493.00,1476.93435490
2024-09-04 00:00:00,57506.00,58518.00,55602.00,57956.00,2077.78659826
2024-09-05 00:00:00,57974.00,58315.00,55649.00,56158.00,1485.69244111
2024-09-06 00:00:00,56179.00,56984.00,52546.00,53955.00,2938.39817610
2024-09-07 00:00:00,53947.00,54839.00,53731.00,54147.00,1046.86393200
2024-09-08 00:00:00,54150.00,55306.00,53636.00,54866.00,1237.77945151
2024-09-09 00:00:00,54876.00,58070.00,54587.00,57059.00,2644.12002332
2024-09-10 00:00:00,57056.00,58042.00,56406.00,57659.00,1878.56149502
2024-09-11 00:00:00,57646.00,58000.00,55554.00,57342.00,3024.35845323
2024-09-12 00:00:00,57342.00,58560.00,57335.00,58139.00,2392.01885139
2024-09-13 00:00:00,58139.00,60670.00,57640.00,60545.00,2622.28151587
2024-09-14 00:00:00,60551.00,60655.00,59438.00,60012.00,744.81553897
2024-09-15 00:00:00,60012.00,60388.00,58708.00,59130.00,1377.74210648
2024-09-16 00:00:00,59121.00,59209.00,57488.00,58212.00,1692.12077561
2024-09-17 00:00:00,58208.00,61331.00,57627.00,60316.00,2677.19875968
2024-09-18 00:00:00,60318.00,61787.00,59189.00,61757.00,3237.83084540
2024-09-19 00:00:00,61765.00,63882.00,61584.00,62940.00,3050.81602877
2024-09-20 00:00:00,62950.00,64121.00,62353.00,63211.00,1646.72507369
2024-09-21 00:00:00,63189.00,63574.00,62760.00,63364.00,578.82075001
2024-09-22 00:00:00,63364.00,63990.00,62390.00,63563.00,932.57108331
2024-09-23 00:00:00,63577.00,64730.00,62585.00,63325.00,1113.07851811
2024-09-24 00:00:00,63360.00,64677.00,62720.00,64260.00,1621.50232416
2024-09-25 00:00:00,64291.00,64795.00,62941.00,63147.00,1172.76426267
2024-09-26 00:00:00,63121.00,65851.00,62675.00,65175.00,1758.77420578
2024-09-27 00:00:00,65171.00,66508.00,64840.00,65781.00,1261.81543351
2024-09-28 00:00:00,65809.00,66255.00,65442.00,65876.00,557.50374744
2024-09-29 00:00:00,65875.00,66071.00,65450.00,65601.00,487.19186994
2024-09-30 00:00:00,65605.00,65634.00,62859.00,63302.00,1759.70729545
2024-10-01 00:00:00,63331.00,64122.00,60164.00,60807.00,2797.97709897
2024-10-02 00:00:00,60760.00,62350.00,59972.00,60634.00,2437.72512955
2024-10-03 00:00:00,60627.00,61461.00,59860.00,60745.00,1412.60368684
2024-10-04 00:00:00,60747.00,62473.00,60474.00,62081.00,1394.47802907
2024-10-05 00:00:00,62080.00,62368.00,61699.00,62063.00,449.65424183
2024-10-06 00:00:00,62057.00,62962.00,61816.00,62814.00,846.73208591
2024-10-07 00:00:00,62831.00,64444.00,62130.00,62212.00,1815.26837202
2024-10-08 00:00:00,62211.00,63172.00,61839.00,62133.00,1116.30278349
2024-10-09 00:00:00,62114.00,62503.00,60268.00,60582.00,1354.90943313
2024-10-10 00:00:00,60589.00,61246.00,58867.00,60278.00,1799.48728956
2024-10-11 00:00:00,60278.00,63409.00,60041.00,62452.00,1582.70508322
2024-10-12 00:00:00,62511.00,63455.00,62474.00,63194.00,685.69286582
2024-10-13 00:00:00,63193.00,63271.00,62039.00,62849.00,653.16610878
2024-10-14 00:00:00,62850.00,66479.00,62450.00,66070.00,2390.38938585
2024-10-15 00:00:00,66070.00,67922.00,64802.00,67061.00,2488.99178965
2024-10-16 00:00:00,67061.00,68388.00,66744.00,67622.00,1716.95969807
2024-10-17 00:00:00,67608.00,67914.00,66631.00,67392.00,1298.22146294
2024-10-18 00:00:00,67392.00,68998.00,67176.00,68420.00,1434.33126968
2024-10-19 00:00:00,68420.00,68668.00,68020.00,68359.00,414.91156597
2024-10-20 00:00:00,68367.00,69363.00,68102.00,69011.00,606.10309373
2024-10-21 00:00:00,69011.00,69487.00,66815.00,67340.00,1752.72054327
2024-10-22 00:00:00,67345.00,67784.00,66559.00,67382.00,1626.85964560
2024-10-23 00:00:00,67382.00,67409.00,65000.00,66601.00,1927.84170953
2024-10-24 00:00:00,66602.00,68800.00,66455.00,68155.00,2140.08818467
2024-10-25 00:00:00,68155.00,68726.00,65521.00,66578.00,2730.81362994
2024-10-26 00:00:00,66576.00,67352.00,66344.00,67003.00,489.32578253
2024-10-27 00:00:00,67009.00,68232.00,66850.00,67938.00,739.97895752
2024-10-28 00:00:00,67937.00,70218.00,67541.00,69918.00,2063.86332457
2024-10-29 00:00:00,69918.00,73600.00,69716.00,72729.00,3975.69020310
2024-10-30 00:00:00,72727.00,72928.00,71313.00,72331.00,2263.68354591
2024-10-31 00:00:00,72330.00,72660.00,69591.00,70231.00,1776.40915493
2024-11-01 00:00:00,70202.00,71596.00,68768.00,69490.00,2717.47179295
2024-11-02 00:00:00,69468.00,69887.00,69015.00,69330.00,1047.12468684
2024-11-03 00:00:00,69339.00,69354.00,67459.00,68738.00,1915.47157334
2024-11-04 00:00:00,68738.00,69444.00,66798.00,67818.00,2538.34080221
2024-11-05 00:00:00,67817.00,70538.00,67443.00,69386.00,2370.70518293
2024-11-06 00:00:00,69396.00,76481.00,69284.00,75637.00,7732.00129394
2024-11-07 00:00:00,75638.00,76990.00,74479.00,75921.00,3265.43357289
2024-11-08 00:00:00,75918.00,77270.00,75665.00,76561.00,2466.52573117
2024-11-09 00:00:00,76560.00,76941.00,75648.00,76722.00,837.82745419
2024-11-10 00:00:00,76707.00,81482.00,76554.00,80425.00,2739.76560525
2024-11-11 00:00:00,80426.00,89643.00,80280.00,88770.00,6695.15671543
2024-11-12 00:00:00,88771.00,90243.00,85121.00,88031.00,8037.51453432
2024-11-13 00:00:00,88038.00,93483.00,86263.00,90521.00,7338.02972770
2024-11-14 00:00:00,90498.00,91804.00,86685.00,87333.00,3805.76164090
2024-11-15 00:00:00,87298.00,91909.00,87119.00,91070.00,4491.15106913
2024-11-16 00:00:00,91069.00,91778.00,90100.00,90608.00,1538.87717754
2024-11-17 00:00:00,90643.00,91429.00,88709.00,89861.00,2016.09767635
2024-11-18 00:00:00,89865.00,92624.00,89392.00,90512.00,4276.18821636
2024-11-19 00:00:00,90514.00,94057.00,90407.00,92424.00,3884.88262437
2024-11-20 00:00:00,92434.00,94942.00,91407.00,94373.00,9293.97029198
2024-11-21 00:00:00,94374.00,99121.00,94106.00,98451.00,7280.76958238
2024-11-22 00:00:00,98451.00,99800.00,97236.00,99013.00,4646.09454486
2024-11-23 00:00:00,99010.00,99015.00,97226.00,97775.00,1719.12474462
2024-11-24 00:00:00,97765.00,98660.00,95796.00,98007.00,1814.00757210
2024-11-25 00:00:00,98021.00,98966.00,92584.00,93035.00,2969.54841533
2024-11-26 00:00:00,93006.00,94999.00,90742.00,91928.00,3575.09743077
2024-11-27 00:00:00,91929.00,97353.00,91760.00,95978.00,2999.13415798
2024-11-28 00:00:00,95945.00,96658.00,94670.00,95661.00,2070.27076830
2024-11-29 00:00:00,95670.00,98745.00,95410.00,97512.00,2410.84197795
2024-11-30 00:00:00,97510.00,97510.00,96112.00,96441.00,646.22078077
2024-12-01 00:00:00,96471.00,97880.00,95758.00,97291.00,884.65566050
2024-12-02 00:00:00,97260.00,98200.00,94403.00,95859.00,3225.02101630
2024-12-03 00:00:00,95858.00,96301.00,93590.00,95926.00,3484.90912488
2024-12-04 00:00:00,95926.00,99250.00,94661.00,98773.00,4309.94473587
2024-12-05 00:00:00,98751.00,103647.00,92092.00,97057.00,7450.45018748
2024-12-06 00:00:00,96968.00,102098.00,96463.00,99898.00,2613.21105227
2024-12-07 00:00:00,99898.00,100575.00,99121.00,99929.00,587.87674509
2024-12-08 00:00:00,99969.00,101407.00,98752.00,101204.00,1073.32763391
2024-12-09 00:00:00,101188.00,101271.00,94249.00,97468.00,2468.79283854
2024-12-10 00:00:00,97318.00,98300.00,94306.00,96648.00,2092.49724122
2024-12-11 00:00:00,96658.00,101961.00,95725.00,101201.00,2196.18137510
2024-12-12 00:00:00,101238.00,102582.00,99309.00,100068.00,1393.19342191
2024-12-13 00:00:00,99998.00,101918.00,99250.00,101435.00,1030.49421453
2024-12-14 00:00:00,101433.00,102643.00,100643.00,101382.00,566.53660890
2024-12-15 00:00:00,101408.00,105149.00,101243.00,104427.00,1369.98798554
2024-12-16 00:00:00,104476.00,107821.00,103322.00,106073.00,2171.77263705
2024-12-17 00:00:00,106109.00,108364.00,105363.00,106187.00,1405.93900566
2024-12-18 00:00:00,106214.00,106523.00,99997.00,100153.00,2557.28814854
2024-12-19 00:00:00,100133.00,102747.00,95537.00,97375.00,3425.50154490
2024-12-20 00:00:00,97416.00,98123.00,92118.00,97760.00,2706.24143724
2024-12-21 00:00:00,97745.00,99514.00,96399.00,97211.00,1740.04323929
2024-12-22 00:00:00,97245.00,97376.00,94200.00,95098.00,2075.50874332
2024-12-23 00:00:00,95100.00,96420.00,92389.00,94750.00,2428.60426472
2024-12-24 00:00:00,94750.00,99419.00,93461.00,98596.00,1444.53568991
2024-12-25 00:00:00,98637.00,99478.00,97576.00,99374.00,849.51224828
2024-12-26 00:00:00,99357.00,99881.00,95111.00,95687.00,1501.36776618
2024-12-27 00:00:00,95666.00,97337.00,93282.00,94168.00,2416.24232245
2024-12-28 00:00:00,94159.00,95529.00,94026.00,95139.00,839.50518103
2024-12-29 00:00:00,95119.00,95124.00,92868.00,93557.00,851.80554921
2024-12-30 00:00:00,93564.00,94891.00,91315.00,92628.00,1841.04308392
2024-12-31 00:00:00,92637.00,96117.00,91900.00,93381.00,1128.82793677
2025-01-01 00:00:00,93347.00,94951.00,92768.00,94388.00,777.13942547
2025-01-02 00:00:00,94380.00,97745.00,94205.00,96907.00,1219.19370744
2025-01-03 00:00:00,96895.00,98951.00,96042.00,98133.00,1159.41909795
2025-01-04 00:00:00,98133.00,98753.00,97540.00,98209.00,445.49130336
2025-01-05 00:00:00,98218.00,98799.00,97277.00,98327.00,454.72019157
2025-01-06 00:00:00,98389.00,102514.00,97919.00,102280.00,1742.61289193
2025-01-07 00:00:00,102278.00,102760.00,96130.00,96946.00,1490.59996722
2025-01-08 00:00:00,96922.00,97248.00,92502.00,95065.00,2081.04462750
2025-01-09 00:00:00,95034.00,95333.00,91215.00,92542.00,1877.80058869
2025-01-10 00:00:00,92545.00,95797.00,92227.00,94702.00,1798.96999215
2025-01-11 00:00:00,94702.00,94975.00,93843.00,94568.00,639.87740098
2025-01-12 00:00:00,94573.00,95363.00,93685.00,94497.00,570.97876662
2025-01-13 00:00:00,94498.00,95846.00,89164.00,94505.00,2125.86232734
2025-01-14 00:00:00,94537.00,97339.00,94345.00,96523.00,1477.80944326
2025-01-15 00:00:00,96560.00,100715.00,96474.00,100512.00,1811.81706595
2025-01-16 00:00:00,100512.00,100860.00,97319.00,99975.00,1817.77460574
2025-01-17 00:00:00,99975.00,105932.00,99944.00,104119.00,3087.39708067
2025-01-18 00:00:00,104119.00,104909.00,102238.00,104436.00,1306.42802809
2025-01-19 00:00:00,104432.00,106294.00,99528.00,101237.00,2602.44233467
2025-01-20 00:00:00,101191.00,109356.00,99462.00,102141.00,3921.86906882
2025-01-21 00:00:00,102155.00,107265.00,100087.00,106149.00,3058.41033426
2025-01-22 00:00:00,106149.00,106370.00,103322.00,103632.00,1713.55368827
2025-01-23 00:00:00,103659.00,106848.00,101233.00,103933.00,3790.17304182
2025-01-24 00:00:00,103922.00,107149.00,102754.00,104855.00,1725.23369955
2025-01-25 00:00:00,104855.00,105237.00,104126.00,104738.00,735.89058503
2025-01-26 00:00:00,104741.00,105424.00,102450.00,102573.00,798.34131897
2025-01-27 00:00:00,102573.00,103186.00,97750.00,102090.00,3210.12625421
2025-01-28 00:00:00,102065.00,103745.00,100225.00,101292.00,1721.67321227
2025-01-29 00:00:00,101291.00,104769.00,101288.00,103747.00,1535.93165933
2025-01-30 00:00:00,103768.00,106447.00,103313.00,104738.00,1543.13930195
2025-01-31 00:00:00,104737.00,106046.00,101303.00,102412.00,2016.51235916
2025-02-01 00:00:00,102408.00,102754.00,100270.00,100638.00,785.48911683
2025-02-02 00:00:00,100638.00,101430.00,96168.00,97675.00,1747.97820698
2025-02-03 00:00:00,97670.00,102569.00,91530.00,101457.00,4081.88402077
2025-02-04 00:00:00,101456.00,101785.00,96147.00,97786.00,2068.16739103
2025-02-05 00:00:00,97809.00,99168.00,96181.00,96614.00,1576.92222741
2025-02-06 00:00:00,96614.00,99174.00,95678.00,96573.00,1723.92521071
2025-02-07 00:00:00,96566.00,100185.00,95662.00,96535.00,1936.93167774
2025-02-08 00:00:00,96534.00,96896.00,95700.00,96472.00,615.71243239
2025-02-09 00:00:00,96472.00,97337.00,94726.00,96477.00,1008.66870716
2025-02-10 00:00:00,96533.00,98349.00,95307.00,97469.00,994.10887876
2025-02-11 00:00:00,97465.00,98490.00,94853.00,95754.00,1284.47141085
2025-02-12 00:00:00,95756.00,98144.00,94091.00,97882.00,1476.47049215
2025-02-13 00:00:00,97882.00,98091.00,95249.00,96627.00,857.75893529
2025-02-14 00:00:00,96631.00,98871.00,96300.00,97520.00,1251.27268760
2025-02-15 00:00:00,97515.00,97974.00,97237.00,97591.00,335.74480408
2025-02-16 00:00:00,97591.00,97727.00,96066.00,96132.00,445.57381146
2025-02-17 00:00:00,96066.00,97014.00,95227.00,95772.00,800.63807134
2025-02-18 00:00:00,95779.00,96714.00,93340.00,95612.00,1415.52902397
2025-02-19 00:00:00,95612.00,96866.00,95011.00,96642.00,1420.10472761
2025-02-20 00:00:00,96639.00,98758.00,96439.00,98337.00,1681.57650135
2025-02-21 00:00:00,98335.00,99508.00,94805.00,96131.00,2838.77561898
2025-02-22 00:00:00,96137.00,96967.00,95750.00,96572.00,795.72262624
2025-02-23 00:00:00,96571.00,96666.00,95260.00,96262.00,539.91447530
2025-02-24 00:00:00,96264.00,96492.00,91330.00,91554.00,1692.14741385
2025-02-25 00:00:00,91516.00,92512.00,85953.00,88576.00,4284.62546279
2025-02-26 00:00:00,88573.00,89279.00,82133.00,84071.00,3118.75478282
2025-02-27 00:00:00,84150.00,86988.00,82615.00,84639.00,2559.94908433
2025-02-28 00:00:00,84621.00,85082.00,78197.00,84321.00,3567.36797341
2025-03-01 00:00:00,84316.00,86517.00,83803.00,86033.00,1461.96601707
2025-03-02 00:00:00,86031.00,95152.00,85029.00,94273.00,3153.02965002
2025-03-03 00:00:00,94272.00,94422.00,85069.00,86160.00,2856.70424439
2025-03-04 00:00:00,86161.00,88922.00,81463.00,87240.00,3206.20571035
2025-03-05 00:00:00,87262.00,90993.00,86397.00,90611.00,1832.66540574
2025-03-06 00:00:00,90590.00,92790.00,87835.00,89918.00,2169.68972472
2025-03-07 00:00:00,89922.00,91277.00,84713.00,86759.00,3286.78015466
2025-03-08 00:00:00,86754.00,86861.00,85190.00,86192.00,579.74911104
2025-03-09 00:00:00,86204.00,86469.00,80000.00,80708.00,1710.17938787
2025-03-10 00:00:00,80728.00,84007.00,77393.00,78561.00,2977.79268756
2025-03-11 00:00:00,78599.00,83568.00,76600.00,82869.00,2656.56371178
2025-03-12 00:00:00,82941.00,84437.00,80607.00,83620.00,2469.21846953
2025-03-13 00:00:00,83677.00,84287.00,79910.00,81079.00,1830.00089168
2025-03-14 00:00:00,81084.00,85294.00,80801.00,83975.00,1986.99511377
2025-03-15 00:00:00,83984.00,84672.00,83633.00,84347.00,486.19010212
2025-03-16 00:00:00,84362.00,85059.00,81983.00,82555.00,1178.20234353
2025-03-17 00:00:00,82569.00,84741.00,82466.00,84058.00,1198.89639605
2025-03-18 00:00:00,83930.00,83989.00,81138.00,82715.00,1290.21505333
2025-03-19 00:00:00,82694.00,87010.00,82567.00,86868.00,1926.60953491
2025-03-20 00:00:00,86870.00,87470.00,83631.00,84158.00,1877.13235545
2025-03-21 00:00:00,84179.00,84801.00,83142.00,84061.00,1146.50782993
2025-03-22 00:00:00,84050.00,84490.00,83682.00,83823.00,316.86484991
2025-03-23 00:00:00,83806.00,86116.00,83806.00,86084.00,649.91397891
2025-03-24 00:00:00,86084.00,88772.00,85541.00,87512.00,1888.33413141
2025-03-25 00:00:00,87488.00,88539.00,86321.00,87436.00,2134.77215325
2025-03-26 00:00:00,87448.00,88296.00,85869.00,86913.00,1552.95977276
2025-03-27 00:00:00,86966.00,87755.00,85828.00,87219.00,1289.37289710
2025-03-28 00:00:00,87224.00,87481.00,83544.00,84379.00,1392.33624956
2025-03-29 00:00:00,84384.00,84561.00,81629.00,82608.00,745.39345360
2025-03-30 00:00:00,82608.00,83500.00,81551.00,82359.00,840.38263469
2025-03-31 00:00:00,82367.00,83914.00,81287.00,82538.00,1937.33727970
2025-04-01 00:00:00,82537.00,85530.00,82417.00,85170.00,1504.00240153
2025-04-02 00:00:00,85171.00,88563.00,81188.00,82502.00,2861.64666347
2025-04-03 00:00:00,82477.00,83896.00,81200.00,83132.00,1777.45240819
2025-04-04 00:00:00,83182.00,84708.00,81659.00,83851.00,2005.88282699
2025-04-05 00:00:00,83852.00,84226.00,82358.00,83507.00,518.18185430
2025-04-06 00:00:00,83514.00,83741.00,77098.00,78342.00,2165.48130222
2025-04-07 00:00:00,78381.00,81180.00,74434.00,79127.00,4083.99710956
2025-04-08 00:00:00,79134.00,80836.00,76159.00,76244.00,2245.50901040
2025-04-09 00:00:00,76252.00,83565.00,74588.00,82595.00,4038.27621051
2025-04-10 00:00:00,82594.00,82722.00,78424.00,79543.00,1564.07737754
2025-04-11 00:00:00,79558.00,84257.00,78942.00,83384.00,1728.84098877
2025-04-12 00:00:00,83384.00,85892.00,82784.00,85274.00,847.63757574
2025-04-13 00:00:00,85277.00,86084.00,83031.00,83712.00,1210.92223051
2025-04-14 00:00:00,83774.00,85787.00,83680.00,84583.00,1425.88175716
2025-04-15 00:00:00,84583.00,86450.00,83612.00,83686.00,1162.91179825
2025-04-16 00:00:00,83632.00,85528.00,83102.00,84046.00,1593.44839937
2025-04-17 00:00:00,84045.00,85478.00,83751.00,84954.00,1119.58782405
2025-04-18 00:00:00,84954.00,85121.00,84310.00,84468.00,323.24096242
2025-04-19 00:00:00,84466.00,85611.00,84367.00,85069.00,631.49083813
2025-04-20 00:00:00,85074.00,85305.00,83974.00,85198.00,462.80974618
2025-04-21 00:00:00,85197.00,88527.00,85134.00,87505.00,2179.81586603
2025-04-22 00:00:00,87505.00,93928.00,87094.00,93481.00,2859.46920600
2025-04-23 00:00:00,93482.00,94700.00,91970.00,93730.00,2423.42691580
2025-04-24 00:00:00,93730.00,94035.00,91700.00,94010.00,1192.70817510
2025-04-25 00:00:00,94010.00,95857.00,92891.00,94726.00,2287.68750103
2025-04-26 00:00:00,94720.00,95249.00,93934.00,94662.00,518.68073079
2025-04-27 00:00:00,94662.00,95353.00,93685.00,93769.00,582.20526798
2025-04-28 00:00:00,93780.00,95633.00,92846.00,95041.00,1571.43868511
2025-04-29 00:00:00,95040.00,95479.00,93775.00,94285.00,877.67378025
2025-04-30 00:00:00,94284.00,95269.00,92946.00,94181.00,1384.24362580
2025-05-01 00:00:00,94181.00,97470.00,94141.00,96535.00,1742.18663518
2025-05-02 00:00:00,96557.00,97938.00,96399.00,96925.00,919.20772116
2025-05-03 00:00:00,96926.00,96956.00,95800.00,95916.00,696.37418877
2025-05-04 00:00:00,95850.00,96295.00,94162.00,94316.00,562.77317581
2025-05-05 00:00:00,94301.00,95198.00,93550.00,94725.00,936.93369617
2025-05-06 00:00:00,94725.00,96895.00,93376.00,96814.00,1074.63503655
2025-05-07 00:00:00,96815.00,97717.00,95823.00,97054.00,1333.27237851
2025-05-08 00:00:00,97059.00,104159.00,96907.00,103261.00,2303.46314389
2025-05-09 00:00:00,103234.00,104332.00,102350.00,102991.00,1336.08590855
2025-05-10 00:00:00,102992.00,104985.00,102845.00,104809.00,624.26506624
2025-05-11 00:00:00,104809.00,104958.00,103369.00,104129.00,718.36832309
2025-05-12 00:00:00,104138.00,105706.00,100764.00,102796.00,1914.47205431
2025-05-13 00:00:00,102796.00,104997.00,101471.00,104135.00,1432.50405705
2025-05-14 00:00:00,104126.00,104357.00,102622.00,103531.00,1171.49377037
2025-05-15 00:00:00,103514.00,104184.00,101442.00,103793.00,1339.09330148
2025-05-16 00:00:00,103800.00,104570.00,103137.00,103506.00,994.76037696
2025-05-17 00:00:00,103503.00,103720.00,102668.00,103153.00,459.80988884
2025-05-18 00:00:00,103172.00,106635.00,103149.00,106520.00,905.17939556
2025-05-19 00:00:00,106520.00,107115.00,102126.00,105622.00,1677.93212340
2025-05-20 00:00:00,105630.00,107340.00,104232.00,106855.00,1462.42485262
2025-05-21 00:00:00,106891.00,110730.00,106141.00,109682.00,2430.79413683
2025-05-22 00:00:00,109696.00,112000.00,109252.00,111743.00,1375.74025669
2025-05-23 00:00:00,111742.00,111816.00,106827.00,107329.00,1588.22862639
2025-05-24 00:00:00,107319.00,109501.00,106908.00,107799.00,577.06680579
2025-05-25 00:00:00,107798.00,109383.00,106666.00,109068.00,908.97625311
2025-05-26 00:00:00,109114.00,110461.00,108759.00,109468.00,736.73662452
2025-05-27 00:00:00,109474.00,110789.00,107562.00,108980.00,1296.61250535
2025-05-28 00:00:00,108980.00,109307.00,106804.00,107811.00,1079.82738975
2025-05-29 00:00:00,107821.00,108924.00,105374.00,105578.00,1431.77890157
2025-05-30 00:00:00,105577.00,106329.00,103675.00,104034.00,1224.11022278
2025-05-31 00:00:00,103988.00,104947.00,103127.00,104646.00,483.31138627
2025-06-01 00:00:00,104646.00,105908.00,103832.00,105705.00,648.06747831
2025-06-02 00:00:00,105677.00,106001.00,103708.00,105905.00,941.73137580
2025-06-03 00:00:00,105890.00,106854.00,104947.00,105454.00,924.42389243
2025-06-04 00:00:00,105426.00,106036.00,104219.00,104745.00,791.94847355
2025-06-05 00:00:00,104734.00,105959.00,100426.00,101559.00,1374.32950890
2025-06-06 00:00:00,101558.00,105416.00,101159.00,104393.00,1474.94148302
2025-06-07 00:00:00,104416.00,105959.00,103992.00,105619.00,613.87145578
2025-06-08 00:00:00,105619.00,106507.00,105060.00,105792.00,353.13072588
2025-06-09 00:00:00,105791.00,110587.00,105389.00,110307.00,1163.27877626
2025-06-10 00:00:00,110311.00,110400.00,108403.00,110292.00,920.65276216
2025-06-11 00:00:00,110292.00,110398.00,108113.00,108678.00,717.48831230
2025-06-12 00:00:00,108670.00,108833.00,105731.00,105731.00,855.76506249
2025-06-13 00:00:00,105725.00,106209.00,102816.00,106118.00,1268.16488329
2025-06-14 00:00:00,106117.00,106250.00,104376.00,105464.00,516.90004886
2025-06-15 00:00:00,105475.00,106163.00,104532.00,105617.00,487.58970132
2025-06-16 00:00:00,105612.00,108990.00,105023.00,106829.00,932.05599039
2025-06-17 00:00:00,106853.00,107773.00,103388.00,104584.00,1157.65258947
2025-06-18 00:00:00,104617.00,105566.00,103521.00,104922.00,971.05031921
2025-06-19 00:00:00,104922.00,105254.00,103957.00,104688.00,464.84582604
2025-06-20 00:00:00,104682.00,106521.00,102309.00,103316.00,971.51619457
2025-06-21 00:00:00,103329.00,104013.00,100945.00,102139.00,817.52134527
2025-06-22 00:00:00,102198.00,103387.00,98240.00,101015.00,1366.05281274
2025-06-23 00:00:00,100990.00,106125.00,99705.00,105464.00,1771.47809411
2025-06-24 00:00:00,105418.00,106344.00,104695.00,106131.00,1158.17542632
2025-06-25 00:00:00,106132.00,108182.00,105872.00,107418.00,1202.13073102
2025-06-26 00:00:00,107417.00,108358.00,106640.00,107004.00,791.37974938
2025-06-27 00:00:00,107005.00,107794.00,106351.00,107100.00,1286.60711501
2025-06-28 00:00:00,107100.00,107584.00,106880.00,107348.00,204.99976689
2025-06-29 00:00:00,107353.00,108546.00,107239.00,108384.00,526.42907649
2025-06-30 00:00:00,108389.00,108800.00,106751.00,107179.00,809.67116800
2025-07-01 00:00:00,107164.00,107560.00,105280.00,105709.00,918.59180036
2025-07-02 00:00:00,105698.00,109802.00,105130.00,108885.00,910.95167606
2025-07-03 00:00:00,108885.00,110557.00,108586.00,109648.00,902.39480928
2025-07-04 00:00:00,109647.00,109799.00,107303.00,108033.00,607.88228740
2025-07-05 00:00:00,108033.00,108416.00,107811.00,108240.00,219.21691172
2025-07-06 00:00:00,108240.00,109717.00,107858.00,109233.00,420.08244319
2025-07-07 00:00:00,109231.00,109711.00,107520.00,108287.00,708.78251782
2025-07-08 00:00:00,108286.00,109225.00,107471.00,108947.00,676.89664809
2025-07-09 00:00:00,108947.00,112040.00,108352.00,111287.00,1206.49472676
2025-07-10 00:00:00,111318.00,117000.00,110610.00,116031.00,1983.52144626
2025-07-11 00:00:00,116038.00,118839.00,115226.00,117579.00,1872.27005924
2025-07-12 00:00:00,117579.00,118227.00,116971.00,117464.00,657.61118852
2025-07-13 00:00:00,117464.00,119482.00,117256.00,119135.00,699.60199797
2025-07-14 00:00:00,119140.00,123236.00,118972.00,119879.00,2008.67990115
2025-07-15 00:00:00,119862.00,119945.00,115729.00,117769.00,5844.55673110
2025-07-16 00:00:00,117770.00,120086.00,117047.00,118718.00,1446.65793099
2025-07-17 00:00:00,118692.00,121000.00,117506.00,119275.00,1630.82389973
2025-07-18 00:00:00,119275.00,120900.00,116915.00,118022.00,1825.06401069
2025-07-19 00:00:00,118023.00,118553.00,117352.00,117916.00,499.25171162
2025-07-20 00:00:00,117917.00,118896.00,116551.00,117339.00,615.19846734
2025-07-21 00:00:00,117220.00,119682.00,116594.00,117437.00,1334.50157800
2025-07-22 00:00:00,117437.00,120297.00,116186.00,120011.00,1298.08983461
2025-07-23 00:00:00,120011.00,120165.00,117376.00,118813.00,980.23169548
2025-07-24 00:00:00,118795.00,119525.00,117201.00,118347.00,1079.42129756
2025-07-25 00:00:00,118400.00,118509.00,114518.00,117653.00,5661.93875187
2025-07-26 00:00:00,117652.00,118340.00,117196.00,117962.00,618.43322749
2025-07-27 00:00:00,117983.00,119798.00,117888.00,119469.00,579.57477524
2025-07-28 00:00:00,119514.00,119826.00,117400.00,118051.00,1062.35423495
2025-07-29 00:00:00,118068.00,119267.00,116928.00,117926.00,1161.32333055
2025-07-30 00:00:00,117926.00,118775.00,115784.00,117834.00,1043.63562888
2025-07-31 00:00:00,117833.00,118904.00,115512.00,115750.00,1022.71220262
2025-08-01 00:00:00,115749.00,116054.00,112680.00,113243.00,2329.78743891
2025-08-02 00:00:00,113243.00,114008.00,111987.00,112522.00,1093.67089437
2025-08-03 00:00:00,112522.00,114774.00,111919.00,114226.00,757.70817537
2025-08-04 00:00:00,114245.00,115732.00,114129.00,115051.00,933.27650923
2025-08-05 00:00:00,115051.00,115106.00,112660.00,114133.00,941.80637472
2025-08-06 00:00:00,114129.00,115729.00,113365.00,115030.00,1202.63711783
2025-08-07 00:00:00,115030.00,117675.00,114280.00,117515.00,1447.58301804
2025-08-08 00:00:00,117515.00,117661.00,115896.00,116675.00,1599.13538797
2025-08-09 00:00:00,116675.00,117929.00,116350.00,116495.00,985.99079289
2025-08-10 00:00:00,116490.00,119310.00,116490.00,119310.00,1018.22600871
2025-08-11 00:00:00,119312.00,122312.00,118043.00,118712.00,2061.10609204
2025-08-12 00:00:00,118711.00,120304.00,118214.00,120107.00,1834.33264903
2025-08-13 00:00:00,120113.00,123715.00,118940.00,123360.00,2624.51093464
2025-08-14 00:00:00,123360.00,124517.00,117201.00,118394.00,2568.14323965
2025-08-15 00:00:00,118393.00,119336.00,116856.00,117446.00,1480.94500475
2025-08-16 00:00:00,117445.00,118057.00,117252.00,117460.00,818.55779223
2025-08-17 00:00:00,117451.00,118626.00,117266.00,117490.00,822.50240192
2025-08-18 00:00:00,117465.00,117622.00,114706.00,116265.00,1938.43650897
2025-08-19 00:00:00,116295.00,116765.00,112702.00,112870.00,1676.74821297
2025-08-20 00:00:00,112870.00,114618.00,112353.00,114263.00,2261.15590441
2025-08-21 00:00:00,114263.00,114801.00,111972.00,112472.00,1865.84099631
2025-08-22 00:00:00,112471.00,117421.00,111658.00,116891.00,2747.02375092
2025-08-23 00:00:00,116908.00,116985.00,114536.00,115392.00,1011.76407870
2025-08-24 00:00:00,115391.00,115626.00,110671.00,113478.00,1706.85921657
2025-08-25 00:00:00,113491.00,113645.00,109283.00,110136.00,2458.05879872
2025-08-26 00:00:00,110128.00,112400.00,108717.00,111788.00,1921.06840005
2025-08-27 00:00:00,111789.00,112646.00,110381.00,111273.00,1115.69227815
2025-08-28 00:00:00,111272.00,113473.00,110876.00,112581.00,1313.36312523
2025-08-29 00:00:00,112581.00,112654.00,107488.00,108362.00,1977.32412474
2025-08-30 00:00:00,108376.00,108924.00,107389.00,108827.00,790.83013066
2025-08-31 00:00:00,108827.00,109503.00,108092.00,108269.00,747.36779711
2025-09-01 00:00:00,108268.00,109907.00,107270.00,109244.00,1584.06180608
2025-09-02 00:00:00,109255.00,111775.00,108426.00,111238.00,2118.59829056
2025-09-03 00:00:00,111238.00,112615.00,110550.00,111759.00,2089.17921268
2025-09-04 00:00:00,111758.00,112223.00,109343.00,110747.00,1931.55865495
2025-09-05 00:00:00,110738.00,113402.00,110226.00,110669.00,2214.24201717
2025-09-06 00:00:00,110668.00,111314.00,110021.00,110223.00,753.36082686
2025-09-07 00:00:00,110223.00,111597.00,110212.00,111144.00,1147.75813028
2025-09-08 00:00:00,111144.00,112935.00,110624.00,112098.00,1382.32507241
2025-09-09 00:00:00,112097.00,113279.00,110768.00,111531.00,1444.08044039
2025-09-10 00:00:00,111551.00,114348.00,110932.00,113988.00,1623.88652527
2025-09-11 00:00:00,113987.00,115533.00,113460.00,115533.00,1488.74398210
2025-09-12 00:00:00,115533.00,116805.00,114770.00,116108.00,2158.42031268
2025-09-13 00:00:00,116108.00,116364.00,115177.00,115981.00,637.92000888
2025-09-14 00:00:00,115980.00,116216.00,115190.00,115342.00,709.05249747
2025-09-15 00:00:00,115316.00,116786.00,114421.00,115387.00,1496.61808415
2025-09-16 00:00:00,115389.00,117006.00,114776.00,116837.00,1255.43431844
2025-09-17 00:00:00,116836.00,117323.00,114747.00,116477.00,2153.84805045
2025-09-18 00:00:00,116482.00,117968.00,116144.00,117125.00,2093.19820754
2025-09-19 00:00:00,117124.00,117506.00,115144.00,115702.00,1802.70990238
2025-09-20 00:00:00,115703.00,116197.00,115479.00,115759.00,1111.98890244
2025-09-21 00:00:00,115758.00,115901.00,115258.00,115292.00,789.19772796
2025-09-22 00:00:00,115275.00,115435.00,111986.00,112741.00,1951.76217647
2025-09-23 00:00:00,112741.00,113344.00,111463.00,112025.00,1468.03878727
2025-09-24 00:00:00,112025.00,114005.00,111115.00,113339.00,1320.90667792
2025-09-25 00:00:00,113351.00,113542.00,108652.00,109021.00,2615.57202808
2025-09-26 00:00:00,109021.00,110372.00,108676.00,109696.00,1849.10982840
2025-09-27 00:00:00,109694.00,109789.00,109130.00,109679.00,475.39719794
2025-09-28 00:00:00,109679.00,112375.00,109239.00,112203.00,789.14477935
2025-09-29 00:00:00,112203.00,114486.00,111597.00,114379.00,1866.13986072
2025-09-30 00:00:00,114359.00,114842.00,112714.00,114065.00,1873.80348877
2025-10-01 00:00:00,114079.00,118708.00,113982.00,118668.00,2297.03276139
2025-10-02 00:00:00,118674.00,121106.00,118355.00,120612.00,2079.67690093
2025-10-03 00:00:00,120645.00,123966.00,119353.00,122308.00,3097.07232266
2025-10-04 00:00:00,122329.00,122885.00,121575.00,122441.00,628.47218404
2025-10-05 00:00:00,122458.00,125725.00,122209.00,123519.00,1675.31764003
2025-10-06 00:00:00,123519.00,126272.00,123148.00,124728.00,2416.90198150
2025-10-07 00:00:00,124728.00,125235.00,120648.00,121395.00,2470.10489687
2025-10-08 00:00:00,121407.00,124220.00,121113.00,123345.00,2511.13170614
2025-10-09 00:00:00,123349.00,123819.00,119736.00,121695.00,2339.50892075
2025-10-10 00:00:00,121695.00,122582.00,109683.00,112996.00,4713.81894506
2025-10-11 00:00:00,112989.00,113444.00,109711.00,110764.00,2954.91390717
2025-10-12 00:00:00,110769.00,115854.00,109711.00,115090.00,2969.34386191
2025-10-13 00:00:00,115089.00,116035.00,113751.00,115265.00,1947.58068078
2025-10-14 00:00:00,115275.00,115508.00,109971.00,113078.00,2253.66732902
2025-10-15 00:00:00,113077.00,113655.00,110217.00,110804.00,2023.01367329
2025-10-16 00:00:00,110804.00,112012.00,107450.00,108206.00,3004.36833057
2025-10-17 00:00:00,108206.00,109261.00,103530.00,106476.00,4616.53928421
2025-10-18 00:00:00,106470.00,107534.00,106368.00,107220.00,852.54214319
2025-10-19 00:00:00,107214.00,109488.00,106137.00,108684.00,2023.09215463
2025-10-20 00:00:00,108683.00,111717.00,107452.00,110580.00,2416.65967333
2025-10-21 00:00:00,110580.00,114088.00,107460.00,108372.00,4329.34460736
2025-10-22 00:00:00,108324.00,109160.00,106101.00,107595.00,2975.12108444
2025-10-23 00:00:00,107572.00,111336.00,107510.00,110111.00,1735.25029935
2025-10-24 00:00:00,110110.00,112066.00,109731.00,111039.00,1412.66498963
2025-10-25 00:00:00,111038.00,111945.00,110704.00,111668.00,461.82280861
2025-10-26 00:00:00,111658.00,115447.00,111281.00,114551.00,953.31627049
2025-10-27 00:00:00,114551.00,116381.00,113856.00,114101.00,1510.78251849
2025-10-28 00:00:00,114101.00,116077.00,112218.00,112925.00,1398.61067380
2025-10-29 00:00:00,112920.00,113654.00,109265.00,110038.00,1666.55640703
2025-10-30 00:00:00,110037.00,111603.00,106303.00,108306.00,2489.03576718
2025-10-31 00:00:00,108307.00,111049.00,108272.00,109554.00,1789.04697521
2025-11-01 00:00:00,109554.00,110478.00,109370.00,110047.00,566.13804885
2025-11-02 00:00:00,110039.00,111129.00,109475.00,110530.00,971.54551341
2025-11-03 00:00:00,110524.00,110730.00,105300.00,106548.00,2920.15812883
2025-11-04 00:00:00,106550.00,107260.00,98898.00,101466.00,5333.62771462
2025-11-05 00:00:00,101473.00,104532.00,98943.00,103865.00,2852.19774457
2025-11-06 00:00:00,103865.00,104187.00,100246.00,101284.00,2708.20760477
2025-11-07 00:00:00,101288.00,104044.00,99192.00,103275.00,2790.81081749
2025-11-08 00:00:00,103275.00,103345.00,101435.00,102286.00,1224.83513732
2025-11-09 00:00:00,102295.00,105425.00,101394.00,104705.00,1718.06176241
2025-11-10 00:00:00,104677.00,106623.00,104256.00,105972.00,1858.36284442
2025-11-11 00:00:00,105972.00,107465.00,102442.00,103015.00,1836.83844770
2025-11-12 00:00:00,103027.00,105301.00,100812.00,101635.00,1780.49932854
2025-11-13 00:00:00,101634.00,104019.00,97950.00,99618.00,3403.60227589
2025-11-14 00:00:00,99618.00,99815.00,93961.00,94509.00,6242.59326859
2025-11-15 00:00:00,94511.00,96736.00,94491.00,95539.00,1766.66154855
2025-11-16 00:00:00,95540.00,96538.00,92929.00,94187.00,2865.93071437
2025-11-17 00:00:00,94186.00,95938.00,91168.00,92102.00,4149.83016963
2025-11-18 00:00:00,92112.00,93753.00,89189.00,92911.00,4742.04243662
2025-11-19 00:00:00,92911.00,92936.00,88497.00,91474.00,3769.12562257
2025-11-20 00:00:00,91468.00,93065.00,85912.00,86527.00,5180.91421150
2025-11-21 00:00:00,86511.00,87386.00,80537.00,85060.00,8467.35355799
2025-11-22 00:00:00,85054.00,85530.00,83432.00,84679.00,2384.78905136
2025-11-23 00:00:00,84686.00,88082.00,84624.00,86803.00,2773.78769575
2025-11-24 00:00:00,86808.00,89222.00,85225.00,88277.00,4092.88381218
2025-11-25 00:00:00,88276.00,88463.00,86076.00,87331.00,2871.17184890
2025-11-26 00:00:00,87331.00,90646.00,86304.00,90477.00,2971.04093074
2025-11-27 00:00:00,90476.00,91926.00,90091.00,91325.00,1908.75344376
2025-11-28 00:00:00,91326.00,93091.00,90233.00,90913.00,2305.99037956
2025-11-29 00:00:00,90913.00,91179.00,90216.00,90832.00,681.59946371
2025-11-30 00:00:00,90832.00,91969.00,90362.00,90382.00,1020.91842738
2025-12-01 00:00:00,90369.00,90421.00,83814.00,86291.00,4297.00035160
2025-12-02 00:00:00,86291.00,92328.00,86190.00,91300.00,4590.27780876
2025-12-03 00:00:00,91303.00,94172.00,91030.00,93472.00,4462.81522934
2025-12-04 00:00:00,93460.00,94086.00,90903.00,92103.00,2700.62528856
2025-12-05 00:00:00,92109.00,92690.00,88156.00,89348.00,3068.81366007
2025-12-06 00:00:00,89342.00,90286.00,88932.00,89249.00,1058.74373020
2025-12-07 00:00:00,89256.00,91767.00,87744.00,90405.00,2387.94536185
2025-12-08 00:00:00,90406.00,92296.00,89618.00,90649.00,3033.70925459
2025-12-09 00:00:00,90642.00,94652.00,89558.00,92695.00,3420.15950535
2025-12-10 00:00:00,92693.00,94494.00,91579.00,92036.00,3493.06940422
2025-12-11 00:00:00,92037.00,93562.00,89269.00,92531.00,3855.94833075
2025-12-12 00:00:00,92531.00,92757.00,89466.00,90275.00,2653.35034927
2025-12-13 00:00:00,90275.00,90640.00,89789.00,90264.00,588.93067670
2025-12-14 00:00:00,90260.00,90492.00,87607.00,88164.00,2245.28512647
2025-12-15 00:00:00,88170.00,90015.00,85140.00,86412.00,3042.86671686
2025-12-16 00:00:00,86413.00,88135.00,85260.00,87843.00,2848.88747564
2025-12-17 00:00:00,87842.00,90317.00,85274.00,86215.00,3340.00609663
2025-12-18 00:00:00,86214.00,89423.00,84398.00,85460.00,3975.60917787
2025-12-19 00:00:00,85459.00,89349.00,85078.00,88095.00,3013.66290940
2025-12-20 00:00:00,88095.00,88522.00,87791.00,88324.00,593.71520281
2025-12-21 00:00:00,88324.00,89017.00,87576.00,88636.00,1067.66979397
2025-12-22 00:00:00,88637.00,90536.00,87867.00,88539.00,3033.70931489
2025-12-23 00:00:00,88554.00,88876.00,86561.00,87423.00,2425.45718247
2025-12-24 00:00:00,87423.00,87976.00,86363.00,87605.00,1586.51838352
2025-12-25 00:00:00,87605.00,88516.00,86896.00,87172.00,1026.06124365
2025-12-26 00:00:00,87168.00,89476.00,86584.00,87296.00,1995.30168019
2025-12-27 00:00:00,87296.00,87902.00,87180.00,87810.00,482.15727159
2025-12-28 00:00:00,87802.00,88001.00,87377.00,87870.00,559.35879313
2025-12-29 00:00:00,87871.00,90307.00,86701.00,87119.00,2713.91365162
2025-12-30 00:00:00,87111.00,89310.00,86718.00,88390.00,1997.61555935
2025-12-31 00:00:00,88390.00,89079.00,87085.00,87496.00,1905.50552287
2026-01-01 00:00:00,87496.00,88782.00,87268.00,88728.00,1395.46879155
2026-01-02 00:00:00,88728.00,90925.00,88284.00,89952.00,3580.71314243
2026-01-03 00:00:00,89952.00,90677.00,89289.00,90590.00,830.75213082
2026-01-04 00:00:00,90590.00,91728.00,90590.00,91501.00,1249.27665922
2026-01-05 00:00:00,91498.00,94792.00,91484.00,93876.00,3369.25944401
2026-01-06 00:00:00,93876.00,94418.00,91221.00,93712.00,2746.41034800
2026-01-07 00:00:00,93712.00,93712.00,90526.00,91273.00,2544.89091077
2026-01-08 00:00:00,91273.00,91562.00,89199.00,91031.00,3047.61486403
2026-01-09 00:00:00,91032.00,91924.00,89596.00,90510.00,2812.73160800
2026-01-10 00:00:00,90510.00,90694.00,90286.00,90382.00,416.98576685
2026-01-11 00:00:00,90382.00,91146.00,90090.00,90872.00,856.51847229
2026-01-12 00:00:00,90872.00,92392.00,90016.00,91195.00,2412.57727240
2026-01-13 00:00:00,91195.00,96474.00,90949.00,95366.00,4730.60046022
2026-01-14 00:00:00,95367.00,97939.00,94249.00,96942.00,5227.41310032
2026-01-15 00:00:00,96946.00,97165.00,95113.00,95577.00,2812.14817177
2026-01-16 00:00:00,95583.00,95811.00,94251.00,95521.00,1782.92777503
2026-01-17 00:00:00,95520.00,95603.00,95011.00,95113.00,471.76539206
2026-01-18 00:00:00,95113.00,95480.00,93584.00,93636.00,918.99519084
2026-01-19 00:00:00,93627.00,93632.00,91917.00,92560.00,1871.62721794
2026-01-20 00:00:00,92559.00,92799.00,87777.00,88316.00,4353.64058910
2026-01-21 00:00:00,88317.00,90471.00,87193.00,89374.00,4896.02575856
2026-01-22 00:00:00,89373.00,90254.00,88421.00,89464.00,2031.68926269
2026-01-23 00:00:00,89468.00,91122.00,88463.00,89493.00,2347.64120002
2026-01-24 00:00:00,89493.00,89778.00,89037.00,89089.00,472.12028436
2026-01-25 00:00:00,89089.00,89180.00,86000.00,86567.00,1952.93731653
2026-01-26 00:00:00,86568.00,88750.00,86422.00,88247.00,2317.09931351
2026-01-27 00:00:00,88247.00,89416.00,87197.00,89135.00,2324.46278911
2026-01-28 00:00:00,89135.00,90438.00,88722.00,89168.00,2234.89028223
2026-01-29 00:00:00,89167.00,89214.00,83242.00,84530.00,3681.40597733
2026-01-30 00:00:00,84520.00,84599.00,81040.00,84130.00,5197.26894551
2026-01-31 00:00:00,84124.00,84137.00,75555.00,78635.00,5126.14877716
2026-02-01 00:00:00,78644.00,79322.00,75651.00,76888.00,3780.29100762
2026-02-02 00:00:00,76888.00,79301.00,74532.00,78666.00,5904.57069753
2026-02-03 00:00:00,78666.00,79113.00,72863.00,75662.00,6491.42242041
2026-02-04 00:00:00,75661.00,76873.00,71704.00,73000.00,6664.20590605
2026-02-05 00:00:00,73000.00,73175.00,62200.00,62795.00,12980.44506677
2026-02-06 00:00:00,62795.00,71673.00,59930.00,70531.00,12389.36347229
2026-02-07 00:00:00,70515.00,71622.00,67313.00,69246.00,5313.40541323
2026-02-08 00:00:00,69249.00,72174.00,68850.00,70283.00,3209.08442200
2026-02-09 00:00:00,70283.00,71383.00,68265.00,70094.00,4251.33624282
2026-02-10 00:00:00,70094.00,70465.00,67870.00,68802.00,4052.50039834
2026-02-11 00:00:00,68801.00,69235.00,65719.00,67053.00,6069.91114912
2026-02-12 00:00:00,67034.00,68364.00,65080.00,66207.00,3577.43834177
2026-02-13 00:00:00,66205.00,69405.00,65828.00,68812.00,3679.26812952
2026-02-14 00:00:00,68812.00,70513.00,68701.00,69791.00,1855.00880250
2026-02-15 00:00:00,69791.00,70937.00,68044.00,68792.00,2583.79100836
2026-02-16 00:00:00,68792.00,70066.00,67268.00,68867.00,2561.43683283
2026-02-17 00:00:00,68867.00,69205.00,66557.00,67468.00,3173.29499982
2026-02-18 00:00:00,67469.00,68428.00,65840.00,66425.00,3269.12137366
2026-02-19 00:00:00,66425.00,67281.00,65620.00,66973.00,2883.19175749
2026-02-20 00:00:00,66973.00,68298.00,66431.00,67992.00,4286.25286820
2026-02-21 00:00:00,67992.00,68668.00,67518.00,67966.00,1421.65471687
2026-02-22 00:00:00,67967.00,68224.00,67160.00,67612.00,1206.46701391
2026-02-23 00:00:00,67612.00,67654.00,63868.00,64630.00,5280.32214230
2026-02-24 00:00:00,64630.00,64984.00,62525.00,64059.00,4165.22296831
2026-02-25 00:00:00,64059.00,70038.00,63920.00,67994.00,6032.18559863
2026-02-26 00:00:00,67993.00,68841.00,66511.00,67488.00,3855.80807448
2026-02-27 00:00:00,67488.00,68207.00,64935.00,65868.00,4056.20640648
2026-02-28 00:00:00,65868.00,67743.00,63037.00,66985.00,5941.59308309
2026-03-01 00:00:00,66982.00,68201.00,65051.00,65771.00,4640.41251723
2026-03-02 00:00:00,65776.00,70111.00,65259.00,68821.00,6481.12468127
2026-03-03 00:00:00,68821.00,69256.00,66147.00,68336.00,5194.30176765
2026-03-04 00:00:00,68336.00,74075.00,67405.00,72691.00,6743.89222058
2026-03-05 00:00:00,72691.00,73573.00,70671.00,70896.00,4548.71307503
2026-03-06 00:00:00,70898.00,71415.00,67753.00,68114.00,3520.23830882
2026-03-07 00:00:00,68114.00,68543.00,66943.00,67269.00,1602.73980283
2026-03-08 00:00:00,67269.00,68186.00,65623.00,65975.00,2829.70777868
2026-03-09 00:00:00,65974.00,69575.00,65844.00,68453.00,4665.57773266
2026-03-10 00:00:00,68453.00,71775.00,68400.00,69963.00,5202.71519204
2026-03-11 00:00:00,69958.00,71335.00,68991.00,70196.00,4649.31092584
2026-03-12 00:00:00,70196.00,70805.00,69222.00,70529.00,4885.75029631
2026-03-13 00:00:00,70537.00,73933.00,70412.00,70949.00,4593.78432038
2026-03-14 00:00:00,70947.00,71308.00,70305.00,71218.00,1520.25473636
2026-03-15 00:00:00,71218.00,73223.00,70878.00,72831.00,2292.61546545
2026-03-16 00:00:00,72849.00,74916.00,72294.00,74876.00,3772.15166866
2026-03-17 00:00:00,74884.00,76013.00,73429.00,73928.00,3923.49624615
2026-03-18 00:00:00,73931.00,74676.00,70492.00,71259.00,3059.47018424
2026-03-19 00:00:00,71241.00,71604.00,68799.00,69921.00,3381.21580722
2026-03-20 00:00:00,69921.00,71356.00,69399.00,70502.00,2786.90640315
2026-03-21 00:00:00,70498.00,71082.00,68563.00,68910.00,1361.20269127
2026-03-22 00:00:00,68910.00,69564.00,67354.00,67860.00,2109.61591510
2026-03-23 00:00:00,67853.00,71801.00,67435.00,70883.00,3654.99346849
2026-03-24 00:00:00,70875.00,71382.00,68893.00,70519.00,3323.54868049
2026-03-25 00:00:00,70519.00,72026.00,70387.00,71301.00,2612.72355105
2026-03-26 00:00:00,71305.00,71405.00,68110.00,68779.00,3000.04397195
2026-03-27 00:00:00,68779.00,69127.00,65505.00,66359.00,3005.97680194
2026-03-28 00:00:00,66359.00,67245.00,65883.00,66321.00,869.91978741
2026-03-29 00:00:00,66320.00,67067.00,64955.00,65954.00,1293.83955401
2026-03-30 00:00:00,65961.00,68109.00,65741.00,66731.00,2769.15090500
2026-03-31 00:00:00,66741.00,68517.00,65926.00,68215.00,2152.37368471
2026-04-01 00:00:00,68215.00,69268.00,67542.00,68102.00,2176.81429582
2026-04-02 00:00:00,68104.00,68644.00,65696.00,66890.00,1629.62243304
2026-04-03 00:00:00,66890.00,67359.00,66282.00,66944.00,799.76548750
2026-04-04 00:00:00,66949.00,67528.00,66782.00,67290.00,407.12820026
2026-04-05 00:00:00,67296.00,69104.00,66608.00,68999.00,645.41692971
2026-04-06 00:00:00,69005.00,70355.00,68332.00,68857.00,1269.73380382
2026-04-07 00:00:00,68856.00,72762.00,67724.00,71940.00,1555.84363090
2026-04-08 00:00:00,71911.00,72865.00,70705.00,71110.00,1681.53724973
2026-04-09 00:00:00,71064.00,73159.00,70480.00,71812.00,1764.99624298
2026-04-10 00:00:00,71797.00,73465.00,71432.00,72980.00,2356.29877946
2026-04-11 00:00:00,72980.00,73832.00,72559.00,73071.00,760.05196907
2026-04-12 00:00:00,73060.00,73166.00,70526.00,70746.00,953.31624651
2026-04-13 00:00:00,70742.00,74911.00,70584.00,74447.00,3621.42257600
2026-04-14 00:00:00,74451.00,76120.00,73861.00,74184.00,4058.73780895
2026-04-15 00:00:00,74183.00,75445.00,73528.00,74818.00,824.24583731
2026-04-16 00:00:00,74828.00,75541.00,73309.00,75178.00,1166.08154755
2026-04-17 00:00:00,75172.00,78384.00,74571.00,77108.00,2558.43952030
2026-04-18 00:00:00,77107.00,77451.00,75441.00,75737.00,576.88981552
2026-04-19 00:00:00,75734.00,76264.00,73804.00,73825.00,794.50078642
2026-04-20 00:00:00,73834.00,76597.00,73753.00,75870.00,812.61140257
2026-04-21 00:00:00,75870.00,76944.00,74817.00,76345.00,1106.67718991
2026-04-22 00:00:00,76346.00,79500.00,76154.00,78208.00,1500.95939972
2026-04-23 00:00:00,78209.00,78695.00,76988.00,78269.00,928.43606242
2026-04-24 00:00:00,78269.00,78557.00,77295.00,77466.00,861.89309297
2026-04-25 00:00:00,77460.00,77906.00,77173.00,77639.00,273.88400022
2026-04-26 00:00:00,77639.00,78969.00,77348.00,78660.00,608.62901057
2026-04-27 00:00:00,78666.00,79490.00,76455.00,77373.00,886.75879861
2026-04-28 00:00:00,77374.00,77474.00,75657.00,76323.00,931.62772644
2026-04-29 00:00:00,76324.00,77882.00,74912.00,75745.00,1208.06442879
2026-04-30 00:00:00,75746.00,76629.00,75299.00,76310.00,584.61885651
2026-05-01 00:00:00,76310.00,78924.00,76294.00,78232.00,829.68234395
2026-05-02 00:00:00,78232.00,79157.00,78036.00,78690.00,360.45077711
2026-05-03 00:00:00,78690.00,79437.00,78082.00,78565.00,447.91420445
2026-05-04 00:00:00,78563.00,80768.00,78203.00,79844.00,1590.76805531
2026-05-05 00:00:00,79855.00,81781.00,79810.00,80913.00,1256.80498750
2026-05-06 00:00:00,80904.00,82833.00,80728.00,81447.00,974.73027712
2026-05-07 00:00:00,81436.00,81706.00,79500.00,80017.00,1030.93447403
2026-05-08 00:00:00,80005.00,80500.00,79168.00,80199.00,861.34554464
2026-05-09 00:00:00,80200.00,81063.00,80135.00,80665.00,260.35013444
2026-05-10 00:00:00,80665.00,82458.00,80269.00,82193.00,509.08425565
2026-05-11 00:00:00,82197.00,82361.00,80429.00,81736.00,1098.10551499
2026-05-12 00:00:00,81736.00,81767.00,79820.00,80491.00,1020.45687485
2026-05-13 00:00:00,80495.00,81288.00,78704.00,79284.00,1405.79319836
2026-05-14 00:00:00,79291.00,82047.00,78893.00,81075.00,2920.28181374
2026-05-15 00:00:00,81075.00,81650.00,78611.00,79062.00,1056.97680617
2026-05-16 00:00:00,79064.00,79186.00,77614.00,78118.00,443.01524369
2026-05-17 00:00:00,78117.00,78573.00,76689.00,77412.00,469.14631985
2026-05-18 00:00:00,77419.00,77753.00,76000.00,76949.00,1128.06007716
2026-05-19 00:00:00,76955.00,77357.00,76088.00,76757.00,550.76924548
2026-05-20 00:00:00,76762.00,77782.01,76440.00,77470.50,723.02197773
2026-05-21 00:00:00,77482.86,78122.49,76647.94,77554.00,723.28086911
2026-05-22 00:00:00,77565.86,77819.99,75285.00,75451.01,725.05091980
2026-05-23 00:00:00,75451.01,77302.52,74192.21,76655.99,967.23232230
2026-05-24 00:00:00,76654.00,77427.00,76015.00,76974.88,496.89495019
2026-05-25 00:00:00,76974.88,77830.83,76833.00,77254.92,518.69582604
2026-05-26 00:00:00,77255.00,78002.74,75559.41,75820.94,1137.32088336
2026-05-27 00:00:00,75820.95,76047.00,74127.01,74330.48,881.66520786
2026-05-28 00:00:00,74330.47,74461.71,72461.53,73519.16,1415.43760493
2026-05-29 00:00:00,73526.41,74223.00,72394.58,73373.29,968.72667883
2026-05-30 00:00:00,73373.30,74024.77,73125.86,73762.15,357.56268745
2026-05-31 00:00:00,73775.00,74162.97,73289.97,73567.99,421.37448096
2026-06-01 00:00:00,73568.00,73984.48,70574.13,71313.86,1811.51510088
2026-06-02 00:00:00,71305.47,71309.61,66099.58,66668.60,3062.12034726
2026-06-03 00:00:00,66669.99,67417.99,63991.31,64045.64,2990.47757587
2026-06-04 00:00:00,64045.63,64687.36,61310.19,63814.80,5828.84132012
2026-06-05 00:00:00,63811.00,63915.41,59100.00,61042.14,5485.96092016
2026-06-06 00:00:00,61032.64,61503.35,59485.04,60858.64,1210.53410993
2026-06-07 00:00:00,60850.82,64196.66,60717.66,63315.72,1423.34858338
2026-06-08 00:00:00,63306.56,64191.09,62370.00,63061.78,2143.33985315
2026-06-09 00:00:00,63068.48,63491.41,60718.00,61685.44,2619.16979905
2026-06-10 00:00:00,61685.43,62808.52,60678.99,61456.49,2140.36256101
2026-06-11 00:00:00,61452.99,63840.01,61452.99,63558.21,1556.87947910
2026-06-12 00:00:00,63558.20,64348.63,62761.04,63531.04,1263.51892611
2026-06-13 00:00:00,63539.04,64742.88,63409.94,64440.00,561.39256420
2026-06-14 00:00:00,64423.99,65758.99,63642.58,65712.50,779.26765605
2026-06-15 00:00:00,65713.19,67253.17,65315.92,66282.05,1590.05635192
2026-06-16 00:00:00,66282.05,66949.01,65301.00,65612.86,1296.44629285
2026-06-17 00:00:00,65612.85,66390.79,63861.31,64443.27,1568.83412340
2026-06-18 00:00:00,64448.09,64754.21,62178.00,62889.92,1547.32883980
2026-06-19 00:00:00,62889.92,63606.48,62245.01,63487.34,918.36907249
2026-06-20 00:00:00,63487.34,64334.69,63133.21,64245.72,610.71977158
2026-06-21 00:00:00,64225.99,64522.00,63197.23,63237.18,551.09674747
2026-06-22 00:00:00,63237.17,65555.13,63237.17,63948.96,1437.39073712
2026-06-23 00:00:00,63948.95,64199.85,61860.01,62651.43,1351.74022349
2026-06-24 00:00:00,62651.43,63137.00,59018.45,60987.00,2180.37620984
2026-06-25 00:00:00,60981.45,61865.72,58035.28,59696.26,2130.48721866
2026-06-26 00:00:00,59710.91,60656.42,58240.91,60019.38,2185.00058617
2026-06-27 00:00:00,60021.01,60850.00,59766.78,59940.07,508.53190375
2026-06-28 00:00:00,59940.06,60447.61,58806.76,59473.29,634.06945764
2026-06-29 00:00:00,59473.29,60692.20,58800.83,60163.86,1820.90791220
2026-06-30 00:00:00,60163.85,60184.93,58076.49,58526.17,1527.12409907
2026-07-01 00:00:00,58526.63,61280.50,57734.63,59963.46,1390.17261075
2026-07-02 00:00:00,59957.30,62136.70,59523.85,61479.10,1886.84255097
2026-07-03 00:00:00,61478.28,62894.88,61169.93,62522.46,1067.97160731
2026-07-04 00:00:00,62522.45,63454.80,62279.50,63086.18,606.07859629
2026-07-05 00:00:00,63089.64,63945.23,62389.98,63587.06,590.31403493
2026-07-06 00:00:00,63587.05,64657.29,61246.23,64000.10,1497.89511585
2026-07-07 00:00:00,64000.11,64263.34,62605.01,63311.30,1305.02995553
2026-07-08 00:00:00,63322.54,63711.85,61480.73,62237.84,902.04205645
2026-07-09 00:00:00,62238.20,63442.98,61641.44,63185.92,879.06661154
2026-07-10 00:00:00,63179.96,64653.09,62883.44,64114.25,989.88205770
2026-07-11 00:00:00,64116.45,64467.19,63777.01,63780.01,373.71337011
2026-07-12 00:00:00,63780.00,64233.00,63588.71,63743.46,358.98577813
2026-07-13 00:00:00,63743.51,64384.90,61750.06,62256.81,1038.09649603
2026-07-14 00:00:00,62256.80,65063.99,62203.26,64975.72,1066.83456731
2026-07-15 00:00:00,65000.00,65518.04,64435.14,64713.83,1005.03285047
2026-07-16 00:00:00,64713.83,64941.56,63700.01,63788.02,795.59627502
2026-07-17 00:00:00,63782.65,64347.12,62470.01,63891.98,1173.51036409
2026-07-18 00:00:00,63891.98,64825.94,63849.77,64792.35,387.44873134
2026-07-19 00:00:00,64792.57,64918.84,64239.27,64681.58,480.10924279
2026-07-20 00:00:00,64688.70,65747.46,63705.77,65212.60,1506.90189803
2026-07-21 00:00:00,65212.60,66920.74,65108.55,66518.68,1289.11475833
2026-07-22 00:00:00,66519.80,66697.57,65488.36,66082.49,984.25922288
2026-07-23 00:00:00,66086.87,66268.25,64590.00,65050.48,1131.52154987
2026-07-24 00:00:00,65050.47,65765.40,63666.00,64086.59,916.37917245
2026-07-25 00:00:00,64086.59,64384.68,63744.38,64307.90,351.44623629
2026-07-26 00:00:00,64306.95,65518.58,64232.38,65338.88,395.91905760
2026-07-27 00:00:00,65338.88,65679.50,63536.94,63697.72,1022.46271431
2026-07-28 00:00:00,63697.72,64034.96,62683.93,63850.53,1034.53000264
2026-07-29 00:00:00,63849.63,64658.00,63198.67,63894.39,1199.20177592
2026-07-30 00:00:00,63894.24,65100.00,63514.36,64716.76,1195.48420629
2026-07-31 00:00:00,64716.76,65340.42,62369.00,62817.96,1235.25524562
2026-08-01 00:00:00,62817.96,63088.09,62216.81,62759.82,445.31419101
2026-08-02 00:00:00,62759.82,63725.00,62754.40,63499.99,485.53607284
2026-08-03 00:00:00,63499.99,64023.90,62216.00,63460.01,924.01565811
2026-08-04 00:00:00,63460.89,64482.02,63270.00,64056.48,1012.02481152
2026-08-05 00:00:00,64056.47,64995.84,63820.01,64600.22,1116.54614458
2026-08-06 00:00:00,64600.21,64932.21,64094.00,64255.55,1131.90351550
2026-08-07 00:00:00,64265.53,65339.98,64103.00,64877.77,1964.13539171
2026-08-08 00:00:00,64877.77,65134.90,64801.24,64908.72,520.80456173
2026-08-09 00:00:00,64908.72,65415.69,64684.71,64857.27,628.89456178
2026-08-10 00:00:00,64857.26,65333.41,63737.02,63911.16,1480.54318461
2026-08-11 00:00:00,63911.15,64447.00,63173.91,63542.82,1378.44718852
2026-08-12 00:00:00,63539.69,64410.61,63240.01,63406.33,1617.70676449
2026-08-13 00:00:00,63406.33,63936.18,62782.77,63418.04,1675.84013733
2026-08-14 00:00:00,63418.05,63552.94,62470.00,62975.97,1244.03485310
2026-08-15 00:00:00,62975.97,63112.96,62863.54,63025.94,318.97333488
2026-08-16 00:00:00,63025.93,63310.16,62652.70,62831.66,534.53133128
2026-08-17 00:00:00,62831.65,64551.30,62689.89,64484.76,2083.29342512
2026-08-18 00:00:00,64488.02,65000.00,63982.23,64686.09,1663.10641737
2026-08-19 00:00:00,64686.09,70033.39,64112.88,69297.78,4829.36084086
2026-08-20 00:00:00,69298.02,73370.15,68858.17,73007.70,4199.95886284
2026-08-21 00:00:00,73000.01,79461.00,73000.01,78325.11,6239.29952159
2026-08-22 00:00:00,78325.29,78800.11,76525.41,77065.64,1540.63267264
2026-08-23 00:00:00,77065.63,78032.60,75568.18,77716.48,1541.98384930
2026-08-24 00:00:00,77723.58,79989.36,76664.18,78986.06,2794.80659801
2026-08-25 00:00:00,78985.15,81255.06,77850.00,78534.93,2638.50124393
2026-08-26 00:00:00,78536.30,79224.40,77626.89,79022.66,1508.94193139
2026-08-27 00:00:00,79022.65,80819.98,78573.39,80278.98,3073.12963145
2026-08-28 00:00:00,80278.99,81454.98,76876.88,77835.18,3147.57326254
2026-08-29 00:00:00,77835.18,78328.63,77345.28,78235.02,809.27102639
2026-08-30 00:00:00,78235.01,79385.99,77023.78,77701.70,1401.20396097
2026-08-31 00:00:00,77659.15,79249.85,77381.47,78571.17,2264.23417349
2026-09-01 00:00:00,78571.18,79184.00,76380.13,77397.43,2851.04332419
2026-09-02 00:00:00,77397.43,77747.28,76228.56,77301.83,1643.47814236
2026-09-03 00:00:00,77294.61,82280.62,76940.96,81265.00,2498.55416454
2026-09-04 00:00:00,81265.00,81426.37,78645.01,79676.60,2226.87926884
2026-09-05 00:00:00,79676.60,80187.04,79464.65,79830.42,552.23014980
2026-09-06 00:00:00,79830.42,80537.40,79218.00,80338.98,746.17053140
2026-09-07 00:00:00,80338.98,80430.96,78685.00,79090.41,1253.60427642
2026-09-08 00:00:00,79090.42,79455.12,77602.59,78449.00,1607.04652470
2026-09-09 00:00:00,78449.01,79741.64,77760.00,78281.65,1787.66218132
2026-09-10 00:00:00,78281.65,78526.26,76452.89,76528.75,1622.87031798
2026-09-11 00:00:00,76528.60,79836.83,76040.02,77212.48,2773.54564116
2026-09-12 00:00:00,77212.48,77480.00,77060.00,77269.22,499.05342596
2026-09-13 00:00:00,77269.21,77417.67,76480.00,76808.69,981.62415399
2026-09-14 00:00:00,76804.19,79579.16,76370.36,78185.01,2451.20669841
2026-09-15 00:00:00,78185.01,78241.56,74913.43,75577.29,2966.54321896
2026-09-16 00:00:00,75577.29,76471.23,74962.49,76138.60,1683.17477769
2026-09-17 00:00:00,76138.60,77083.20,75949.99,76354.94,1420.05650508
